[12:48:07:644] 0 0 0 0 0 0 0 0 0 0 0 0 0 0 0 0 0 0 0 0 0 0 0 0 0 0 0 0 0 0 0 0 0 0 0 0 0 0 0 0 0 0 0 0 0 0 0 0 0 0 0 0 0 0 0 0 0 0 0 0 0 0 0 0 0 0 0 0 0 0 0 0 0 0 0 0 0 0 0 0 0 0 0 0 0 0 0 0 0 0 0 0 0 0 0 0 0 0 0 0 0 0 0 0 0 0 0 0 0 0 0 0 0 0 0 0 0 0 0 0 0 0 0 0 0 0 0 0 0 0 0 0 0 0 0 0 0 0 0 0 0 0 0 0 0 0 0 0 0 0 0 0 0 0 0 0 0 0 0 0 0 0 0 0 0 0 0 0 0 0 0 0 0 0 0 0 0 0 0 0 0 0 0 0 0 0 0 0 0 0 0 0 0 0 0 0 0 0 0 0 0 0 0 0 0 0 0 0 0 0 0 0 0 0 0 0 0 0 0 0 0 0 0 0 0 0 0 0 0 0 0 0 0 0 0 0 0 0 0 0 0 0 0 0 0 0 0 0 0 0 0 0 0 0 0 0 0 0 0 0 0 0 0 0 0 0 0 0 0 0 0 0 0 0 0 0 0 0 0 0 0 0 0 0 0 0 0 0 0 0 0 0 0 0 0 0 0 0 0 0 0 0 0 0 0 0 0 0 0 0 0 0 0 0 0 0 0 0 0 0 0 0 0 0 0 0 0 0 0 0 0 0 0 0 0 0 0 0 0 0 0 0 0 0 0 0 0 0 0 0 0 0 0 0 0 0 0 0 0 0 0 0 0 0 0 0 0 0 0 0 0 0 0 0 0 0 0 0 0 0 0 0 0 0 0 0 0 0 0 70 0 0 0 0 0 0 0 0 0 0 0 0 0 0 0 0 0 0 32 2 664 1067 0 0 0 0 0 0 0 0 0 0 0 0 0 0 0 0 515 939 248 238 25 0 0 0 0 0 0 0 0 0 0 0 0 0 0 60 260 0 606 1633 406 0 0 0 0 0 0 0 0 0 0 0 0 0 0 0 995 1209 198 507 212 0 0 0 0 0 0 0 0 0 0 0 0 0 0 118 52 21 97 355 186 0 0 0 0 0 0 0 0 0 0 0 0 0 0 0 116 238 41 16 291 47 19 0 0 0 0 0 0 0 0 0 0 0 0 18 32 384 338 624 698 0 0 0 0 0 0 0 0 0 0 0 0 0 0 0 687 1211 821 623 327 179 279 0 0 0 0 0 0 0 0 0 0 0 0 62 312 1381 1339 1319 1294 438 0 0 0 0 0 0 0 0 0 0 0 0 0 71 1219 965 1566 1197 1104 65 19 0 0 0 0 0 0 0 0 0 0 0 0 290 1002 1416 1680 1330 1494 910 0 0 0 0 0 0 0 0 0 0 0 0 0 32 1377 1540 1332 1459 1288 697 1 0 0 0 0 0 0 0 0 0 0 0 0 404 953 1684 1485 1276 1302 785 0 0 0 0 0 0 0 0 0 0 0 0 0 57 527 983 1388 1495 1407 1559 205 0 0 0 0 0 0 0 0 0 0 0 0 631 1058 1368 1129 893 722 48 0 0 0 0 0 0 0 0 0 0 0 0 0 0 3 479 558 833 1316 1247 869 0 0 0 0 0 0 0 0 0 0 0 0 622 991 762 545 59 28 0 0 0 0 0 0 0 0 0 0 0 0 0 0 0 0 3 92 869 1092 1325 901 0 0 0 0 0 0 0 0 0 0 0 0 99 315 547 156 5 0 16 0 0 0 0 0 0 0 0 0 0 0 0 0 0 0 0 24 398 681 871 413 0 0 0 0 0 0 0 0 0 0 0 0 0 74 74 72 22 32 0 0 0 0 0 0 0 0 0 0 0 0 0 0 0 0 0 0 267 450 593 0 0 0 0 0 0 0 0 0 0 0 0 0 0 1 77 55 40 0 0 0 0 0 0 0 0 0 0 0 0 0 0 0 0 0 0 0 81 459 283 0 0 0 0 0 0 0 0 0 0 0 0 0 0 0 0 73 68 0 0 0 0 0 0 0 0 0 0 0 0 0 0 0 0 0 0 0 74 158 0 0 0 0 0 0 0 0 0 0 0 0 0 0 0 0 105 56 8 0 0 0 0 0 0 0 0 0 0 0 0 0 0 0 0 0 0 0 36 22 0 0 0 0 0 0 0 0 0 0 0 0 0 0 0 0 0 4 0 0 0 0 0 0 0 0 0 0 0 0 0 0 0 0 0 0 30 32 30 0 0 0 0 0 0 0 0 0 0 0 0 0 0 0 0 0 0 0 0 58 148 24 0 0 0 0 0 0 0 0 0 0 0 0 0 167 361 178 0 0 0 0 0 0 0 0 0 0 0 0 0 0 0 0 0 0 0 0 0 220 1009 728 14 0 0 0 0 0 0 0 0 0 0 0 164 1199 1141 481 0 0 0 0 0 0 0 0 0 0 0 0 0 0 0 0 0 0 0 0 0 586 1616 2024 736 0 0 0 0 0 0 0 0 0 0 0 970 1442 1661 733 0 0 0 0 0 0 0 0 0 0 0 0 0 0 0 0 0 0 0 0 0 578 1903 1896 2008 372 0 0 0 0 0 0 0 0 0 26 1723 1773 1390 1017 0 0 0 0 0 0 0 0 0 0 0 0 0 0 0 0 0 0 0 0 0 479 1933 2614 2370 1165 0 0 0 0 0 0 0 0 0 0 1640 1592 1447 1065 0 0 0 0 0 0 0 0 0 0 0 0 0 0 0 0 0 0 0 0 0 164 1827 2608 2343 1294 0 0 0 0 0 0 0 0 0 0 584 1324 1223 309 0 0 0 0 0 0 0 0 0 0 0 0 0 0 0 0 0 0 0 0 0 0 622 1968 1794 46 0 0 0 0 0 0 0 0 0 0 0 170 138 0 0 0 0 0 0 0 0 0 0 0 0 0 0 0 0 0 0 0 0 0 0 0 0 0 48 0 0 0 0 0 0 0 0 0 0 0 0 0 0 0 0 0 0 0 0 0 0 0 0 0 0 0 0 0 0 0 0 0 0 0 0 0 0 0 0 0 0 0 0 0 0 0 0 0 0 0 0 0 0 0 0 0 0 0 0 0 0 0 0 0 0 0 0 0 0 0 0 0 0 0 0 0 0 0 0 0 0 0 0 0 0 0 0 0 0 0 0 0 0 0 0 0 0 0 0 0 0 0 0 0 0 0 0 0 0 0 0 0 0 0 0 0 0 0 0 0 0 0 0 0 0 0 0 0 0 0 0 0 0 0 0 0 0 0 0 0 0 0 0 0 0 0 0 0 0 0 0 0 0 0 0 0 0 0 0 0 0 0 0 0 0 0 0 0 0 0 0 0 0 0 0 0 0 0 0 0 0 0 0 0 0 0 0 0 0 0 0 0 0 0 0 0 0 0 0 0 0 0 0 0 0 0 0 0 0 0 0 0 0 0 0 0 0 0 0 0 0 0 0 0 0 0 0 0 0 0 0 0 0 0 0 0 0 0 0 0 0 0 0 0 0 0 0 0 0 0 0 0 0 0 0 0 0 0 0 0 0 0 0 0 0 0 0 0 0 0 0 0 0 0 0 0 0 0 0 0 0 0 0 0 0 0 0 0 0 0 0 0 0 0 0 0 0 0 0 0 0 0 0 
[12:48:07:767] 0 0 0 0 0 0 0 0 0 0 0 0 0 0 0 0 0 0 0 0 0 0 0 0 0 0 0 0 0 0 0 0 0 0 0 0 0 0 0 0 0 0 0 0 0 0 0 0 0 0 0 0 0 0 0 0 0 0 0 0 0 0 0 0 0 0 0 0 0 0 0 0 0 0 0 0 0 0 0 0 0 0 0 0 0 0 0 0 0 0 0 0 0 0 0 0 0 0 0 0 0 0 0 0 0 0 0 0 0 0 0 0 0 0 0 0 0 0 0 0 0 0 0 0 0 0 0 0 0 0 0 0 0 0 0 0 0 0 0 0 0 0 0 0 0 0 0 0 0 0 0 0 0 0 0 0 0 0 0 0 0 0 0 0 0 0 0 0 0 0 0 0 0 0 0 0 0 0 0 0 0 0 0 0 0 0 0 0 0 0 0 0 0 0 0 0 0 0 0 0 0 0 0 0 0 0 0 0 0 0 0 0 0 0 0 0 0 0 0 0 0 0 0 0 0 0 0 0 0 0 0 0 0 0 0 0 0 0 0 0 0 0 0 0 0 0 0 0 0 0 0 0 0 0 0 0 0 0 0 0 0 0 0 0 0 0 0 0 0 0 0 0 0 0 0 0 0 0 0 0 0 0 0 0 0 0 0 0 0 0 0 0 0 0 0 0 0 0 0 0 0 0 0 0 0 0 0 0 0 0 0 0 0 0 0 0 0 0 0 0 0 0 0 0 0 0 0 0 0 0 0 0 0 0 0 0 0 0 0 0 0 0 0 0 0 0 0 0 0 0 0 0 0 0 0 0 0 0 0 0 0 0 0 0 0 0 0 0 0 0 0 0 0 0 0 0 0 0 0 0 0 0 0 0 0 0 0 0 0 70 0 0 0 0 0 0 0 0 0 0 0 0 0 0 0 0 0 0 32 2 664 1067 0 0 0 0 0 0 0 0 0 0 0 0 0 0 0 0 515 939 248 238 25 0 0 0 0 0 0 0 0 0 0 0 0 0 0 60 260 0 606 1633 406 0 0 0 0 0 0 0 0 0 0 0 0 0 0 0 995 1209 198 507 212 0 0 0 0 0 0 0 0 0 0 0 0 0 0 118 52 21 97 355 186 0 0 0 0 0 0 0 0 0 0 0 0 0 0 0 116 238 41 16 291 47 19 0 0 0 0 0 0 0 0 0 0 0 0 18 32 384 338 624 698 0 0 0 0 0 0 0 0 0 0 0 0 0 0 0 687 1211 821 623 327 179 279 0 0 0 0 0 0 0 0 0 0 0 0 62 312 1381 1339 1319 1294 438 0 0 0 0 0 0 0 0 0 0 0 0 0 71 1219 965 1566 1197 1104 65 19 0 0 0 0 0 0 0 0 0 0 0 0 290 1002 1416 1680 1330 1494 910 0 0 0 0 0 0 0 0 0 0 0 0 0 32 1377 1540 1332 1459 1288 697 1 0 0 0 0 0 0 0 0 0 0 0 0 404 953 1684 1485 1276 1302 785 0 0 0 0 0 0 0 0 0 0 0 0 0 57 527 983 1388 1495 1407 1559 205 0 0 0 0 0 0 0 0 0 0 0 0 631 1058 1368 1129 893 722 48 0 0 0 0 0 0 0 0 0 0 0 0 0 0 3 479 558 833 1316 1247 869 0 0 0 0 0 0 0 0 0 0 0 0 622 991 762 545 59 28 0 0 0 0 0 0 0 0 0 0 0 0 0 0 0 0 3 92 869 1092 1325 901 0 0 0 0 0 0 0 0 0 0 0 0 99 315 547 156 5 0 16 0 0 0 0 0 0 0 0 0 0 0 0 0 0 0 0 24 398 681 871 413 0 0 0 0 0 0 0 0 0 0 0 0 0 74 74 72 22 32 0 0 0 0 0 0 0 0 0 0 0 0 0 0 0 0 0 0 267 450 593 0 0 0 0 0 0 0 0 0 0 0 0 0 0 1 77 55 40 0 0 0 0 0 0 0 0 0 0 0 0 0 0 0 0 0 0 0 81 459 283 0 0 0 0 0 0 0 0 0 0 0 0 0 0 0 0 73 68 0 0 0 0 0 0 0 0 0 0 0 0 0 0 0 0 0 0 0 74 158 0 0 0 0 0 0 0 0 0 0 0 0 0 0 0 0 105 56 8 0 0 0 0 0 0 0 0 0 0 0 0 0 0 0 0 0 0 0 36 22 0 0 0 0 0 0 0 0 0 0 0 0 0 0 0 0 0 4 0 0 0 0 0 0 0 0 0 0 0 0 0 0 0 0 0 0 30 32 30 0 0 0 0 0 0 0 0 0 0 0 0 0 0 0 0 0 0 0 0 58 148 24 0 0 0 0 0 0 0 0 0 0 0 0 0 167 361 178 0 0 0 0 0 0 0 0 0 0 0 0 0 0 0 0 0 0 0 0 0 220 1009 728 14 0 0 0 0 0 0 0 0 0 0 0 164 1199 1141 481 0 0 0 0 0 0 0 0 0 0 0 0 0 0 0 0 0 0 0 0 0 586 1616 2024 736 0 0 0 0 0 0 0 0 0 0 0 970 1442 1661 733 0 0 0 0 0 0 0 0 0 0 0 0 0 0 0 0 0 0 0 0 0 578 1903 1896 2008 372 0 0 0 0 0 0 0 0 0 26 1723 1773 1390 1017 0 0 0 0 0 0 0 0 0 0 0 0 0 0 0 0 0 0 0 0 0 479 1933 2614 2370 1165 0 0 0 0 0 0 0 0 0 0 1640 1592 1447 1065 0 0 0 0 0 0 0 0 0 0 0 0 0 0 0 0 0 0 0 0 0 164 1827 2608 2343 1294 0 0 0 0 0 0 0 0 0 0 584 1324 1223 309 0 0 0 0 0 0 0 0 0 0 0 0 0 0 0 0 0 0 0 0 0 0 622 1968 1794 46 0 0 0 0 0 0 0 0 0 0 0 170 138 0 0 0 0 0 0 0 0 0 0 0 0 0 0 0 0 0 0 0 0 0 0 0 0 0 48 0 0 0 0 0 0 0 0 0 0 0 0 0 0 0 0 0 0 0 0 0 0 0 0 0 0 0 0 0 0 0 0 0 0 0 0 0 0 0 0 0 0 0 0 0 0 0 0 0 0 0 0 0 0 0 0 0 0 0 0 0 0 0 0 0 0 0 0 0 0 0 0 0 0 0 0 0 0 0 0 0 0 0 0 0 0 0 0 0 0 0 0 0 0 0 0 0 0 0 0 0 0 0 0 0 0 0 0 0 0 0 0 0 0 0 0 0 0 0 0 0 0 0 0 0 0 0 0 0 0 0 0 0 0 0 0 0 0 0 0 0 0 0 0 0 0 0 0 0 0 0 0 0 0 0 0 0 0 0 0 0 0 0 0 0 0 0 0 0 0 0 0 0 0 0 0 0 0 0 0 0 0 0 0 0 0 0 0 0 0 0 0 0 0 0 0 0 0 0 0 0 0 0 0 0 0 0 0 0 0 0 0 0 0 0 0 0 0 0 0 0 0 0 0 0 0 0 0 0 0 0 0 0 0 0 0 0 0 0 0 0 0 0 0 0 0 0 0 0 0 0 0 0 0 0 0 0 0 0 0 0 0 0 0 0 0 0 0 0 0 0 0 0 0 0 0 0 0 0 0 0 0 0 0 0 0 0 0 0 0 0 0 0 0 0 0 0 0 0 0 0 0 0 0 
[12:48:07:893] 0 0 0 0 0 0 0 0 0 0 0 0 0 0 0 0 0 0 0 0 0 0 0 0 0 0 0 0 0 0 0 0 0 0 0 0 0 0 0 0 0 0 0 0 0 0 0 0 0 0 0 0 0 0 0 0 0 0 0 0 0 0 0 0 0 0 0 0 0 0 0 0 0 0 0 0 0 0 0 0 0 0 0 0 0 0 0 0 0 0 0 0 0 0 0 0 0 0 0 0 0 0 0 0 0 0 0 0 0 0 0 0 0 0 0 0 0 0 0 0 0 0 0 0 0 0 0 0 0 0 0 0 0 0 0 0 0 0 0 0 0 0 0 0 0 0 0 0 0 0 0 0 0 0 0 0 0 0 0 0 0 0 0 0 0 0 0 0 0 0 0 0 0 0 0 0 0 0 0 0 0 0 0 0 0 0 0 0 0 0 0 0 0 0 0 0 0 0 0 0 0 0 0 0 0 0 0 0 0 0 0 0 0 0 0 0 0 0 0 0 0 0 0 0 0 0 0 0 0 0 0 0 0 0 0 0 0 0 0 0 0 0 0 0 0 0 0 0 0 0 0 0 0 0 0 0 0 0 0 0 0 0 0 0 0 0 0 0 0 0 0 0 0 0 0 0 0 0 0 0 0 0 0 0 0 0 0 0 0 0 0 0 0 0 0 0 0 0 0 0 0 0 0 0 0 0 0 0 0 0 0 0 0 0 0 0 0 0 0 0 0 0 0 0 0 0 0 0 0 0 0 0 0 0 0 0 0 0 0 0 0 0 0 0 0 0 0 0 0 0 0 0 0 0 0 0 0 0 0 0 0 0 0 0 0 0 0 0 0 0 0 0 0 0 0 0 0 0 0 0 0 0 0 0 0 0 0 0 0 70 0 0 0 0 0 0 0 0 0 0 0 0 0 0 0 0 0 0 32 2 664 1067 0 0 0 0 0 0 0 0 0 0 0 0 0 0 0 0 515 939 248 238 25 0 0 0 0 0 0 0 0 0 0 0 0 0 0 60 260 0 606 1633 406 0 0 0 0 0 0 0 0 0 0 0 0 0 0 0 995 1209 198 507 212 0 0 0 0 0 0 0 0 0 0 0 0 0 0 118 52 21 97 355 186 0 0 0 0 0 0 0 0 0 0 0 0 0 0 0 116 238 41 16 291 47 19 0 0 0 0 0 0 0 0 0 0 0 0 18 32 384 338 624 698 0 0 0 0 0 0 0 0 0 0 0 0 0 0 0 687 1211 821 623 327 179 279 0 0 0 0 0 0 0 0 0 0 0 0 62 312 1381 1339 1319 1294 438 0 0 0 0 0 0 0 0 0 0 0 0 0 71 1219 965 1566 1197 1104 65 19 0 0 0 0 0 0 0 0 0 0 0 0 290 1002 1416 1680 1330 1494 910 0 0 0 0 0 0 0 0 0 0 0 0 0 32 1377 1540 1332 1459 1288 697 1 0 0 0 0 0 0 0 0 0 0 0 0 404 953 1684 1485 1276 1302 785 0 0 0 0 0 0 0 0 0 0 0 0 0 57 527 983 1388 1495 1407 1559 205 0 0 0 0 0 0 0 0 0 0 0 0 631 1058 1368 1129 893 722 48 0 0 0 0 0 0 0 0 0 0 0 0 0 0 3 479 558 833 1316 1247 869 0 0 0 0 0 0 0 0 0 0 0 0 622 991 762 545 59 28 0 0 0 0 0 0 0 0 0 0 0 0 0 0 0 0 3 92 869 1092 1325 901 0 0 0 0 0 0 0 0 0 0 0 0 99 315 547 156 5 0 16 0 0 0 0 0 0 0 0 0 0 0 0 0 0 0 0 24 398 681 871 413 0 0 0 0 0 0 0 0 0 0 0 0 0 74 74 72 22 32 0 0 0 0 0 0 0 0 0 0 0 0 0 0 0 0 0 0 267 450 593 0 0 0 0 0 0 0 0 0 0 0 0 0 0 1 77 55 40 0 0 0 0 0 0 0 0 0 0 0 0 0 0 0 0 0 0 0 81 459 283 0 0 0 0 0 0 0 0 0 0 0 0 0 0 0 0 73 68 0 0 0 0 0 0 0 0 0 0 0 0 0 0 0 0 0 0 0 74 158 0 0 0 0 0 0 0 0 0 0 0 0 0 0 0 0 105 56 8 0 0 0 0 0 0 0 0 0 0 0 0 0 0 0 0 0 0 0 36 22 0 0 0 0 0 0 0 0 0 0 0 0 0 0 0 0 0 4 0 0 0 0 0 0 0 0 0 0 0 0 0 0 0 0 0 0 30 32 30 0 0 0 0 0 0 0 0 0 0 0 0 0 0 0 0 0 0 0 0 58 148 24 0 0 0 0 0 0 0 0 0 0 0 0 0 167 361 178 0 0 0 0 0 0 0 0 0 0 0 0 0 0 0 0 0 0 0 0 0 220 1009 728 14 0 0 0 0 0 0 0 0 0 0 0 164 1199 1141 481 0 0 0 0 0 0 0 0 0 0 0 0 0 0 0 0 0 0 0 0 0 586 1616 2024 736 0 0 0 0 0 0 0 0 0 0 0 970 1442 1661 733 0 0 0 0 0 0 0 0 0 0 0 0 0 0 0 0 0 0 0 0 0 578 1903 1896 2008 372 0 0 0 0 0 0 0 0 0 26 1723 1773 1390 1017 0 0 0 0 0 0 0 0 0 0 0 0 0 0 0 0 0 0 0 0 0 479 1933 2614 2370 1165 0 0 0 0 0 0 0 0 0 0 1640 1592 1447 1065 0 0 0 0 0 0 0 0 0 0 0 0 0 0 0 0 0 0 0 0 0 164 1827 2608 2343 1294 0 0 0 0 0 0 0 0 0 0 584 1324 1223 309 0 0 0 0 0 0 0 0 0 0 0 0 0 0 0 0 0 0 0 0 0 0 622 1968 1794 46 0 0 0 0 0 0 0 0 0 0 0 170 138 0 0 0 0 0 0 0 0 0 0 0 0 0 0 0 0 0 0 0 0 0 0 0 0 0 48 0 0 0 0 0 0 0 0 0 0 0 0 0 0 0 0 0 0 0 0 0 0 0 0 0 0 0 0 0 0 0 0 0 0 0 0 0 0 0 0 0 0 0 0 0 0 0 0 0 0 0 0 0 0 0 0 0 0 0 0 0 0 0 0 0 0 0 0 0 0 0 0 0 0 0 0 0 0 0 0 0 0 0 0 0 0 0 0 0 0 0 0 0 0 0 0 0 0 0 0 0 0 0 0 0 0 0 0 0 0 0 0 0 0 0 0 0 0 0 0 0 0 0 0 0 0 0 0 0 0 0 0 0 0 0 0 0 0 0 0 0 0 0 0 0 0 0 0 0 0 0 0 0 0 0 0 0 0 0 0 0 0 0 0 0 0 0 0 0 0 0 0 0 0 0 0 0 0 0 0 0 0 0 0 0 0 0 0 0 0 0 0 0 0 0 0 0 0 0 0 0 0 0 0 0 0 0 0 0 0 0 0 0 0 0 0 0 0 0 0 0 0 0 0 0 0 0 0 0 0 0 0 0 0 0 0 0 0 0 0 0 0 0 0 0 0 0 0 0 0 0 0 0 0 0 0 0 0 0 0 0 0 0 0 0 0 0 0 0 0 0 0 0 0 0 0 0 0 0 0 0 0 0 0 0 0 0 0 0 0 0 0 0 0 0 0 0 0 0 0 0 0 0 0 
[12:48:08:020] 0 0 0 0 0 0 0 0 0 0 0 0 0 0 0 0 0 0 0 0 0 0 0 0 0 0 0 0 0 0 0 0 0 0 0 0 0 0 0 0 0 0 0 0 0 0 0 0 0 0 0 0 0 0 0 0 0 0 0 0 0 0 0 0 0 0 0 0 0 0 0 0 0 0 0 0 0 0 0 0 0 0 0 0 0 0 0 0 0 0 0 0 0 0 0 0 0 0 0 0 0 0 0 0 0 0 0 0 0 0 0 0 0 0 0 0 0 0 0 0 0 0 0 0 0 0 0 0 0 0 0 0 0 0 0 0 0 0 0 0 0 0 0 0 0 0 0 0 0 0 0 0 0 0 0 0 0 0 0 0 0 0 0 0 0 0 0 0 0 0 0 0 0 0 0 0 0 0 0 0 0 0 0 0 0 0 0 0 0 0 0 0 0 0 0 0 0 0 0 0 0 0 0 0 0 0 0 0 0 0 0 0 0 0 0 0 0 0 0 0 0 0 0 0 0 0 0 0 0 0 0 0 0 0 0 0 0 0 0 0 0 0 0 0 0 0 0 0 0 0 0 0 0 0 0 0 0 0 0 0 0 0 0 0 0 0 0 0 0 0 0 0 0 0 0 0 0 0 0 0 0 0 0 0 0 0 0 0 0 0 0 0 0 0 0 0 0 0 0 0 0 0 0 0 0 0 0 0 0 0 0 0 0 0 0 0 0 0 0 0 0 0 0 0 0 0 0 0 0 0 0 0 0 0 0 0 0 0 0 0 0 0 0 0 0 0 0 0 0 0 0 0 0 0 0 0 0 0 0 0 0 0 0 0 0 0 0 0 0 0 0 0 0 0 0 0 0 0 0 0 0 0 0 0 0 0 0 0 0 70 0 0 0 0 0 0 0 0 0 0 0 0 0 0 0 0 0 0 32 2 664 1067 0 0 0 0 0 0 0 0 0 0 0 0 0 0 0 0 515 939 248 238 25 0 0 0 0 0 0 0 0 0 0 0 0 0 0 60 260 0 606 1633 406 0 0 0 0 0 0 0 0 0 0 0 0 0 0 0 995 1209 198 507 212 0 0 0 0 0 0 0 0 0 0 0 0 0 0 118 52 21 97 355 186 0 0 0 0 0 0 0 0 0 0 0 0 0 0 0 116 238 41 16 291 47 19 0 0 0 0 0 0 0 0 0 0 0 0 18 32 384 338 624 698 0 0 0 0 0 0 0 0 0 0 0 0 0 0 0 687 1211 821 623 327 179 279 0 0 0 0 0 0 0 0 0 0 0 0 62 312 1381 1339 1319 1294 438 0 0 0 0 0 0 0 0 0 0 0 0 0 71 1219 965 1566 1197 1104 65 19 0 0 0 0 0 0 0 0 0 0 0 0 290 1002 1416 1680 1330 1494 910 0 0 0 0 0 0 0 0 0 0 0 0 0 32 1377 1540 1332 1459 1288 697 1 0 0 0 0 0 0 0 0 0 0 0 0 404 953 1684 1485 1276 1302 785 0 0 0 0 0 0 0 0 0 0 0 0 0 57 527 983 1388 1495 1407 1559 205 0 0 0 0 0 0 0 0 0 0 0 0 631 1058 1368 1129 893 722 48 0 0 0 0 0 0 0 0 0 0 0 0 0 0 3 479 558 833 1316 1247 869 0 0 0 0 0 0 0 0 0 0 0 0 622 991 762 545 59 28 0 0 0 0 0 0 0 0 0 0 0 0 0 0 0 0 3 92 869 1092 1325 901 0 0 0 0 0 0 0 0 0 0 0 0 99 315 547 156 5 0 16 0 0 0 0 0 0 0 0 0 0 0 0 0 0 0 0 24 398 681 871 413 0 0 0 0 0 0 0 0 0 0 0 0 0 74 74 72 22 32 0 0 0 0 0 0 0 0 0 0 0 0 0 0 0 0 0 0 267 450 593 0 0 0 0 0 0 0 0 0 0 0 0 0 0 1 77 55 40 0 0 0 0 0 0 0 0 0 0 0 0 0 0 0 0 0 0 0 81 459 283 0 0 0 0 0 0 0 0 0 0 0 0 0 0 0 0 73 68 0 0 0 0 0 0 0 0 0 0 0 0 0 0 0 0 0 0 0 74 158 0 0 0 0 0 0 0 0 0 0 0 0 0 0 0 0 105 56 8 0 0 0 0 0 0 0 0 0 0 0 0 0 0 0 0 0 0 0 36 22 0 0 0 0 0 0 0 0 0 0 0 0 0 0 0 0 0 4 0 0 0 0 0 0 0 0 0 0 0 0 0 0 0 0 0 0 30 32 30 0 0 0 0 0 0 0 0 0 0 0 0 0 0 0 0 0 0 0 0 58 148 24 0 0 0 0 0 0 0 0 0 0 0 0 0 167 361 178 0 0 0 0 0 0 0 0 0 0 0 0 0 0 0 0 0 0 0 0 0 220 1009 728 14 0 0 0 0 0 0 0 0 0 0 0 164 1199 1141 481 0 0 0 0 0 0 0 0 0 0 0 0 0 0 0 0 0 0 0 0 0 586 1616 2024 736 0 0 0 0 0 0 0 0 0 0 0 970 1442 1661 733 0 0 0 0 0 0 0 0 0 0 0 0 0 0 0 0 0 0 0 0 0 578 1903 1896 2008 372 0 0 0 0 0 0 0 0 0 26 1723 1773 1390 1017 0 0 0 0 0 0 0 0 0 0 0 0 0 0 0 0 0 0 0 0 0 479 1933 2614 2370 1165 0 0 0 0 0 0 0 0 0 0 1640 1592 1447 1065 0 0 0 0 0 0 0 0 0 0 0 0 0 0 0 0 0 0 0 0 0 164 1827 2608 2343 1294 0 0 0 0 0 0 0 0 0 0 584 1324 1223 309 0 0 0 0 0 0 0 0 0 0 0 0 0 0 0 0 0 0 0 0 0 0 622 1968 1794 46 0 0 0 0 0 0 0 0 0 0 0 170 138 0 0 0 0 0 0 0 0 0 0 0 0 0 0 0 0 0 0 0 0 0 0 0 0 0 48 0 0 0 0 0 0 0 0 0 0 0 0 0 0 0 0 0 0 0 0 0 0 0 0 0 0 0 0 0 0 0 0 0 0 0 0 0 0 0 0 0 0 0 0 0 0 0 0 0 0 0 0 0 0 0 0 0 0 0 0 0 0 0 0 0 0 0 0 0 0 0 0 0 0 0 0 0 0 0 0 0 0 0 0 0 0 0 0 0 0 0 0 0 0 0 0 0 0 0 0 0 0 0 0 0 0 0 0 0 0 0 0 0 0 0 0 0 0 0 0 0 0 0 0 0 0 0 0 0 0 0 0 0 0 0 0 0 0 0 0 0 0 0 0 0 0 0 0 0 0 0 0 0 0 0 0 0 0 0 0 0 0 0 0 0 0 0 0 0 0 0 0 0 0 0 0 0 0 0 0 0 0 0 0 0 0 0 0 0 0 0 0 0 0 0 0 0 0 0 0 0 0 0 0 0 0 0 0 0 0 0 0 0 0 0 0 0 0 0 0 0 0 0 0 0 0 0 0 0 0 0 0 0 0 0 0 0 0 0 0 0 0 0 0 0 0 0 0 0 0 0 0 0 0 0 0 0 0 0 0 0 0 0 0 0 0 0 0 0 0 0 0 0 0 0 0 0 0 0 0 0 0 0 0 0 0 0 0 0 0 0 0 0 0 0 0 0 0 0 0 0 0 0 0 
[12:48:08:144] 0 0 0 0 0 0 0 0 0 0 0 0 0 0 0 0 0 0 0 0 0 0 0 0 0 0 0 0 0 0 0 0 0 0 0 0 0 0 0 0 0 0 0 0 0 0 0 0 0 0 0 0 0 0 0 0 0 0 0 0 0 0 0 0 0 0 0 0 0 0 0 0 0 0 0 0 0 0 0 0 0 0 0 0 0 0 0 0 0 0 0 0 0 0 0 0 0 0 0 0 0 0 0 0 0 0 0 0 0 0 0 0 0 0 0 0 0 0 0 0 0 0 0 0 0 0 0 0 0 0 0 0 0 0 0 0 0 0 0 0 0 0 0 0 0 0 0 0 0 0 0 0 0 0 0 0 0 0 0 0 0 0 0 0 0 0 0 0 0 0 0 0 0 0 0 0 0 0 0 0 0 0 0 0 0 0 0 0 0 0 0 0 0 0 0 0 0 0 0 0 0 0 0 0 0 0 0 0 0 0 0 0 0 0 0 0 0 0 0 0 0 0 0 0 0 0 0 0 0 0 0 0 0 0 0 0 0 0 0 0 0 0 0 0 0 0 0 0 0 0 0 0 0 0 0 0 0 0 0 0 0 0 0 0 0 0 0 0 0 0 0 0 0 0 0 0 0 0 0 0 0 0 0 0 0 0 0 0 0 0 0 0 0 0 0 0 0 0 0 0 0 0 0 0 0 0 0 0 0 0 0 0 0 0 0 0 0 0 0 0 0 0 0 0 0 0 0 0 0 0 0 0 0 0 0 0 0 0 0 0 0 0 0 0 0 0 0 0 0 0 0 0 0 0 0 0 0 0 0 0 0 0 0 0 0 0 0 0 0 0 0 0 0 0 0 0 0 0 0 0 0 0 0 0 0 0 0 0 0 70 0 0 0 0 0 0 0 0 0 0 0 0 0 0 0 0 0 0 32 2 664 1067 0 0 0 0 0 0 0 0 0 0 0 0 0 0 0 0 515 939 248 238 25 0 0 0 0 0 0 0 0 0 0 0 0 0 0 60 260 0 606 1633 406 0 0 0 0 0 0 0 0 0 0 0 0 0 0 0 995 1209 198 507 212 0 0 0 0 0 0 0 0 0 0 0 0 0 0 118 52 21 97 355 186 0 0 0 0 0 0 0 0 0 0 0 0 0 0 0 116 238 41 16 291 47 19 0 0 0 0 0 0 0 0 0 0 0 0 18 32 384 338 624 698 0 0 0 0 0 0 0 0 0 0 0 0 0 0 0 687 1211 821 623 327 179 279 0 0 0 0 0 0 0 0 0 0 0 0 62 312 1381 1339 1319 1294 438 0 0 0 0 0 0 0 0 0 0 0 0 0 71 1219 965 1566 1197 1104 65 19 0 0 0 0 0 0 0 0 0 0 0 0 290 1002 1416 1680 1330 1494 910 0 0 0 0 0 0 0 0 0 0 0 0 0 32 1377 1540 1332 1459 1288 697 1 0 0 0 0 0 0 0 0 0 0 0 0 404 953 1684 1485 1276 1302 785 0 0 0 0 0 0 0 0 0 0 0 0 0 57 527 983 1388 1495 1407 1559 205 0 0 0 0 0 0 0 0 0 0 0 0 631 1058 1368 1129 893 722 48 0 0 0 0 0 0 0 0 0 0 0 0 0 0 3 479 558 833 1316 1247 869 0 0 0 0 0 0 0 0 0 0 0 0 622 991 762 545 59 28 0 0 0 0 0 0 0 0 0 0 0 0 0 0 0 0 3 92 869 1092 1325 901 0 0 0 0 0 0 0 0 0 0 0 0 99 315 547 156 5 0 16 0 0 0 0 0 0 0 0 0 0 0 0 0 0 0 0 24 398 681 871 413 0 0 0 0 0 0 0 0 0 0 0 0 0 74 74 72 22 32 0 0 0 0 0 0 0 0 0 0 0 0 0 0 0 0 0 0 267 450 593 0 0 0 0 0 0 0 0 0 0 0 0 0 0 1 77 55 40 0 0 0 0 0 0 0 0 0 0 0 0 0 0 0 0 0 0 0 81 459 283 0 0 0 0 0 0 0 0 0 0 0 0 0 0 0 0 73 68 0 0 0 0 0 0 0 0 0 0 0 0 0 0 0 0 0 0 0 74 158 0 0 0 0 0 0 0 0 0 0 0 0 0 0 0 0 105 56 8 0 0 0 0 0 0 0 0 0 0 0 0 0 0 0 0 0 0 0 36 22 0 0 0 0 0 0 0 0 0 0 0 0 0 0 0 0 0 4 0 0 0 0 0 0 0 0 0 0 0 0 0 0 0 0 0 0 30 32 30 0 0 0 0 0 0 0 0 0 0 0 0 0 0 0 0 0 0 0 0 58 148 24 0 0 0 0 0 0 0 0 0 0 0 0 0 167 361 178 0 0 0 0 0 0 0 0 0 0 0 0 0 0 0 0 0 0 0 0 0 220 1009 728 14 0 0 0 0 0 0 0 0 0 0 0 164 1199 1141 481 0 0 0 0 0 0 0 0 0 0 0 0 0 0 0 0 0 0 0 0 0 586 1616 2024 736 0 0 0 0 0 0 0 0 0 0 0 970 1442 1661 733 0 0 0 0 0 0 0 0 0 0 0 0 0 0 0 0 0 0 0 0 0 578 1903 1896 2008 372 0 0 0 0 0 0 0 0 0 26 1723 1773 1390 1017 0 0 0 0 0 0 0 0 0 0 0 0 0 0 0 0 0 0 0 0 0 479 1933 2614 2370 1165 0 0 0 0 0 0 0 0 0 0 1640 1592 1447 1065 0 0 0 0 0 0 0 0 0 0 0 0 0 0 0 0 0 0 0 0 0 164 1827 2608 2343 1294 0 0 0 0 0 0 0 0 0 0 584 1324 1223 309 0 0 0 0 0 0 0 0 0 0 0 0 0 0 0 0 0 0 0 0 0 0 622 1968 1794 46 0 0 0 0 0 0 0 0 0 0 0 170 138 0 0 0 0 0 0 0 0 0 0 0 0 0 0 0 0 0 0 0 0 0 0 0 0 0 48 0 0 0 0 0 0 0 0 0 0 0 0 0 0 0 0 0 0 0 0 0 0 0 0 0 0 0 0 0 0 0 0 0 0 0 0 0 0 0 0 0 0 0 0 0 0 0 0 0 0 0 0 0 0 0 0 0 0 0 0 0 0 0 0 0 0 0 0 0 0 0 0 0 0 0 0 0 0 0 0 0 0 0 0 0 0 0 0 0 0 0 0 0 0 0 0 0 0 0 0 0 0 0 0 0 0 0 0 0 0 0 0 0 0 0 0 0 0 0 0 0 0 0 0 0 0 0 0 0 0 0 0 0 0 0 0 0 0 0 0 0 0 0 0 0 0 0 0 0 0 0 0 0 0 0 0 0 0 0 0 0 0 0 0 0 0 0 0 0 0 0 0 0 0 0 0 0 0 0 0 0 0 0 0 0 0 0 0 0 0 0 0 0 0 0 0 0 0 0 0 0 0 0 0 0 0 0 0 0 0 0 0 0 0 0 0 0 0 0 0 0 0 0 0 0 0 0 0 0 0 0 0 0 0 0 0 0 0 0 0 0 0 0 0 0 0 0 0 0 0 0 0 0 0 0 0 0 0 0 0 0 0 0 0 0 0 0 0 0 0 0 0 0 0 0 0 0 0 0 0 0 0 0 0 0 0 0 0 0 0 0 0 0 0 0 0 0 0 0 0 0 0 0 0 
[12:48:08:268] 0 0 0 0 0 0 0 0 0 0 0 0 0 0 0 0 0 0 0 0 0 0 0 0 0 0 0 0 0 0 0 0 0 0 0 0 0 0 0 0 0 0 0 0 0 0 0 0 0 0 0 0 0 0 0 0 0 0 0 0 0 0 0 0 0 0 0 0 0 0 0 0 0 0 0 0 0 0 0 0 0 0 0 0 0 0 0 0 0 0 0 0 0 0 0 0 0 0 0 0 0 0 0 0 0 0 0 0 0 0 0 0 0 0 0 0 0 0 0 0 0 0 0 0 0 0 0 0 0 0 0 0 0 0 0 0 0 0 0 0 0 0 0 0 0 0 0 0 0 0 0 0 0 0 0 0 0 0 0 0 0 0 0 0 0 0 0 0 0 0 0 0 0 0 0 0 0 0 0 0 0 0 0 0 0 0 0 0 0 0 0 0 0 0 0 0 0 0 0 0 0 0 0 0 0 0 0 0 0 0 0 0 0 0 0 0 0 0 0 0 0 0 0 0 0 0 0 0 0 0 0 0 0 0 0 0 0 0 0 0 0 0 0 0 0 0 0 0 0 0 0 0 0 0 0 0 0 0 0 0 0 0 0 0 0 0 0 0 0 0 0 0 0 0 0 0 0 0 0 0 0 0 0 0 0 0 0 0 0 0 0 0 0 0 0 0 0 0 0 0 0 0 0 0 0 0 0 0 0 0 0 0 0 0 0 0 0 0 0 0 0 0 0 0 0 0 0 0 0 0 0 0 0 0 0 0 0 0 0 0 0 0 0 0 0 0 0 0 0 0 0 0 0 0 0 0 0 0 0 0 0 0 0 0 0 0 0 0 0 0 0 0 0 0 0 0 0 0 0 0 0 0 0 0 0 0 0 0 0 70 0 0 0 0 0 0 0 0 0 0 0 0 0 0 0 0 0 0 32 2 664 1067 0 0 0 0 0 0 0 0 0 0 0 0 0 0 0 0 515 939 248 238 25 0 0 0 0 0 0 0 0 0 0 0 0 0 0 60 260 0 606 1633 406 0 0 0 0 0 0 0 0 0 0 0 0 0 0 0 995 1209 198 507 212 0 0 0 0 0 0 0 0 0 0 0 0 0 0 118 52 21 97 355 186 0 0 0 0 0 0 0 0 0 0 0 0 0 0 0 116 238 41 16 291 47 19 0 0 0 0 0 0 0 0 0 0 0 0 18 32 384 338 624 698 0 0 0 0 0 0 0 0 0 0 0 0 0 0 0 687 1211 821 623 327 179 279 0 0 0 0 0 0 0 0 0 0 0 0 62 312 1381 1339 1319 1294 438 0 0 0 0 0 0 0 0 0 0 0 0 0 71 1219 965 1566 1197 1104 65 19 0 0 0 0 0 0 0 0 0 0 0 0 290 1002 1416 1680 1330 1494 910 0 0 0 0 0 0 0 0 0 0 0 0 0 32 1377 1540 1332 1459 1288 697 1 0 0 0 0 0 0 0 0 0 0 0 0 404 953 1684 1485 1276 1302 785 0 0 0 0 0 0 0 0 0 0 0 0 0 57 527 983 1388 1495 1407 1559 205 0 0 0 0 0 0 0 0 0 0 0 0 631 1058 1368 1129 893 722 48 0 0 0 0 0 0 0 0 0 0 0 0 0 0 3 479 558 833 1316 1247 869 0 0 0 0 0 0 0 0 0 0 0 0 622 991 762 545 59 28 0 0 0 0 0 0 0 0 0 0 0 0 0 0 0 0 3 92 869 1092 1325 901 0 0 0 0 0 0 0 0 0 0 0 0 99 315 547 156 5 0 16 0 0 0 0 0 0 0 0 0 0 0 0 0 0 0 0 24 398 681 871 413 0 0 0 0 0 0 0 0 0 0 0 0 0 74 74 72 22 32 0 0 0 0 0 0 0 0 0 0 0 0 0 0 0 0 0 0 267 450 593 0 0 0 0 0 0 0 0 0 0 0 0 0 0 1 77 55 40 0 0 0 0 0 0 0 0 0 0 0 0 0 0 0 0 0 0 0 81 459 283 0 0 0 0 0 0 0 0 0 0 0 0 0 0 0 0 73 68 0 0 0 0 0 0 0 0 0 0 0 0 0 0 0 0 0 0 0 74 158 0 0 0 0 0 0 0 0 0 0 0 0 0 0 0 0 105 56 8 0 0 0 0 0 0 0 0 0 0 0 0 0 0 0 0 0 0 0 36 22 0 0 0 0 0 0 0 0 0 0 0 0 0 0 0 0 0 4 0 0 0 0 0 0 0 0 0 0 0 0 0 0 0 0 0 0 30 32 30 0 0 0 0 0 0 0 0 0 0 0 0 0 0 0 0 0 0 0 0 58 148 24 0 0 0 0 0 0 0 0 0 0 0 0 0 167 361 178 0 0 0 0 0 0 0 0 0 0 0 0 0 0 0 0 0 0 0 0 0 220 1009 728 14 0 0 0 0 0 0 0 0 0 0 0 164 1199 1141 481 0 0 0 0 0 0 0 0 0 0 0 0 0 0 0 0 0 0 0 0 0 586 1616 2024 736 0 0 0 0 0 0 0 0 0 0 0 970 1442 1661 733 0 0 0 0 0 0 0 0 0 0 0 0 0 0 0 0 0 0 0 0 0 578 1903 1896 2008 372 0 0 0 0 0 0 0 0 0 26 1723 1773 1390 1017 0 0 0 0 0 0 0 0 0 0 0 0 0 0 0 0 0 0 0 0 0 479 1933 2614 2370 1165 0 0 0 0 0 0 0 0 0 0 1640 1592 1447 1065 0 0 0 0 0 0 0 0 0 0 0 0 0 0 0 0 0 0 0 0 0 164 1827 2608 2343 1294 0 0 0 0 0 0 0 0 0 0 584 1324 1223 309 0 0 0 0 0 0 0 0 0 0 0 0 0 0 0 0 0 0 0 0 0 0 622 1968 1794 46 0 0 0 0 0 0 0 0 0 0 0 170 138 0 0 0 0 0 0 0 0 0 0 0 0 0 0 0 0 0 0 0 0 0 0 0 0 0 48 0 0 0 0 0 0 0 0 0 0 0 0 0 0 0 0 0 0 0 0 0 0 0 0 0 0 0 0 0 0 0 0 0 0 0 0 0 0 0 0 0 0 0 0 0 0 0 0 0 0 0 0 0 0 0 0 0 0 0 0 0 0 0 0 0 0 0 0 0 0 0 0 0 0 0 0 0 0 0 0 0 0 0 0 0 0 0 0 0 0 0 0 0 0 0 0 0 0 0 0 0 0 0 0 0 0 0 0 0 0 0 0 0 0 0 0 0 0 0 0 0 0 0 0 0 0 0 0 0 0 0 0 0 0 0 0 0 0 0 0 0 0 0 0 0 0 0 0 0 0 0 0 0 0 0 0 0 0 0 0 0 0 0 0 0 0 0 0 0 0 0 0 0 0 0 0 0 0 0 0 0 0 0 0 0 0 0 0 0 0 0 0 0 0 0 0 0 0 0 0 0 0 0 0 0 0 0 0 0 0 0 0 0 0 0 0 0 0 0 0 0 0 0 0 0 0 0 0 0 0 0 0 0 0 0 0 0 0 0 0 0 0 0 0 0 0 0 0 0 0 0 0 0 0 0 0 0 0 0 0 0 0 0 0 0 0 0 0 0 0 0 0 0 0 0 0 0 0 0 0 0 0 0 0 0 0 0 0 0 0 0 0 0 0 0 0 0 0 0 0 0 0 0 0 
[12:48:08:390] 0 0 0 0 0 0 0 0 0 0 0 0 0 0 0 0 0 0 0 0 0 0 0 0 0 0 0 0 0 0 0 0 0 0 0 0 0 0 0 0 0 0 0 0 0 0 0 0 0 0 0 0 0 0 0 0 0 0 0 0 0 0 0 0 0 0 0 0 0 0 0 0 0 0 0 0 0 0 0 0 0 0 0 0 0 0 0 0 0 0 0 0 0 0 0 0 0 0 0 0 0 0 0 0 0 0 0 0 0 0 0 0 0 0 0 0 0 0 0 0 0 0 0 0 0 0 0 0 0 0 0 0 0 0 0 0 0 0 0 0 0 0 0 0 0 0 0 0 0 0 0 0 0 0 0 0 0 0 0 0 0 0 0 0 0 0 0 0 0 0 0 0 0 0 0 0 0 0 0 0 0 0 0 0 0 0 0 0 0 0 0 0 0 0 0 0 0 0 0 0 0 0 0 0 0 0 0 0 0 0 0 0 0 0 0 0 0 0 0 0 0 0 0 0 0 0 0 0 0 0 0 0 0 0 0 0 0 0 0 0 0 0 0 0 0 0 0 0 0 0 0 0 0 0 0 0 0 0 0 0 0 0 0 0 0 0 0 0 0 0 0 0 0 0 0 0 0 0 0 0 0 0 0 0 0 0 0 0 0 0 0 0 0 0 0 0 0 0 0 0 0 0 0 0 0 0 0 0 0 0 0 0 0 0 0 0 0 0 0 0 0 0 0 0 0 0 0 0 0 0 0 0 0 0 0 0 0 0 0 0 0 0 0 0 0 0 0 0 0 0 0 0 0 0 0 0 0 0 0 0 0 0 0 0 0 0 0 0 0 0 0 0 0 0 0 0 0 0 0 0 0 0 0 0 0 0 0 0 0 70 0 0 0 0 0 0 0 0 0 0 0 0 0 0 0 0 0 0 32 2 664 1067 0 0 0 0 0 0 0 0 0 0 0 0 0 0 0 0 515 939 248 238 25 0 0 0 0 0 0 0 0 0 0 0 0 0 0 60 260 0 606 1633 406 0 0 0 0 0 0 0 0 0 0 0 0 0 0 0 995 1209 198 507 212 0 0 0 0 0 0 0 0 0 0 0 0 0 0 118 52 21 97 355 186 0 0 0 0 0 0 0 0 0 0 0 0 0 0 0 116 238 41 16 291 47 19 0 0 0 0 0 0 0 0 0 0 0 0 18 32 384 338 624 698 0 0 0 0 0 0 0 0 0 0 0 0 0 0 0 687 1211 821 623 327 179 279 0 0 0 0 0 0 0 0 0 0 0 0 62 312 1381 1339 1319 1294 438 0 0 0 0 0 0 0 0 0 0 0 0 0 71 1219 965 1566 1197 1104 65 19 0 0 0 0 0 0 0 0 0 0 0 0 290 1002 1416 1680 1330 1494 910 0 0 0 0 0 0 0 0 0 0 0 0 0 32 1377 1540 1332 1459 1288 697 1 0 0 0 0 0 0 0 0 0 0 0 0 404 953 1684 1485 1276 1302 785 0 0 0 0 0 0 0 0 0 0 0 0 0 57 527 983 1388 1495 1407 1559 205 0 0 0 0 0 0 0 0 0 0 0 0 631 1058 1368 1129 893 722 48 0 0 0 0 0 0 0 0 0 0 0 0 0 0 3 479 558 833 1316 1247 869 0 0 0 0 0 0 0 0 0 0 0 0 622 991 762 545 59 28 0 0 0 0 0 0 0 0 0 0 0 0 0 0 0 0 3 92 869 1092 1325 901 0 0 0 0 0 0 0 0 0 0 0 0 99 315 547 156 5 0 16 0 0 0 0 0 0 0 0 0 0 0 0 0 0 0 0 24 398 681 871 413 0 0 0 0 0 0 0 0 0 0 0 0 0 74 74 72 22 32 0 0 0 0 0 0 0 0 0 0 0 0 0 0 0 0 0 0 267 450 593 0 0 0 0 0 0 0 0 0 0 0 0 0 0 1 77 55 40 0 0 0 0 0 0 0 0 0 0 0 0 0 0 0 0 0 0 0 81 459 283 0 0 0 0 0 0 0 0 0 0 0 0 0 0 0 0 73 68 0 0 0 0 0 0 0 0 0 0 0 0 0 0 0 0 0 0 0 74 158 0 0 0 0 0 0 0 0 0 0 0 0 0 0 0 0 105 56 8 0 0 0 0 0 0 0 0 0 0 0 0 0 0 0 0 0 0 0 36 22 0 0 0 0 0 0 0 0 0 0 0 0 0 0 0 0 0 4 0 0 0 0 0 0 0 0 0 0 0 0 0 0 0 0 0 0 30 32 30 0 0 0 0 0 0 0 0 0 0 0 0 0 0 0 0 0 0 0 0 58 148 24 0 0 0 0 0 0 0 0 0 0 0 0 0 167 361 178 0 0 0 0 0 0 0 0 0 0 0 0 0 0 0 0 0 0 0 0 0 220 1009 728 14 0 0 0 0 0 0 0 0 0 0 0 164 1199 1141 481 0 0 0 0 0 0 0 0 0 0 0 0 0 0 0 0 0 0 0 0 0 586 1616 2024 736 0 0 0 0 0 0 0 0 0 0 0 970 1442 1661 733 0 0 0 0 0 0 0 0 0 0 0 0 0 0 0 0 0 0 0 0 0 578 1903 1896 2008 372 0 0 0 0 0 0 0 0 0 26 1723 1773 1390 1017 0 0 0 0 0 0 0 0 0 0 0 0 0 0 0 0 0 0 0 0 0 479 1933 2614 2370 1165 0 0 0 0 0 0 0 0 0 0 1640 1592 1447 1065 0 0 0 0 0 0 0 0 0 0 0 0 0 0 0 0 0 0 0 0 0 164 1827 2608 2343 1294 0 0 0 0 0 0 0 0 0 0 584 1324 1223 309 0 0 0 0 0 0 0 0 0 0 0 0 0 0 0 0 0 0 0 0 0 0 622 1968 1794 46 0 0 0 0 0 0 0 0 0 0 0 170 138 0 0 0 0 0 0 0 0 0 0 0 0 0 0 0 0 0 0 0 0 0 0 0 0 0 48 0 0 0 0 0 0 0 0 0 0 0 0 0 0 0 0 0 0 0 0 0 0 0 0 0 0 0 0 0 0 0 0 0 0 0 0 0 0 0 0 0 0 0 0 0 0 0 0 0 0 0 0 0 0 0 0 0 0 0 0 0 0 0 0 0 0 0 0 0 0 0 0 0 0 0 0 0 0 0 0 0 0 0 0 0 0 0 0 0 0 0 0 0 0 0 0 0 0 0 0 0 0 0 0 0 0 0 0 0 0 0 0 0 0 0 0 0 0 0 0 0 0 0 0 0 0 0 0 0 0 0 0 0 0 0 0 0 0 0 0 0 0 0 0 0 0 0 0 0 0 0 0 0 0 0 0 0 0 0 0 0 0 0 0 0 0 0 0 0 0 0 0 0 0 0 0 0 0 0 0 0 0 0 0 0 0 0 0 0 0 0 0 0 0 0 0 0 0 0 0 0 0 0 0 0 0 0 0 0 0 0 0 0 0 0 0 0 0 0 0 0 0 0 0 0 0 0 0 0 0 0 0 0 0 0 0 0 0 0 0 0 0 0 0 0 0 0 0 0 0 0 0 0 0 0 0 0 0 0 0 0 0 0 0 0 0 0 0 0 0 0 0 0 0 0 0 0 0 0 0 0 0 0 0 0 0 0 0 0 0 0 0 0 0 0 0 0 0 0 0 0 0 0 0 
[12:48:08:514] 0 0 0 0 0 0 0 0 0 0 0 0 0 0 0 0 0 0 0 0 0 0 0 0 0 0 0 0 0 0 0 0 0 0 0 0 0 0 0 0 0 0 0 0 0 0 0 0 0 0 0 0 0 0 0 0 0 0 0 0 0 0 0 0 0 0 0 0 0 0 0 0 0 0 0 0 0 0 0 0 0 0 0 0 0 0 0 0 0 0 0 0 0 0 0 0 0 0 0 0 0 0 0 0 0 0 0 0 0 0 0 0 0 0 0 0 0 0 0 0 0 0 0 0 0 0 0 0 0 0 0 0 0 0 0 0 0 0 0 0 0 0 0 0 0 0 0 0 0 0 0 0 0 0 0 0 0 0 0 0 0 0 0 0 0 0 0 0 0 0 0 0 0 0 0 0 0 0 0 0 0 0 0 0 0 0 0 0 0 0 0 0 0 0 0 0 0 0 0 0 0 0 0 0 0 0 0 0 0 0 0 0 0 0 0 0 0 0 0 0 0 0 0 0 0 0 0 0 0 0 0 0 0 0 0 0 0 0 0 0 0 0 0 0 0 0 0 0 0 0 0 0 0 0 0 0 0 0 0 0 0 0 0 0 0 0 0 0 0 0 0 0 0 0 0 0 0 0 0 0 0 0 0 0 0 0 0 0 0 0 0 0 0 0 0 0 0 0 0 0 0 0 0 0 0 0 0 0 0 0 0 0 0 0 0 0 0 0 0 0 0 0 0 0 0 0 0 0 0 0 0 0 0 0 0 0 0 0 0 0 0 0 0 0 0 0 0 0 0 0 0 0 0 0 0 0 0 0 0 0 0 0 0 0 0 0 0 0 0 0 0 0 0 0 0 0 0 0 0 0 0 0 0 0 0 0 0 0 0 70 0 0 0 0 0 0 0 0 0 0 0 0 0 0 0 0 0 0 32 2 664 1067 0 0 0 0 0 0 0 0 0 0 0 0 0 0 0 0 515 939 248 238 25 0 0 0 0 0 0 0 0 0 0 0 0 0 0 60 260 0 606 1633 406 0 0 0 0 0 0 0 0 0 0 0 0 0 0 0 995 1209 198 507 212 0 0 0 0 0 0 0 0 0 0 0 0 0 0 118 52 21 97 355 186 0 0 0 0 0 0 0 0 0 0 0 0 0 0 0 116 238 41 16 291 47 19 0 0 0 0 0 0 0 0 0 0 0 0 18 32 384 338 624 698 0 0 0 0 0 0 0 0 0 0 0 0 0 0 0 687 1211 821 623 327 179 279 0 0 0 0 0 0 0 0 0 0 0 0 62 312 1381 1339 1319 1294 438 0 0 0 0 0 0 0 0 0 0 0 0 0 71 1219 965 1566 1197 1104 65 19 0 0 0 0 0 0 0 0 0 0 0 0 290 1002 1416 1680 1330 1494 910 0 0 0 0 0 0 0 0 0 0 0 0 0 32 1377 1540 1332 1459 1288 697 1 0 0 0 0 0 0 0 0 0 0 0 0 404 953 1684 1485 1276 1302 785 0 0 0 0 0 0 0 0 0 0 0 0 0 57 527 983 1388 1495 1407 1559 205 0 0 0 0 0 0 0 0 0 0 0 0 631 1058 1368 1129 893 722 48 0 0 0 0 0 0 0 0 0 0 0 0 0 0 3 479 558 833 1316 1247 869 0 0 0 0 0 0 0 0 0 0 0 0 622 991 762 545 59 28 0 0 0 0 0 0 0 0 0 0 0 0 0 0 0 0 3 92 869 1092 1325 901 0 0 0 0 0 0 0 0 0 0 0 0 99 315 547 156 5 0 16 0 0 0 0 0 0 0 0 0 0 0 0 0 0 0 0 24 398 681 871 413 0 0 0 0 0 0 0 0 0 0 0 0 0 74 74 72 22 32 0 0 0 0 0 0 0 0 0 0 0 0 0 0 0 0 0 0 267 450 593 0 0 0 0 0 0 0 0 0 0 0 0 0 0 1 77 55 40 0 0 0 0 0 0 0 0 0 0 0 0 0 0 0 0 0 0 0 81 459 283 0 0 0 0 0 0 0 0 0 0 0 0 0 0 0 0 73 68 0 0 0 0 0 0 0 0 0 0 0 0 0 0 0 0 0 0 0 74 158 0 0 0 0 0 0 0 0 0 0 0 0 0 0 0 0 105 56 8 0 0 0 0 0 0 0 0 0 0 0 0 0 0 0 0 0 0 0 36 22 0 0 0 0 0 0 0 0 0 0 0 0 0 0 0 0 0 4 0 0 0 0 0 0 0 0 0 0 0 0 0 0 0 0 0 0 30 32 30 0 0 0 0 0 0 0 0 0 0 0 0 0 0 0 0 0 0 0 0 58 148 24 0 0 0 0 0 0 0 0 0 0 0 0 0 167 361 178 0 0 0 0 0 0 0 0 0 0 0 0 0 0 0 0 0 0 0 0 0 220 1009 728 14 0 0 0 0 0 0 0 0 0 0 0 164 1199 1141 481 0 0 0 0 0 0 0 0 0 0 0 0 0 0 0 0 0 0 0 0 0 586 1616 2024 736 0 0 0 0 0 0 0 0 0 0 0 970 1442 1661 733 0 0 0 0 0 0 0 0 0 0 0 0 0 0 0 0 0 0 0 0 0 578 1903 1896 2008 372 0 0 0 0 0 0 0 0 0 26 1723 1773 1390 1017 0 0 0 0 0 0 0 0 0 0 0 0 0 0 0 0 0 0 0 0 0 479 1933 2614 2370 1165 0 0 0 0 0 0 0 0 0 0 1640 1592 1447 1065 0 0 0 0 0 0 0 0 0 0 0 0 0 0 0 0 0 0 0 0 0 164 1827 2608 2343 1294 0 0 0 0 0 0 0 0 0 0 584 1324 1223 309 0 0 0 0 0 0 0 0 0 0 0 0 0 0 0 0 0 0 0 0 0 0 622 1968 1794 46 0 0 0 0 0 0 0 0 0 0 0 170 138 0 0 0 0 0 0 0 0 0 0 0 0 0 0 0 0 0 0 0 0 0 0 0 0 0 48 0 0 0 0 0 0 0 0 0 0 0 0 0 0 0 0 0 0 0 0 0 0 0 0 0 0 0 0 0 0 0 0 0 0 0 0 0 0 0 0 0 0 0 0 0 0 0 0 0 0 0 0 0 0 0 0 0 0 0 0 0 0 0 0 0 0 0 0 0 0 0 0 0 0 0 0 0 0 0 0 0 0 0 0 0 0 0 0 0 0 0 0 0 0 0 0 0 0 0 0 0 0 0 0 0 0 0 0 0 0 0 0 0 0 0 0 0 0 0 0 0 0 0 0 0 0 0 0 0 0 0 0 0 0 0 0 0 0 0 0 0 0 0 0 0 0 0 0 0 0 0 0 0 0 0 0 0 0 0 0 0 0 0 0 0 0 0 0 0 0 0 0 0 0 0 0 0 0 0 0 0 0 0 0 0 0 0 0 0 0 0 0 0 0 0 0 0 0 0 0 0 0 0 0 0 0 0 0 0 0 0 0 0 0 0 0 0 0 0 0 0 0 0 0 0 0 0 0 0 0 0 0 0 0 0 0 0 0 0 0 0 0 0 0 0 0 0 0 0 0 0 0 0 0 0 0 0 0 0 0 0 0 0 0 0 0 0 0 0 0 0 0 0 0 0 0 0 0 0 0 0 0 0 0 0 0 0 0 0 0 0 0 0 0 0 0 0 0 0 0 0 0 0 0 
[12:48:08:637] 0 0 0 0 0 0 0 0 0 0 0 0 0 0 0 0 0 0 0 0 0 0 0 0 0 0 0 0 0 0 0 0 0 0 0 0 0 0 0 0 0 0 0 0 0 0 0 0 0 0 0 0 0 0 0 0 0 0 0 0 0 0 0 0 0 0 0 0 0 0 0 0 0 0 0 0 0 0 0 0 0 0 0 0 0 0 0 0 0 0 0 0 0 0 0 0 0 0 0 0 0 0 0 0 0 0 0 0 0 0 0 0 0 0 0 0 0 0 0 0 0 0 0 0 0 0 0 0 0 0 0 0 0 0 0 0 0 0 0 0 0 0 0 0 0 0 0 0 0 0 0 0 0 0 0 0 0 0 0 0 0 0 0 0 0 0 0 0 0 0 0 0 0 0 0 0 0 0 0 0 0 0 0 0 0 0 0 0 0 0 0 0 0 0 0 0 0 0 0 0 0 0 0 0 0 0 0 0 0 0 0 0 0 0 0 0 0 0 0 0 0 0 0 0 0 0 0 0 0 0 0 0 0 0 0 0 0 0 0 0 0 0 0 0 0 0 0 0 0 0 0 0 0 0 0 0 0 0 0 0 0 0 0 0 0 0 0 0 0 0 0 0 0 0 0 0 0 0 0 0 0 0 0 0 0 0 0 0 0 0 0 0 0 0 0 0 0 0 0 0 0 0 0 0 0 0 0 0 0 0 0 0 0 0 0 0 0 0 0 0 0 0 0 0 0 0 0 0 0 0 0 0 0 0 0 0 0 0 0 0 0 0 0 0 0 0 0 0 0 0 0 0 0 0 0 0 0 0 0 0 0 0 0 0 0 0 0 0 0 0 0 0 0 0 0 0 0 0 0 0 0 0 0 0 0 0 0 0 0 70 0 0 0 0 0 0 0 0 0 0 0 0 0 0 0 0 0 0 32 2 664 1067 0 0 0 0 0 0 0 0 0 0 0 0 0 0 0 0 515 939 248 238 25 0 0 0 0 0 0 0 0 0 0 0 0 0 0 60 260 0 606 1633 406 0 0 0 0 0 0 0 0 0 0 0 0 0 0 0 995 1209 198 507 212 0 0 0 0 0 0 0 0 0 0 0 0 0 0 118 52 21 97 355 186 0 0 0 0 0 0 0 0 0 0 0 0 0 0 0 116 238 41 16 291 47 19 0 0 0 0 0 0 0 0 0 0 0 0 18 32 384 338 624 698 0 0 0 0 0 0 0 0 0 0 0 0 0 0 0 687 1211 821 623 327 179 279 0 0 0 0 0 0 0 0 0 0 0 0 62 312 1381 1339 1319 1294 438 0 0 0 0 0 0 0 0 0 0 0 0 0 71 1219 965 1566 1197 1104 65 19 0 0 0 0 0 0 0 0 0 0 0 0 290 1002 1416 1680 1330 1494 910 0 0 0 0 0 0 0 0 0 0 0 0 0 32 1377 1540 1332 1459 1288 697 1 0 0 0 0 0 0 0 0 0 0 0 0 404 953 1684 1485 1276 1302 785 0 0 0 0 0 0 0 0 0 0 0 0 0 57 527 983 1388 1495 1407 1559 205 0 0 0 0 0 0 0 0 0 0 0 0 631 1058 1368 1129 893 722 48 0 0 0 0 0 0 0 0 0 0 0 0 0 0 3 479 558 833 1316 1247 869 0 0 0 0 0 0 0 0 0 0 0 0 622 991 762 545 59 28 0 0 0 0 0 0 0 0 0 0 0 0 0 0 0 0 3 92 869 1092 1325 901 0 0 0 0 0 0 0 0 0 0 0 0 99 315 547 156 5 0 16 0 0 0 0 0 0 0 0 0 0 0 0 0 0 0 0 24 398 681 871 413 0 0 0 0 0 0 0 0 0 0 0 0 0 74 74 72 22 32 0 0 0 0 0 0 0 0 0 0 0 0 0 0 0 0 0 0 267 450 593 0 0 0 0 0 0 0 0 0 0 0 0 0 0 1 77 55 40 0 0 0 0 0 0 0 0 0 0 0 0 0 0 0 0 0 0 0 81 459 283 0 0 0 0 0 0 0 0 0 0 0 0 0 0 0 0 73 68 0 0 0 0 0 0 0 0 0 0 0 0 0 0 0 0 0 0 0 74 158 0 0 0 0 0 0 0 0 0 0 0 0 0 0 0 0 105 56 8 0 0 0 0 0 0 0 0 0 0 0 0 0 0 0 0 0 0 0 36 22 0 0 0 0 0 0 0 0 0 0 0 0 0 0 0 0 0 4 0 0 0 0 0 0 0 0 0 0 0 0 0 0 0 0 0 0 30 32 30 0 0 0 0 0 0 0 0 0 0 0 0 0 0 0 0 0 0 0 0 58 148 24 0 0 0 0 0 0 0 0 0 0 0 0 0 167 361 178 0 0 0 0 0 0 0 0 0 0 0 0 0 0 0 0 0 0 0 0 0 220 1009 728 14 0 0 0 0 0 0 0 0 0 0 0 164 1199 1141 481 0 0 0 0 0 0 0 0 0 0 0 0 0 0 0 0 0 0 0 0 0 586 1616 2024 736 0 0 0 0 0 0 0 0 0 0 0 970 1442 1661 733 0 0 0 0 0 0 0 0 0 0 0 0 0 0 0 0 0 0 0 0 0 578 1903 1896 2008 372 0 0 0 0 0 0 0 0 0 26 1723 1773 1390 1017 0 0 0 0 0 0 0 0 0 0 0 0 0 0 0 0 0 0 0 0 0 479 1933 2614 2370 1165 0 0 0 0 0 0 0 0 0 0 1640 1592 1447 1065 0 0 0 0 0 0 0 0 0 0 0 0 0 0 0 0 0 0 0 0 0 164 1827 2608 2343 1294 0 0 0 0 0 0 0 0 0 0 584 1324 1223 309 0 0 0 0 0 0 0 0 0 0 0 0 0 0 0 0 0 0 0 0 0 0 622 1968 1794 46 0 0 0 0 0 0 0 0 0 0 0 170 138 0 0 0 0 0 0 0 0 0 0 0 0 0 0 0 0 0 0 0 0 0 0 0 0 0 48 0 0 0 0 0 0 0 0 0 0 0 0 0 0 0 0 0 0 0 0 0 0 0 0 0 0 0 0 0 0 0 0 0 0 0 0 0 0 0 0 0 0 0 0 0 0 0 0 0 0 0 0 0 0 0 0 0 0 0 0 0 0 0 0 0 0 0 0 0 0 0 0 0 0 0 0 0 0 0 0 0 0 0 0 0 0 0 0 0 0 0 0 0 0 0 0 0 0 0 0 0 0 0 0 0 0 0 0 0 0 0 0 0 0 0 0 0 0 0 0 0 0 0 0 0 0 0 0 0 0 0 0 0 0 0 0 0 0 0 0 0 0 0 0 0 0 0 0 0 0 0 0 0 0 0 0 0 0 0 0 0 0 0 0 0 0 0 0 0 0 0 0 0 0 0 0 0 0 0 0 0 0 0 0 0 0 0 0 0 0 0 0 0 0 0 0 0 0 0 0 0 0 0 0 0 0 0 0 0 0 0 0 0 0 0 0 0 0 0 0 0 0 0 0 0 0 0 0 0 0 0 0 0 0 0 0 0 0 0 0 0 0 0 0 0 0 0 0 0 0 0 0 0 0 0 0 0 0 0 0 0 0 0 0 0 0 0 0 0 0 0 0 0 0 0 0 0 0 0 0 0 0 0 0 0 0 0 0 0 0 0 0 0 0 0 0 0 0 0 0 0 0 0 0 
[12:48:08:760] 0 0 0 0 0 0 0 0 0 0 0 0 0 0 0 0 0 0 0 0 0 0 0 0 0 0 0 0 0 0 0 0 0 0 0 0 0 0 0 0 0 0 0 0 0 0 0 0 0 0 0 0 0 0 0 0 0 0 0 0 0 0 0 0 0 0 0 0 0 0 0 0 0 0 0 0 0 0 0 0 0 0 0 0 0 0 0 0 0 0 0 0 0 0 0 0 0 0 0 0 0 0 0 0 0 0 0 0 0 0 0 0 0 0 0 0 0 0 0 0 0 0 0 0 0 0 0 0 0 0 0 0 0 0 0 0 0 0 0 0 0 0 0 0 0 0 0 0 0 0 0 0 0 0 0 0 0 0 0 0 0 0 0 0 0 0 0 0 0 0 0 0 0 0 0 0 0 0 0 0 0 0 0 0 0 0 0 0 0 0 0 0 0 0 0 0 0 0 0 0 0 0 0 0 0 0 0 0 0 0 0 0 0 0 0 0 0 0 0 0 0 0 0 0 0 0 0 0 0 0 0 0 0 0 0 0 0 0 0 0 0 0 0 0 0 0 0 0 0 0 0 0 0 0 0 0 0 0 0 0 0 0 0 0 0 0 0 0 0 0 0 0 0 0 0 0 0 0 0 0 0 0 0 0 0 0 0 0 0 0 0 0 0 0 0 0 0 0 0 0 0 0 0 0 0 0 0 0 0 0 0 0 0 0 0 0 0 0 0 0 0 0 0 0 0 0 0 0 0 0 0 0 0 0 0 0 0 0 0 0 0 0 0 0 0 0 0 0 0 0 0 0 0 0 0 0 0 0 0 0 0 0 0 0 0 0 0 0 0 0 0 0 0 0 0 0 0 0 0 0 0 0 0 0 0 0 0 0 0 70 0 0 0 0 0 0 0 0 0 0 0 0 0 0 0 0 0 0 32 2 664 1067 0 0 0 0 0 0 0 0 0 0 0 0 0 0 0 0 515 939 248 238 25 0 0 0 0 0 0 0 0 0 0 0 0 0 0 60 260 0 606 1633 406 0 0 0 0 0 0 0 0 0 0 0 0 0 0 0 995 1209 198 507 212 0 0 0 0 0 0 0 0 0 0 0 0 0 0 118 52 21 97 355 186 0 0 0 0 0 0 0 0 0 0 0 0 0 0 0 116 238 41 16 291 47 19 0 0 0 0 0 0 0 0 0 0 0 0 18 32 384 338 624 698 0 0 0 0 0 0 0 0 0 0 0 0 0 0 0 687 1211 821 623 327 179 279 0 0 0 0 0 0 0 0 0 0 0 0 62 312 1381 1339 1319 1294 438 0 0 0 0 0 0 0 0 0 0 0 0 0 71 1219 965 1566 1197 1104 65 19 0 0 0 0 0 0 0 0 0 0 0 0 290 1002 1416 1680 1330 1494 910 0 0 0 0 0 0 0 0 0 0 0 0 0 32 1377 1540 1332 1459 1288 697 1 0 0 0 0 0 0 0 0 0 0 0 0 404 953 1684 1485 1276 1302 785 0 0 0 0 0 0 0 0 0 0 0 0 0 57 527 983 1388 1495 1407 1559 205 0 0 0 0 0 0 0 0 0 0 0 0 631 1058 1368 1129 893 722 48 0 0 0 0 0 0 0 0 0 0 0 0 0 0 3 479 558 833 1316 1247 869 0 0 0 0 0 0 0 0 0 0 0 0 622 991 762 545 59 28 0 0 0 0 0 0 0 0 0 0 0 0 0 0 0 0 3 92 869 1092 1325 901 0 0 0 0 0 0 0 0 0 0 0 0 99 315 547 156 5 0 16 0 0 0 0 0 0 0 0 0 0 0 0 0 0 0 0 24 398 681 871 413 0 0 0 0 0 0 0 0 0 0 0 0 0 74 74 72 22 32 0 0 0 0 0 0 0 0 0 0 0 0 0 0 0 0 0 0 267 450 593 0 0 0 0 0 0 0 0 0 0 0 0 0 0 1 77 55 40 0 0 0 0 0 0 0 0 0 0 0 0 0 0 0 0 0 0 0 81 459 283 0 0 0 0 0 0 0 0 0 0 0 0 0 0 0 0 73 68 0 0 0 0 0 0 0 0 0 0 0 0 0 0 0 0 0 0 0 74 158 0 0 0 0 0 0 0 0 0 0 0 0 0 0 0 0 105 56 8 0 0 0 0 0 0 0 0 0 0 0 0 0 0 0 0 0 0 0 36 22 0 0 0 0 0 0 0 0 0 0 0 0 0 0 0 0 0 4 0 0 0 0 0 0 0 0 0 0 0 0 0 0 0 0 0 0 30 32 30 0 0 0 0 0 0 0 0 0 0 0 0 0 0 0 0 0 0 0 0 58 148 24 0 0 0 0 0 0 0 0 0 0 0 0 0 167 361 178 0 0 0 0 0 0 0 0 0 0 0 0 0 0 0 0 0 0 0 0 0 220 1009 728 14 0 0 0 0 0 0 0 0 0 0 0 164 1199 1141 481 0 0 0 0 0 0 0 0 0 0 0 0 0 0 0 0 0 0 0 0 0 586 1616 2024 736 0 0 0 0 0 0 0 0 0 0 0 970 1442 1661 733 0 0 0 0 0 0 0 0 0 0 0 0 0 0 0 0 0 0 0 0 0 578 1903 1896 2008 372 0 0 0 0 0 0 0 0 0 26 1723 1773 1390 1017 0 0 0 0 0 0 0 0 0 0 0 0 0 0 0 0 0 0 0 0 0 479 1933 2614 2370 1165 0 0 0 0 0 0 0 0 0 0 1640 1592 1447 1065 0 0 0 0 0 0 0 0 0 0 0 0 0 0 0 0 0 0 0 0 0 164 1827 2608 2343 1294 0 0 0 0 0 0 0 0 0 0 584 1324 1223 309 0 0 0 0 0 0 0 0 0 0 0 0 0 0 0 0 0 0 0 0 0 0 622 1968 1794 46 0 0 0 0 0 0 0 0 0 0 0 170 138 0 0 0 0 0 0 0 0 0 0 0 0 0 0 0 0 0 0 0 0 0 0 0 0 0 48 0 0 0 0 0 0 0 0 0 0 0 0 0 0 0 0 0 0 0 0 0 0 0 0 0 0 0 0 0 0 0 0 0 0 0 0 0 0 0 0 0 0 0 0 0 0 0 0 0 0 0 0 0 0 0 0 0 0 0 0 0 0 0 0 0 0 0 0 0 0 0 0 0 0 0 0 0 0 0 0 0 0 0 0 0 0 0 0 0 0 0 0 0 0 0 0 0 0 0 0 0 0 0 0 0 0 0 0 0 0 0 0 0 0 0 0 0 0 0 0 0 0 0 0 0 0 0 0 0 0 0 0 0 0 0 0 0 0 0 0 0 0 0 0 0 0 0 0 0 0 0 0 0 0 0 0 0 0 0 0 0 0 0 0 0 0 0 0 0 0 0 0 0 0 0 0 0 0 0 0 0 0 0 0 0 0 0 0 0 0 0 0 0 0 0 0 0 0 0 0 0 0 0 0 0 0 0 0 0 0 0 0 0 0 0 0 0 0 0 0 0 0 0 0 0 0 0 0 0 0 0 0 0 0 0 0 0 0 0 0 0 0 0 0 0 0 0 0 0 0 0 0 0 0 0 0 0 0 0 0 0 0 0 0 0 0 0 0 0 0 0 0 0 0 0 0 0 0 0 0 0 0 0 0 0 0 0 0 0 0 0 0 0 0 0 0 0 0 0 0 0 0 0 0 
[12:48:08:885] 0 0 0 0 0 0 0 0 0 0 0 0 0 0 0 0 0 0 0 0 0 0 0 0 0 0 0 0 0 0 0 0 0 0 0 0 0 0 0 0 0 0 0 0 0 0 0 0 0 0 0 0 0 0 0 0 0 0 0 0 0 0 0 0 0 0 0 0 0 0 0 0 0 0 0 0 0 0 0 0 0 0 0 0 0 0 0 0 0 0 0 0 0 0 0 0 0 0 0 0 0 0 0 0 0 0 0 0 0 0 0 0 0 0 0 0 0 0 0 0 0 0 0 0 0 0 0 0 0 0 0 0 0 0 0 0 0 0 0 0 0 0 0 0 0 0 0 0 0 0 0 0 0 0 0 0 0 0 0 0 0 0 0 0 0 0 0 0 0 0 0 0 0 0 0 0 0 0 0 0 0 0 0 0 0 0 0 0 0 0 0 0 0 0 0 0 0 0 0 0 0 0 0 0 0 0 0 0 0 0 0 0 0 0 0 0 0 0 0 0 0 0 0 0 0 0 0 0 0 0 0 0 0 0 0 0 0 0 0 0 0 0 0 0 0 0 0 0 0 0 0 0 0 0 0 0 0 0 0 0 0 0 0 0 0 0 0 0 0 0 0 0 0 0 0 0 0 0 0 0 0 0 0 0 0 0 0 0 0 0 0 0 0 0 0 0 0 0 0 0 0 0 0 0 0 0 0 0 0 0 0 0 0 0 0 0 0 0 0 0 0 0 0 0 0 0 0 0 0 0 0 0 0 0 0 0 0 0 0 0 0 0 0 0 0 0 0 0 0 0 0 0 0 0 0 0 0 0 0 0 0 0 0 0 0 0 0 0 0 0 0 0 0 0 0 0 0 0 0 0 0 0 0 0 0 0 0 0 0 70 0 0 0 0 0 0 0 0 0 0 0 0 0 0 0 0 0 0 32 2 664 1067 0 0 0 0 0 0 0 0 0 0 0 0 0 0 0 0 515 939 248 238 25 0 0 0 0 0 0 0 0 0 0 0 0 0 0 60 260 0 606 1633 406 0 0 0 0 0 0 0 0 0 0 0 0 0 0 0 995 1209 198 507 212 0 0 0 0 0 0 0 0 0 0 0 0 0 0 118 52 21 97 355 186 0 0 0 0 0 0 0 0 0 0 0 0 0 0 0 116 238 41 16 291 47 19 0 0 0 0 0 0 0 0 0 0 0 0 18 32 384 338 624 698 0 0 0 0 0 0 0 0 0 0 0 0 0 0 0 687 1211 821 623 327 179 279 0 0 0 0 0 0 0 0 0 0 0 0 62 312 1381 1339 1319 1294 438 0 0 0 0 0 0 0 0 0 0 0 0 0 71 1219 965 1566 1197 1104 65 19 0 0 0 0 0 0 0 0 0 0 0 0 290 1002 1416 1680 1330 1494 910 0 0 0 0 0 0 0 0 0 0 0 0 0 32 1377 1540 1332 1459 1288 697 1 0 0 0 0 0 0 0 0 0 0 0 0 404 953 1684 1485 1276 1302 785 0 0 0 0 0 0 0 0 0 0 0 0 0 57 527 983 1388 1495 1407 1559 205 0 0 0 0 0 0 0 0 0 0 0 0 631 1058 1368 1129 893 722 48 0 0 0 0 0 0 0 0 0 0 0 0 0 0 3 479 558 833 1316 1247 869 0 0 0 0 0 0 0 0 0 0 0 0 622 991 762 545 59 28 0 0 0 0 0 0 0 0 0 0 0 0 0 0 0 0 3 92 869 1092 1325 901 0 0 0 0 0 0 0 0 0 0 0 0 99 315 547 156 5 0 16 0 0 0 0 0 0 0 0 0 0 0 0 0 0 0 0 24 398 681 871 413 0 0 0 0 0 0 0 0 0 0 0 0 0 74 74 72 22 32 0 0 0 0 0 0 0 0 0 0 0 0 0 0 0 0 0 0 267 450 593 0 0 0 0 0 0 0 0 0 0 0 0 0 0 1 77 55 40 0 0 0 0 0 0 0 0 0 0 0 0 0 0 0 0 0 0 0 81 459 283 0 0 0 0 0 0 0 0 0 0 0 0 0 0 0 0 73 68 0 0 0 0 0 0 0 0 0 0 0 0 0 0 0 0 0 0 0 74 158 0 0 0 0 0 0 0 0 0 0 0 0 0 0 0 0 105 56 8 0 0 0 0 0 0 0 0 0 0 0 0 0 0 0 0 0 0 0 36 22 0 0 0 0 0 0 0 0 0 0 0 0 0 0 0 0 0 4 0 0 0 0 0 0 0 0 0 0 0 0 0 0 0 0 0 0 30 32 30 0 0 0 0 0 0 0 0 0 0 0 0 0 0 0 0 0 0 0 0 58 148 24 0 0 0 0 0 0 0 0 0 0 0 0 0 167 361 178 0 0 0 0 0 0 0 0 0 0 0 0 0 0 0 0 0 0 0 0 0 220 1009 728 14 0 0 0 0 0 0 0 0 0 0 0 164 1199 1141 481 0 0 0 0 0 0 0 0 0 0 0 0 0 0 0 0 0 0 0 0 0 586 1616 2024 736 0 0 0 0 0 0 0 0 0 0 0 970 1442 1661 733 0 0 0 0 0 0 0 0 0 0 0 0 0 0 0 0 0 0 0 0 0 578 1903 1896 2008 372 0 0 0 0 0 0 0 0 0 26 1723 1773 1390 1017 0 0 0 0 0 0 0 0 0 0 0 0 0 0 0 0 0 0 0 0 0 479 1933 2614 2370 1165 0 0 0 0 0 0 0 0 0 0 1640 1592 1447 1065 0 0 0 0 0 0 0 0 0 0 0 0 0 0 0 0 0 0 0 0 0 164 1827 2608 2343 1294 0 0 0 0 0 0 0 0 0 0 584 1324 1223 309 0 0 0 0 0 0 0 0 0 0 0 0 0 0 0 0 0 0 0 0 0 0 622 1968 1794 46 0 0 0 0 0 0 0 0 0 0 0 170 138 0 0 0 0 0 0 0 0 0 0 0 0 0 0 0 0 0 0 0 0 0 0 0 0 0 48 0 0 0 0 0 0 0 0 0 0 0 0 0 0 0 0 0 0 0 0 0 0 0 0 0 0 0 0 0 0 0 0 0 0 0 0 0 0 0 0 0 0 0 0 0 0 0 0 0 0 0 0 0 0 0 0 0 0 0 0 0 0 0 0 0 0 0 0 0 0 0 0 0 0 0 0 0 0 0 0 0 0 0 0 0 0 0 0 0 0 0 0 0 0 0 0 0 0 0 0 0 0 0 0 0 0 0 0 0 0 0 0 0 0 0 0 0 0 0 0 0 0 0 0 0 0 0 0 0 0 0 0 0 0 0 0 0 0 0 0 0 0 0 0 0 0 0 0 0 0 0 0 0 0 0 0 0 0 0 0 0 0 0 0 0 0 0 0 0 0 0 0 0 0 0 0 0 0 0 0 0 0 0 0 0 0 0 0 0 0 0 0 0 0 0 0 0 0 0 0 0 0 0 0 0 0 0 0 0 0 0 0 0 0 0 0 0 0 0 0 0 0 0 0 0 0 0 0 0 0 0 0 0 0 0 0 0 0 0 0 0 0 0 0 0 0 0 0 0 0 0 0 0 0 0 0 0 0 0 0 0 0 0 0 0 0 0 0 0 0 0 0 0 0 0 0 0 0 0 0 0 0 0 0 0 0 0 0 0 0 0 0 0 0 0 0 0 0 0 0 0 0 0 0 
[12:48:09:013] 0 0 0 0 0 0 0 0 0 0 0 0 0 0 0 0 0 0 0 0 0 0 0 0 0 0 0 0 0 0 0 0 0 0 0 0 0 0 0 0 0 0 0 0 0 0 0 0 0 0 0 0 0 0 0 0 0 0 0 0 0 0 0 0 0 0 0 0 0 0 0 0 0 0 0 0 0 0 0 0 0 0 0 0 0 0 0 0 0 0 0 0 0 0 0 0 0 0 0 0 0 0 0 0 0 0 0 0 0 0 0 0 0 0 0 0 0 0 0 0 0 0 0 0 0 0 0 0 0 0 0 0 0 0 0 0 0 0 0 0 0 0 0 0 0 0 0 0 0 0 0 0 0 0 0 0 0 0 0 0 0 0 0 0 0 0 0 0 0 0 0 0 0 0 0 0 0 0 0 0 0 0 0 0 0 0 0 0 0 0 0 0 0 0 0 0 0 0 0 0 0 0 0 0 0 0 0 0 0 0 0 0 0 0 0 0 0 0 0 0 0 0 0 0 0 0 0 0 0 0 0 0 0 0 0 0 0 0 0 0 0 0 0 0 0 0 0 0 0 0 0 0 0 0 0 0 0 0 0 0 0 0 0 0 0 0 0 0 0 0 0 0 0 0 0 0 0 0 0 0 0 0 0 0 0 0 0 0 0 0 0 0 0 0 0 0 0 0 0 0 0 0 0 0 0 0 0 0 0 0 0 0 0 0 0 0 0 0 0 0 0 0 0 0 0 0 0 0 0 0 0 0 0 0 0 0 0 0 0 0 0 0 0 0 0 0 0 0 0 0 0 0 0 0 0 0 0 0 0 0 0 0 0 0 0 0 0 0 0 0 0 0 0 0 0 0 0 0 0 0 0 0 0 0 0 0 0 0 0 70 0 0 0 0 0 0 0 0 0 0 0 0 0 0 0 0 0 0 32 2 664 1067 0 0 0 0 0 0 0 0 0 0 0 0 0 0 0 0 515 939 248 238 25 0 0 0 0 0 0 0 0 0 0 0 0 0 0 60 260 0 606 1633 406 0 0 0 0 0 0 0 0 0 0 0 0 0 0 0 995 1209 198 507 212 0 0 0 0 0 0 0 0 0 0 0 0 0 0 118 52 21 97 355 186 0 0 0 0 0 0 0 0 0 0 0 0 0 0 0 116 238 41 16 291 47 19 0 0 0 0 0 0 0 0 0 0 0 0 18 32 384 338 624 698 0 0 0 0 0 0 0 0 0 0 0 0 0 0 0 687 1211 821 623 327 179 279 0 0 0 0 0 0 0 0 0 0 0 0 62 312 1381 1339 1319 1294 438 0 0 0 0 0 0 0 0 0 0 0 0 0 71 1219 965 1566 1197 1104 65 19 0 0 0 0 0 0 0 0 0 0 0 0 290 1002 1416 1680 1330 1494 910 0 0 0 0 0 0 0 0 0 0 0 0 0 32 1377 1540 1332 1459 1288 697 1 0 0 0 0 0 0 0 0 0 0 0 0 404 953 1684 1485 1276 1302 785 0 0 0 0 0 0 0 0 0 0 0 0 0 57 527 983 1388 1495 1407 1559 205 0 0 0 0 0 0 0 0 0 0 0 0 631 1058 1368 1129 893 722 48 0 0 0 0 0 0 0 0 0 0 0 0 0 0 3 479 558 833 1316 1247 869 0 0 0 0 0 0 0 0 0 0 0 0 622 991 762 545 59 28 0 0 0 0 0 0 0 0 0 0 0 0 0 0 0 0 3 92 869 1092 1325 901 0 0 0 0 0 0 0 0 0 0 0 0 99 315 547 156 5 0 16 0 0 0 0 0 0 0 0 0 0 0 0 0 0 0 0 24 398 681 871 413 0 0 0 0 0 0 0 0 0 0 0 0 0 74 74 72 22 32 0 0 0 0 0 0 0 0 0 0 0 0 0 0 0 0 0 0 267 450 593 0 0 0 0 0 0 0 0 0 0 0 0 0 0 1 77 55 40 0 0 0 0 0 0 0 0 0 0 0 0 0 0 0 0 0 0 0 81 459 283 0 0 0 0 0 0 0 0 0 0 0 0 0 0 0 0 73 68 0 0 0 0 0 0 0 0 0 0 0 0 0 0 0 0 0 0 0 74 158 0 0 0 0 0 0 0 0 0 0 0 0 0 0 0 0 105 56 8 0 0 0 0 0 0 0 0 0 0 0 0 0 0 0 0 0 0 0 36 22 0 0 0 0 0 0 0 0 0 0 0 0 0 0 0 0 0 4 0 0 0 0 0 0 0 0 0 0 0 0 0 0 0 0 0 0 30 32 30 0 0 0 0 0 0 0 0 0 0 0 0 0 0 0 0 0 0 0 0 58 148 24 0 0 0 0 0 0 0 0 0 0 0 0 0 167 361 178 0 0 0 0 0 0 0 0 0 0 0 0 0 0 0 0 0 0 0 0 0 220 1009 728 14 0 0 0 0 0 0 0 0 0 0 0 164 1199 1141 481 0 0 0 0 0 0 0 0 0 0 0 0 0 0 0 0 0 0 0 0 0 586 1616 2024 736 0 0 0 0 0 0 0 0 0 0 0 970 1442 1661 733 0 0 0 0 0 0 0 0 0 0 0 0 0 0 0 0 0 0 0 0 0 578 1903 1896 2008 372 0 0 0 0 0 0 0 0 0 26 1723 1773 1390 1017 0 0 0 0 0 0 0 0 0 0 0 0 0 0 0 0 0 0 0 0 0 479 1933 2614 2370 1165 0 0 0 0 0 0 0 0 0 0 1640 1592 1447 1065 0 0 0 0 0 0 0 0 0 0 0 0 0 0 0 0 0 0 0 0 0 164 1827 2608 2343 1294 0 0 0 0 0 0 0 0 0 0 584 1324 1223 309 0 0 0 0 0 0 0 0 0 0 0 0 0 0 0 0 0 0 0 0 0 0 622 1968 1794 46 0 0 0 0 0 0 0 0 0 0 0 170 138 0 0 0 0 0 0 0 0 0 0 0 0 0 0 0 0 0 0 0 0 0 0 0 0 0 48 0 0 0 0 0 0 0 0 0 0 0 0 0 0 0 0 0 0 0 0 0 0 0 0 0 0 0 0 0 0 0 0 0 0 0 0 0 0 0 0 0 0 0 0 0 0 0 0 0 0 0 0 0 0 0 0 0 0 0 0 0 0 0 0 0 0 0 0 0 0 0 0 0 0 0 0 0 0 0 0 0 0 0 0 0 0 0 0 0 0 0 0 0 0 0 0 0 0 0 0 0 0 0 0 0 0 0 0 0 0 0 0 0 0 0 0 0 0 0 0 0 0 0 0 0 0 0 0 0 0 0 0 0 0 0 0 0 0 0 0 0 0 0 0 0 0 0 0 0 0 0 0 0 0 0 0 0 0 0 0 0 0 0 0 0 0 0 0 0 0 0 0 0 0 0 0 0 0 0 0 0 0 0 0 0 0 0 0 0 0 0 0 0 0 0 0 0 0 0 0 0 0 0 0 0 0 0 0 0 0 0 0 0 0 0 0 0 0 0 0 0 0 0 0 0 0 0 0 0 0 0 0 0 0 0 0 0 0 0 0 0 0 0 0 0 0 0 0 0 0 0 0 0 0 0 0 0 0 0 0 0 0 0 0 0 0 0 0 0 0 0 0 0 0 0 0 0 0 0 0 0 0 0 0 0 0 0 0 0 0 0 0 0 0 0 0 0 0 0 0 0 0 0 0 
[12:48:09:136] 0 0 0 0 0 0 0 0 0 0 0 0 0 0 0 0 0 0 0 0 0 0 0 0 0 0 0 0 0 0 0 0 0 0 0 0 0 0 0 0 0 0 0 0 0 0 0 0 0 0 0 0 0 0 0 0 0 0 0 0 0 0 0 0 0 0 0 0 0 0 0 0 0 0 0 0 0 0 0 0 0 0 0 0 0 0 0 0 0 0 0 0 0 0 0 0 0 0 0 0 0 0 0 0 0 0 0 0 0 0 0 0 0 0 0 0 0 0 0 0 0 0 0 0 0 0 0 0 0 0 0 0 0 0 0 0 0 0 0 0 0 0 0 0 0 0 0 0 0 0 0 0 0 0 0 0 0 0 0 0 0 0 0 0 0 0 0 0 0 0 0 0 0 0 0 0 0 0 0 0 0 0 0 0 0 0 0 0 0 0 0 0 0 0 0 0 0 0 0 0 0 0 0 0 0 0 0 0 0 0 0 0 0 0 0 0 0 0 0 0 0 0 0 0 0 0 0 0 0 0 0 0 0 0 0 0 0 0 0 0 0 0 0 0 0 0 0 0 0 0 0 0 0 0 0 0 0 0 0 0 0 0 0 0 0 0 0 0 0 0 0 0 0 0 0 0 0 0 0 0 0 0 0 0 0 0 0 0 0 0 0 0 0 0 0 0 0 0 0 0 0 0 0 0 0 0 0 0 0 0 0 0 0 0 0 0 0 0 0 0 0 0 0 0 0 0 0 0 0 0 0 0 0 0 0 0 0 0 0 0 0 0 0 0 0 0 0 0 0 0 0 0 0 0 0 0 0 0 0 0 0 0 0 0 0 0 0 0 0 0 0 0 0 0 0 0 0 0 0 0 0 0 0 0 0 0 0 0 0 70 0 0 0 0 0 0 0 0 0 0 0 0 0 0 0 0 0 0 32 2 664 1067 0 0 0 0 0 0 0 0 0 0 0 0 0 0 0 0 515 939 248 238 25 0 0 0 0 0 0 0 0 0 0 0 0 0 0 60 260 0 606 1633 406 0 0 0 0 0 0 0 0 0 0 0 0 0 0 0 995 1209 198 507 212 0 0 0 0 0 0 0 0 0 0 0 0 0 0 118 52 21 97 355 186 0 0 0 0 0 0 0 0 0 0 0 0 0 0 0 116 238 41 16 291 47 19 0 0 0 0 0 0 0 0 0 0 0 0 18 32 384 338 624 698 0 0 0 0 0 0 0 0 0 0 0 0 0 0 0 687 1211 821 623 327 179 279 0 0 0 0 0 0 0 0 0 0 0 0 62 312 1381 1339 1319 1294 438 0 0 0 0 0 0 0 0 0 0 0 0 0 71 1219 965 1566 1197 1104 65 19 0 0 0 0 0 0 0 0 0 0 0 0 290 1002 1416 1680 1330 1494 910 0 0 0 0 0 0 0 0 0 0 0 0 0 32 1377 1540 1332 1459 1288 697 1 0 0 0 0 0 0 0 0 0 0 0 0 404 953 1684 1485 1276 1302 785 0 0 0 0 0 0 0 0 0 0 0 0 0 57 527 983 1388 1495 1407 1559 205 0 0 0 0 0 0 0 0 0 0 0 0 631 1058 1368 1129 893 722 48 0 0 0 0 0 0 0 0 0 0 0 0 0 0 3 479 558 833 1316 1247 869 0 0 0 0 0 0 0 0 0 0 0 0 622 991 762 545 59 28 0 0 0 0 0 0 0 0 0 0 0 0 0 0 0 0 3 92 869 1092 1325 901 0 0 0 0 0 0 0 0 0 0 0 0 99 315 547 156 5 0 16 0 0 0 0 0 0 0 0 0 0 0 0 0 0 0 0 24 398 681 871 413 0 0 0 0 0 0 0 0 0 0 0 0 0 74 74 72 22 32 0 0 0 0 0 0 0 0 0 0 0 0 0 0 0 0 0 0 267 450 593 0 0 0 0 0 0 0 0 0 0 0 0 0 0 1 77 55 40 0 0 0 0 0 0 0 0 0 0 0 0 0 0 0 0 0 0 0 81 459 283 0 0 0 0 0 0 0 0 0 0 0 0 0 0 0 0 73 68 0 0 0 0 0 0 0 0 0 0 0 0 0 0 0 0 0 0 0 74 158 0 0 0 0 0 0 0 0 0 0 0 0 0 0 0 0 105 56 8 0 0 0 0 0 0 0 0 0 0 0 0 0 0 0 0 0 0 0 36 22 0 0 0 0 0 0 0 0 0 0 0 0 0 0 0 0 0 4 0 0 0 0 0 0 0 0 0 0 0 0 0 0 0 0 0 0 30 32 30 0 0 0 0 0 0 0 0 0 0 0 0 0 0 0 0 0 0 0 0 58 148 24 0 0 0 0 0 0 0 0 0 0 0 0 0 167 361 178 0 0 0 0 0 0 0 0 0 0 0 0 0 0 0 0 0 0 0 0 0 220 1009 728 14 0 0 0 0 0 0 0 0 0 0 0 164 1199 1141 481 0 0 0 0 0 0 0 0 0 0 0 0 0 0 0 0 0 0 0 0 0 586 1616 2024 736 0 0 0 0 0 0 0 0 0 0 0 970 1442 1661 733 0 0 0 0 0 0 0 0 0 0 0 0 0 0 0 0 0 0 0 0 0 578 1903 1896 2008 372 0 0 0 0 0 0 0 0 0 26 1723 1773 1390 1017 0 0 0 0 0 0 0 0 0 0 0 0 0 0 0 0 0 0 0 0 0 479 1933 2614 2370 1165 0 0 0 0 0 0 0 0 0 0 1640 1592 1447 1065 0 0 0 0 0 0 0 0 0 0 0 0 0 0 0 0 0 0 0 0 0 164 1827 2608 2343 1294 0 0 0 0 0 0 0 0 0 0 584 1324 1223 309 0 0 0 0 0 0 0 0 0 0 0 0 0 0 0 0 0 0 0 0 0 0 622 1968 1794 46 0 0 0 0 0 0 0 0 0 0 0 170 138 0 0 0 0 0 0 0 0 0 0 0 0 0 0 0 0 0 0 0 0 0 0 0 0 0 48 0 0 0 0 0 0 0 0 0 0 0 0 0 0 0 0 0 0 0 0 0 0 0 0 0 0 0 0 0 0 0 0 0 0 0 0 0 0 0 0 0 0 0 0 0 0 0 0 0 0 0 0 0 0 0 0 0 0 0 0 0 0 0 0 0 0 0 0 0 0 0 0 0 0 0 0 0 0 0 0 0 0 0 0 0 0 0 0 0 0 0 0 0 0 0 0 0 0 0 0 0 0 0 0 0 0 0 0 0 0 0 0 0 0 0 0 0 0 0 0 0 0 0 0 0 0 0 0 0 0 0 0 0 0 0 0 0 0 0 0 0 0 0 0 0 0 0 0 0 0 0 0 0 0 0 0 0 0 0 0 0 0 0 0 0 0 0 0 0 0 0 0 0 0 0 0 0 0 0 0 0 0 0 0 0 0 0 0 0 0 0 0 0 0 0 0 0 0 0 0 0 0 0 0 0 0 0 0 0 0 0 0 0 0 0 0 0 0 0 0 0 0 0 0 0 0 0 0 0 0 0 0 0 0 0 0 0 0 0 0 0 0 0 0 0 0 0 0 0 0 0 0 0 0 0 0 0 0 0 0 0 0 0 0 0 0 0 0 0 0 0 0 0 0 0 0 0 0 0 0 0 0 0 0 0 0 0 0 0 0 0 0 0 0 0 0 0 0 0 0 0 0 0 0 
[12:48:09:260] 0 0 0 0 0 0 0 0 0 0 0 0 0 0 0 0 0 0 0 0 0 0 0 0 0 0 0 0 0 0 0 0 0 0 0 0 0 0 0 0 0 0 0 0 0 0 0 0 0 0 0 0 0 0 0 0 0 0 0 0 0 0 0 0 0 0 0 0 0 0 0 0 0 0 0 0 0 0 0 0 0 0 0 0 0 0 0 0 0 0 0 0 0 0 0 0 0 0 0 0 0 0 0 0 0 0 0 0 0 0 0 0 0 0 0 0 0 0 0 0 0 0 0 0 0 0 0 0 0 0 0 0 0 0 0 0 0 0 0 0 0 0 0 0 0 0 0 0 0 0 0 0 0 0 0 0 0 0 0 0 0 0 0 0 0 0 0 0 0 0 0 0 0 0 0 0 0 0 0 0 0 0 0 0 0 0 0 0 0 0 0 0 0 0 0 0 0 0 0 0 0 0 0 0 0 0 0 0 0 0 0 0 0 0 0 0 0 0 0 0 0 0 0 0 0 0 0 0 0 0 0 0 0 0 0 0 0 0 0 0 0 0 0 0 0 0 0 0 0 0 0 0 0 0 0 0 0 0 0 0 0 0 0 0 0 0 0 0 0 0 0 0 0 0 0 0 0 0 0 0 0 0 0 0 0 0 0 0 0 0 0 0 0 0 0 0 0 0 0 0 0 0 0 0 0 0 0 0 0 0 0 0 0 0 0 0 0 0 0 0 0 0 0 0 0 0 0 0 0 0 0 0 0 0 0 0 0 0 0 0 0 0 0 0 0 0 0 0 0 0 0 0 0 0 0 0 0 0 0 0 0 0 0 0 0 0 0 0 0 0 0 0 0 0 0 0 0 0 0 0 0 0 0 0 0 0 0 0 0 70 0 0 0 0 0 0 0 0 0 0 0 0 0 0 0 0 0 0 32 2 664 1067 0 0 0 0 0 0 0 0 0 0 0 0 0 0 0 0 515 939 248 238 25 0 0 0 0 0 0 0 0 0 0 0 0 0 0 60 260 0 606 1633 406 0 0 0 0 0 0 0 0 0 0 0 0 0 0 0 995 1209 198 507 212 0 0 0 0 0 0 0 0 0 0 0 0 0 0 118 52 21 97 355 186 0 0 0 0 0 0 0 0 0 0 0 0 0 0 0 116 238 41 16 291 47 19 0 0 0 0 0 0 0 0 0 0 0 0 18 32 384 338 624 698 0 0 0 0 0 0 0 0 0 0 0 0 0 0 0 687 1211 821 623 327 179 279 0 0 0 0 0 0 0 0 0 0 0 0 62 312 1381 1339 1319 1294 438 0 0 0 0 0 0 0 0 0 0 0 0 0 71 1219 965 1566 1197 1104 65 19 0 0 0 0 0 0 0 0 0 0 0 0 290 1002 1416 1680 1330 1494 910 0 0 0 0 0 0 0 0 0 0 0 0 0 32 1377 1540 1332 1459 1288 697 1 0 0 0 0 0 0 0 0 0 0 0 0 404 953 1684 1485 1276 1302 785 0 0 0 0 0 0 0 0 0 0 0 0 0 57 527 983 1388 1495 1407 1559 205 0 0 0 0 0 0 0 0 0 0 0 0 631 1058 1368 1129 893 722 48 0 0 0 0 0 0 0 0 0 0 0 0 0 0 3 479 558 833 1316 1247 869 0 0 0 0 0 0 0 0 0 0 0 0 622 991 762 545 59 28 0 0 0 0 0 0 0 0 0 0 0 0 0 0 0 0 3 92 869 1092 1325 901 0 0 0 0 0 0 0 0 0 0 0 0 99 315 547 156 5 0 16 0 0 0 0 0 0 0 0 0 0 0 0 0 0 0 0 24 398 681 871 413 0 0 0 0 0 0 0 0 0 0 0 0 0 74 74 72 22 32 0 0 0 0 0 0 0 0 0 0 0 0 0 0 0 0 0 0 267 450 593 0 0 0 0 0 0 0 0 0 0 0 0 0 0 1 77 55 40 0 0 0 0 0 0 0 0 0 0 0 0 0 0 0 0 0 0 0 81 459 283 0 0 0 0 0 0 0 0 0 0 0 0 0 0 0 0 73 68 0 0 0 0 0 0 0 0 0 0 0 0 0 0 0 0 0 0 0 74 158 0 0 0 0 0 0 0 0 0 0 0 0 0 0 0 0 105 56 8 0 0 0 0 0 0 0 0 0 0 0 0 0 0 0 0 0 0 0 36 22 0 0 0 0 0 0 0 0 0 0 0 0 0 0 0 0 0 4 0 0 0 0 0 0 0 0 0 0 0 0 0 0 0 0 0 0 30 32 30 0 0 0 0 0 0 0 0 0 0 0 0 0 0 0 0 0 0 0 0 58 148 24 0 0 0 0 0 0 0 0 0 0 0 0 0 167 361 178 0 0 0 0 0 0 0 0 0 0 0 0 0 0 0 0 0 0 0 0 0 220 1009 728 14 0 0 0 0 0 0 0 0 0 0 0 164 1199 1141 481 0 0 0 0 0 0 0 0 0 0 0 0 0 0 0 0 0 0 0 0 0 586 1616 2024 736 0 0 0 0 0 0 0 0 0 0 0 970 1442 1661 733 0 0 0 0 0 0 0 0 0 0 0 0 0 0 0 0 0 0 0 0 0 578 1903 1896 2008 372 0 0 0 0 0 0 0 0 0 26 1723 1773 1390 1017 0 0 0 0 0 0 0 0 0 0 0 0 0 0 0 0 0 0 0 0 0 479 1933 2614 2370 1165 0 0 0 0 0 0 0 0 0 0 1640 1592 1447 1065 0 0 0 0 0 0 0 0 0 0 0 0 0 0 0 0 0 0 0 0 0 164 1827 2608 2343 1294 0 0 0 0 0 0 0 0 0 0 584 1324 1223 309 0 0 0 0 0 0 0 0 0 0 0 0 0 0 0 0 0 0 0 0 0 0 622 1968 1794 46 0 0 0 0 0 0 0 0 0 0 0 170 138 0 0 0 0 0 0 0 0 0 0 0 0 0 0 0 0 0 0 0 0 0 0 0 0 0 48 0 0 0 0 0 0 0 0 0 0 0 0 0 0 0 0 0 0 0 0 0 0 0 0 0 0 0 0 0 0 0 0 0 0 0 0 0 0 0 0 0 0 0 0 0 0 0 0 0 0 0 0 0 0 0 0 0 0 0 0 0 0 0 0 0 0 0 0 0 0 0 0 0 0 0 0 0 0 0 0 0 0 0 0 0 0 0 0 0 0 0 0 0 0 0 0 0 0 0 0 0 0 0 0 0 0 0 0 0 0 0 0 0 0 0 0 0 0 0 0 0 0 0 0 0 0 0 0 0 0 0 0 0 0 0 0 0 0 0 0 0 0 0 0 0 0 0 0 0 0 0 0 0 0 0 0 0 0 0 0 0 0 0 0 0 0 0 0 0 0 0 0 0 0 0 0 0 0 0 0 0 0 0 0 0 0 0 0 0 0 0 0 0 0 0 0 0 0 0 0 0 0 0 0 0 0 0 0 0 0 0 0 0 0 0 0 0 0 0 0 0 0 0 0 0 0 0 0 0 0 0 0 0 0 0 0 0 0 0 0 0 0 0 0 0 0 0 0 0 0 0 0 0 0 0 0 0 0 0 0 0 0 0 0 0 0 0 0 0 0 0 0 0 0 0 0 0 0 0 0 0 0 0 0 0 0 0 0 0 0 0 0 0 0 0 0 0 0 0 0 0 0 0 0 
[12:48:09:383] 0 0 0 0 0 0 0 0 0 0 0 0 0 0 0 0 0 0 0 0 0 0 0 0 0 0 0 0 0 0 0 0 0 0 0 0 0 0 0 0 0 0 0 0 0 0 0 0 0 0 0 0 0 0 0 0 0 0 0 0 0 0 0 0 0 0 0 0 0 0 0 0 0 0 0 0 0 0 0 0 0 0 0 0 0 0 0 0 0 0 0 0 0 0 0 0 0 0 0 0 0 0 0 0 0 0 0 0 0 0 0 0 0 0 0 0 0 0 0 0 0 0 0 0 0 0 0 0 0 0 0 0 0 0 0 0 0 0 0 0 0 0 0 0 0 0 0 0 0 0 0 0 0 0 0 0 0 0 0 0 0 0 0 0 0 0 0 0 0 0 0 0 0 0 0 0 0 0 0 0 0 0 0 0 0 0 0 0 0 0 0 0 0 0 0 0 0 0 0 0 0 0 0 0 0 0 0 0 0 0 0 0 0 0 0 0 0 0 0 0 0 0 0 0 0 0 0 0 0 0 0 0 0 0 0 0 0 0 0 0 0 0 0 0 0 0 0 0 0 0 0 0 0 0 0 0 0 0 0 0 0 0 0 0 0 0 0 0 0 0 0 0 0 0 0 0 0 0 0 0 0 0 0 0 0 0 0 0 0 0 0 0 0 0 0 0 0 0 0 0 0 0 0 0 0 0 0 0 0 0 0 0 0 0 0 0 0 0 0 0 0 0 0 0 0 0 0 0 0 0 0 0 0 0 0 0 0 0 0 0 0 0 0 0 0 0 0 0 0 0 0 0 0 0 0 0 0 0 0 0 0 0 0 0 0 0 0 0 0 0 0 0 0 0 0 0 0 0 0 0 0 0 0 0 0 0 0 0 0 70 0 0 0 0 0 0 0 0 0 0 0 0 0 0 0 0 0 0 32 2 664 1067 0 0 0 0 0 0 0 0 0 0 0 0 0 0 0 0 515 939 248 238 25 0 0 0 0 0 0 0 0 0 0 0 0 0 0 60 260 0 606 1633 406 0 0 0 0 0 0 0 0 0 0 0 0 0 0 0 995 1209 198 507 212 0 0 0 0 0 0 0 0 0 0 0 0 0 0 118 52 21 97 355 186 0 0 0 0 0 0 0 0 0 0 0 0 0 0 0 116 238 41 16 291 47 19 0 0 0 0 0 0 0 0 0 0 0 0 18 32 384 338 624 698 0 0 0 0 0 0 0 0 0 0 0 0 0 0 0 687 1211 821 623 327 179 279 0 0 0 0 0 0 0 0 0 0 0 0 62 312 1381 1339 1319 1294 438 0 0 0 0 0 0 0 0 0 0 0 0 0 71 1219 965 1566 1197 1104 65 19 0 0 0 0 0 0 0 0 0 0 0 0 290 1002 1416 1680 1330 1494 910 0 0 0 0 0 0 0 0 0 0 0 0 0 32 1377 1540 1332 1459 1288 697 1 0 0 0 0 0 0 0 0 0 0 0 0 404 953 1684 1485 1276 1302 785 0 0 0 0 0 0 0 0 0 0 0 0 0 57 527 983 1388 1495 1407 1559 205 0 0 0 0 0 0 0 0 0 0 0 0 631 1058 1368 1129 893 722 48 0 0 0 0 0 0 0 0 0 0 0 0 0 0 3 479 558 833 1316 1247 869 0 0 0 0 0 0 0 0 0 0 0 0 622 991 762 545 59 28 0 0 0 0 0 0 0 0 0 0 0 0 0 0 0 0 3 92 869 1092 1325 901 0 0 0 0 0 0 0 0 0 0 0 0 99 315 547 156 5 0 16 0 0 0 0 0 0 0 0 0 0 0 0 0 0 0 0 24 398 681 871 413 0 0 0 0 0 0 0 0 0 0 0 0 0 74 74 72 22 32 0 0 0 0 0 0 0 0 0 0 0 0 0 0 0 0 0 0 267 450 593 0 0 0 0 0 0 0 0 0 0 0 0 0 0 1 77 55 40 0 0 0 0 0 0 0 0 0 0 0 0 0 0 0 0 0 0 0 81 459 283 0 0 0 0 0 0 0 0 0 0 0 0 0 0 0 0 73 68 0 0 0 0 0 0 0 0 0 0 0 0 0 0 0 0 0 0 0 74 158 0 0 0 0 0 0 0 0 0 0 0 0 0 0 0 0 105 56 8 0 0 0 0 0 0 0 0 0 0 0 0 0 0 0 0 0 0 0 36 22 0 0 0 0 0 0 0 0 0 0 0 0 0 0 0 0 0 4 0 0 0 0 0 0 0 0 0 0 0 0 0 0 0 0 0 0 30 32 30 0 0 0 0 0 0 0 0 0 0 0 0 0 0 0 0 0 0 0 0 58 148 24 0 0 0 0 0 0 0 0 0 0 0 0 0 167 361 178 0 0 0 0 0 0 0 0 0 0 0 0 0 0 0 0 0 0 0 0 0 220 1009 728 14 0 0 0 0 0 0 0 0 0 0 0 164 1199 1141 481 0 0 0 0 0 0 0 0 0 0 0 0 0 0 0 0 0 0 0 0 0 586 1616 2024 736 0 0 0 0 0 0 0 0 0 0 0 970 1442 1661 733 0 0 0 0 0 0 0 0 0 0 0 0 0 0 0 0 0 0 0 0 0 578 1903 1896 2008 372 0 0 0 0 0 0 0 0 0 26 1723 1773 1390 1017 0 0 0 0 0 0 0 0 0 0 0 0 0 0 0 0 0 0 0 0 0 479 1933 2614 2370 1165 0 0 0 0 0 0 0 0 0 0 1640 1592 1447 1065 0 0 0 0 0 0 0 0 0 0 0 0 0 0 0 0 0 0 0 0 0 164 1827 2608 2343 1294 0 0 0 0 0 0 0 0 0 0 584 1324 1223 309 0 0 0 0 0 0 0 0 0 0 0 0 0 0 0 0 0 0 0 0 0 0 622 1968 1794 46 0 0 0 0 0 0 0 0 0 0 0 170 138 0 0 0 0 0 0 0 0 0 0 0 0 0 0 0 0 0 0 0 0 0 0 0 0 0 48 0 0 0 0 0 0 0 0 0 0 0 0 0 0 0 0 0 0 0 0 0 0 0 0 0 0 0 0 0 0 0 0 0 0 0 0 0 0 0 0 0 0 0 0 0 0 0 0 0 0 0 0 0 0 0 0 0 0 0 0 0 0 0 0 0 0 0 0 0 0 0 0 0 0 0 0 0 0 0 0 0 0 0 0 0 0 0 0 0 0 0 0 0 0 0 0 0 0 0 0 0 0 0 0 0 0 0 0 0 0 0 0 0 0 0 0 0 0 0 0 0 0 0 0 0 0 0 0 0 0 0 0 0 0 0 0 0 0 0 0 0 0 0 0 0 0 0 0 0 0 0 0 0 0 0 0 0 0 0 0 0 0 0 0 0 0 0 0 0 0 0 0 0 0 0 0 0 0 0 0 0 0 0 0 0 0 0 0 0 0 0 0 0 0 0 0 0 0 0 0 0 0 0 0 0 0 0 0 0 0 0 0 0 0 0 0 0 0 0 0 0 0 0 0 0 0 0 0 0 0 0 0 0 0 0 0 0 0 0 0 0 0 0 0 0 0 0 0 0 0 0 0 0 0 0 0 0 0 0 0 0 0 0 0 0 0 0 0 0 0 0 0 0 0 0 0 0 0 0 0 0 0 0 0 0 0 0 0 0 0 0 0 0 0 0 0 0 0 0 0 0 0 0 0 
[12:48:09:509] 0 0 0 0 0 0 0 0 0 0 0 0 0 0 0 0 0 0 0 0 0 0 0 0 0 0 0 0 0 0 0 0 0 0 0 0 0 0 0 0 0 0 0 0 0 0 0 0 0 0 0 0 0 0 0 0 0 0 0 0 0 0 0 0 0 0 0 0 0 0 0 0 0 0 0 0 0 0 0 0 0 0 0 0 0 0 0 0 0 0 0 0 0 0 0 0 0 0 0 0 0 0 0 0 0 0 0 0 0 0 0 0 0 0 0 0 0 0 0 0 0 0 0 0 0 0 0 0 0 0 0 0 0 0 0 0 0 0 0 0 0 0 0 0 0 0 0 0 0 0 0 0 0 0 0 0 0 0 0 0 0 0 0 0 0 0 0 0 0 0 0 0 0 0 0 0 0 0 0 0 0 0 0 0 0 0 0 0 0 0 0 0 0 0 0 0 0 0 0 0 0 0 0 0 0 0 0 0 0 0 0 0 0 0 0 0 0 0 0 0 0 0 0 0 0 0 0 0 0 0 0 0 0 0 0 0 0 0 0 0 0 0 0 0 0 0 0 0 0 0 0 0 0 0 0 0 0 0 0 0 0 0 0 0 0 0 0 0 0 0 0 0 0 0 0 0 0 0 0 0 0 0 0 0 0 0 0 0 0 0 0 0 0 0 0 0 0 0 0 0 0 0 0 0 0 0 0 0 0 0 0 0 0 0 0 0 0 0 0 0 0 0 0 0 0 0 0 0 0 0 0 0 0 0 0 0 0 0 0 0 0 0 0 0 0 0 0 0 0 0 0 0 0 0 0 0 0 0 0 0 0 0 0 0 0 0 0 0 0 0 0 0 0 0 0 0 0 0 0 0 0 0 0 0 0 0 0 0 0 70 0 0 0 0 0 0 0 0 0 0 0 0 0 0 0 0 0 0 32 2 664 1067 0 0 0 0 0 0 0 0 0 0 0 0 0 0 0 0 515 939 248 238 25 0 0 0 0 0 0 0 0 0 0 0 0 0 0 60 260 0 606 1633 406 0 0 0 0 0 0 0 0 0 0 0 0 0 0 0 995 1209 198 507 212 0 0 0 0 0 0 0 0 0 0 0 0 0 0 118 52 21 97 355 186 0 0 0 0 0 0 0 0 0 0 0 0 0 0 0 116 238 41 16 291 47 19 0 0 0 0 0 0 0 0 0 0 0 0 18 32 384 338 624 698 0 0 0 0 0 0 0 0 0 0 0 0 0 0 0 687 1211 821 623 327 179 279 0 0 0 0 0 0 0 0 0 0 0 0 62 312 1381 1339 1319 1294 438 0 0 0 0 0 0 0 0 0 0 0 0 0 71 1219 965 1566 1197 1104 65 19 0 0 0 0 0 0 0 0 0 0 0 0 290 1002 1416 1680 1330 1494 910 0 0 0 0 0 0 0 0 0 0 0 0 0 32 1377 1540 1332 1459 1288 697 1 0 0 0 0 0 0 0 0 0 0 0 0 404 953 1684 1485 1276 1302 785 0 0 0 0 0 0 0 0 0 0 0 0 0 57 527 983 1388 1495 1407 1559 205 0 0 0 0 0 0 0 0 0 0 0 0 631 1058 1368 1129 893 722 48 0 0 0 0 0 0 0 0 0 0 0 0 0 0 3 479 558 833 1316 1247 869 0 0 0 0 0 0 0 0 0 0 0 0 622 991 762 545 59 28 0 0 0 0 0 0 0 0 0 0 0 0 0 0 0 0 3 92 869 1092 1325 901 0 0 0 0 0 0 0 0 0 0 0 0 99 315 547 156 5 0 16 0 0 0 0 0 0 0 0 0 0 0 0 0 0 0 0 24 398 681 871 413 0 0 0 0 0 0 0 0 0 0 0 0 0 74 74 72 22 32 0 0 0 0 0 0 0 0 0 0 0 0 0 0 0 0 0 0 267 450 593 0 0 0 0 0 0 0 0 0 0 0 0 0 0 1 77 55 40 0 0 0 0 0 0 0 0 0 0 0 0 0 0 0 0 0 0 0 81 459 283 0 0 0 0 0 0 0 0 0 0 0 0 0 0 0 0 73 68 0 0 0 0 0 0 0 0 0 0 0 0 0 0 0 0 0 0 0 74 158 0 0 0 0 0 0 0 0 0 0 0 0 0 0 0 0 105 56 8 0 0 0 0 0 0 0 0 0 0 0 0 0 0 0 0 0 0 0 36 22 0 0 0 0 0 0 0 0 0 0 0 0 0 0 0 0 0 4 0 0 0 0 0 0 0 0 0 0 0 0 0 0 0 0 0 0 30 32 30 0 0 0 0 0 0 0 0 0 0 0 0 0 0 0 0 0 0 0 0 58 148 24 0 0 0 0 0 0 0 0 0 0 0 0 0 167 361 178 0 0 0 0 0 0 0 0 0 0 0 0 0 0 0 0 0 0 0 0 0 220 1009 728 14 0 0 0 0 0 0 0 0 0 0 0 164 1199 1141 481 0 0 0 0 0 0 0 0 0 0 0 0 0 0 0 0 0 0 0 0 0 586 1616 2024 736 0 0 0 0 0 0 0 0 0 0 0 970 1442 1661 733 0 0 0 0 0 0 0 0 0 0 0 0 0 0 0 0 0 0 0 0 0 578 1903 1896 2008 372 0 0 0 0 0 0 0 0 0 26 1723 1773 1390 1017 0 0 0 0 0 0 0 0 0 0 0 0 0 0 0 0 0 0 0 0 0 479 1933 2614 2370 1165 0 0 0 0 0 0 0 0 0 0 1640 1592 1447 1065 0 0 0 0 0 0 0 0 0 0 0 0 0 0 0 0 0 0 0 0 0 164 1827 2608 2343 1294 0 0 0 0 0 0 0 0 0 0 584 1324 1223 309 0 0 0 0 0 0 0 0 0 0 0 0 0 0 0 0 0 0 0 0 0 0 622 1968 1794 46 0 0 0 0 0 0 0 0 0 0 0 170 138 0 0 0 0 0 0 0 0 0 0 0 0 0 0 0 0 0 0 0 0 0 0 0 0 0 48 0 0 0 0 0 0 0 0 0 0 0 0 0 0 0 0 0 0 0 0 0 0 0 0 0 0 0 0 0 0 0 0 0 0 0 0 0 0 0 0 0 0 0 0 0 0 0 0 0 0 0 0 0 0 0 0 0 0 0 0 0 0 0 0 0 0 0 0 0 0 0 0 0 0 0 0 0 0 0 0 0 0 0 0 0 0 0 0 0 0 0 0 0 0 0 0 0 0 0 0 0 0 0 0 0 0 0 0 0 0 0 0 0 0 0 0 0 0 0 0 0 0 0 0 0 0 0 0 0 0 0 0 0 0 0 0 0 0 0 0 0 0 0 0 0 0 0 0 0 0 0 0 0 0 0 0 0 0 0 0 0 0 0 0 0 0 0 0 0 0 0 0 0 0 0 0 0 0 0 0 0 0 0 0 0 0 0 0 0 0 0 0 0 0 0 0 0 0 0 0 0 0 0 0 0 0 0 0 0 0 0 0 0 0 0 0 0 0 0 0 0 0 0 0 0 0 0 0 0 0 0 0 0 0 0 0 0 0 0 0 0 0 0 0 0 0 0 0 0 0 0 0 0 0 0 0 0 0 0 0 0 0 0 0 0 0 0 0 0 0 0 0 0 0 0 0 0 0 0 0 0 0 0 0 0 0 0 0 0 0 0 0 0 0 0 0 0 0 0 0 0 0 0 0 
[12:48:09:633] 0 0 0 0 0 0 0 0 0 0 0 0 0 0 0 0 0 0 0 0 0 0 0 0 0 0 0 0 0 0 0 0 0 0 0 0 0 0 0 0 0 0 0 0 0 0 0 0 0 0 0 0 0 0 0 0 0 0 0 0 0 0 0 0 0 0 0 0 0 0 0 0 0 0 0 0 0 0 0 0 0 0 0 0 0 0 0 0 0 0 0 0 0 0 0 0 0 0 0 0 0 0 0 0 0 0 0 0 0 0 0 0 0 0 0 0 0 0 0 0 0 0 0 0 0 0 0 0 0 0 0 0 0 0 0 0 0 0 0 0 0 0 0 0 0 0 0 0 0 0 0 0 0 0 0 0 0 0 0 0 0 0 0 0 0 0 0 0 0 0 0 0 0 0 0 0 0 0 0 0 0 0 0 0 0 0 0 0 0 0 0 0 0 0 0 0 0 0 0 0 0 0 0 0 0 0 0 0 0 0 0 0 0 0 0 0 0 0 0 0 0 0 0 0 0 0 0 0 0 0 0 0 0 0 0 0 0 0 0 0 0 0 0 0 0 0 0 0 0 0 0 0 0 0 0 0 0 0 0 0 0 0 0 0 0 0 0 0 0 0 0 0 0 0 0 0 0 0 0 0 0 0 0 0 0 0 0 0 0 0 0 0 0 0 0 0 0 0 0 0 0 0 0 0 0 0 0 0 0 0 0 0 0 0 0 0 0 0 0 0 0 0 0 0 0 0 0 0 0 0 0 0 0 0 0 0 0 0 0 0 0 0 0 0 0 0 0 0 0 0 0 0 0 0 0 0 0 0 0 0 0 0 0 0 0 0 0 0 0 0 0 0 0 0 0 0 0 0 0 0 0 0 0 0 0 0 0 0 0 70 0 0 0 0 0 0 0 0 0 0 0 0 0 0 0 0 0 0 32 2 664 1067 0 0 0 0 0 0 0 0 0 0 0 0 0 0 0 0 515 939 248 238 25 0 0 0 0 0 0 0 0 0 0 0 0 0 0 60 260 0 606 1633 406 0 0 0 0 0 0 0 0 0 0 0 0 0 0 0 995 1209 198 507 212 0 0 0 0 0 0 0 0 0 0 0 0 0 0 118 52 21 97 355 186 0 0 0 0 0 0 0 0 0 0 0 0 0 0 0 116 238 41 16 291 47 19 0 0 0 0 0 0 0 0 0 0 0 0 18 32 384 338 624 698 0 0 0 0 0 0 0 0 0 0 0 0 0 0 0 687 1211 821 623 327 179 279 0 0 0 0 0 0 0 0 0 0 0 0 62 312 1381 1339 1319 1294 438 0 0 0 0 0 0 0 0 0 0 0 0 0 71 1219 965 1566 1197 1104 65 19 0 0 0 0 0 0 0 0 0 0 0 0 290 1002 1416 1680 1330 1494 910 0 0 0 0 0 0 0 0 0 0 0 0 0 32 1377 1540 1332 1459 1288 697 1 0 0 0 0 0 0 0 0 0 0 0 0 404 953 1684 1485 1276 1302 785 0 0 0 0 0 0 0 0 0 0 0 0 0 57 527 983 1388 1495 1407 1559 205 0 0 0 0 0 0 0 0 0 0 0 0 631 1058 1368 1129 893 722 48 0 0 0 0 0 0 0 0 0 0 0 0 0 0 3 479 558 833 1316 1247 869 0 0 0 0 0 0 0 0 0 0 0 0 622 991 762 545 59 28 0 0 0 0 0 0 0 0 0 0 0 0 0 0 0 0 3 92 869 1092 1325 901 0 0 0 0 0 0 0 0 0 0 0 0 99 315 547 156 5 0 16 0 0 0 0 0 0 0 0 0 0 0 0 0 0 0 0 24 398 681 871 413 0 0 0 0 0 0 0 0 0 0 0 0 0 74 74 72 22 32 0 0 0 0 0 0 0 0 0 0 0 0 0 0 0 0 0 0 267 450 593 0 0 0 0 0 0 0 0 0 0 0 0 0 0 1 77 55 40 0 0 0 0 0 0 0 0 0 0 0 0 0 0 0 0 0 0 0 81 459 283 0 0 0 0 0 0 0 0 0 0 0 0 0 0 0 0 73 68 0 0 0 0 0 0 0 0 0 0 0 0 0 0 0 0 0 0 0 74 158 0 0 0 0 0 0 0 0 0 0 0 0 0 0 0 0 105 56 8 0 0 0 0 0 0 0 0 0 0 0 0 0 0 0 0 0 0 0 36 22 0 0 0 0 0 0 0 0 0 0 0 0 0 0 0 0 0 4 0 0 0 0 0 0 0 0 0 0 0 0 0 0 0 0 0 0 30 32 30 0 0 0 0 0 0 0 0 0 0 0 0 0 0 0 0 0 0 0 0 58 148 24 0 0 0 0 0 0 0 0 0 0 0 0 0 167 361 178 0 0 0 0 0 0 0 0 0 0 0 0 0 0 0 0 0 0 0 0 0 220 1009 728 14 0 0 0 0 0 0 0 0 0 0 0 164 1199 1141 481 0 0 0 0 0 0 0 0 0 0 0 0 0 0 0 0 0 0 0 0 0 586 1616 2024 736 0 0 0 0 0 0 0 0 0 0 0 970 1442 1661 733 0 0 0 0 0 0 0 0 0 0 0 0 0 0 0 0 0 0 0 0 0 578 1903 1896 2008 372 0 0 0 0 0 0 0 0 0 26 1723 1773 1390 1017 0 0 0 0 0 0 0 0 0 0 0 0 0 0 0 0 0 0 0 0 0 479 1933 2614 2370 1165 0 0 0 0 0 0 0 0 0 0 1640 1592 1447 1065 0 0 0 0 0 0 0 0 0 0 0 0 0 0 0 0 0 0 0 0 0 164 1827 2608 2343 1294 0 0 0 0 0 0 0 0 0 0 584 1324 1223 309 0 0 0 0 0 0 0 0 0 0 0 0 0 0 0 0 0 0 0 0 0 0 622 1968 1794 46 0 0 0 0 0 0 0 0 0 0 0 170 138 0 0 0 0 0 0 0 0 0 0 0 0 0 0 0 0 0 0 0 0 0 0 0 0 0 48 0 0 0 0 0 0 0 0 0 0 0 0 0 0 0 0 0 0 0 0 0 0 0 0 0 0 0 0 0 0 0 0 0 0 0 0 0 0 0 0 0 0 0 0 0 0 0 0 0 0 0 0 0 0 0 0 0 0 0 0 0 0 0 0 0 0 0 0 0 0 0 0 0 0 0 0 0 0 0 0 0 0 0 0 0 0 0 0 0 0 0 0 0 0 0 0 0 0 0 0 0 0 0 0 0 0 0 0 0 0 0 0 0 0 0 0 0 0 0 0 0 0 0 0 0 0 0 0 0 0 0 0 0 0 0 0 0 0 0 0 0 0 0 0 0 0 0 0 0 0 0 0 0 0 0 0 0 0 0 0 0 0 0 0 0 0 0 0 0 0 0 0 0 0 0 0 0 0 0 0 0 0 0 0 0 0 0 0 0 0 0 0 0 0 0 0 0 0 0 0 0 0 0 0 0 0 0 0 0 0 0 0 0 0 0 0 0 0 0 0 0 0 0 0 0 0 0 0 0 0 0 0 0 0 0 0 0 0 0 0 0 0 0 0 0 0 0 0 0 0 0 0 0 0 0 0 0 0 0 0 0 0 0 0 0 0 0 0 0 0 0 0 0 0 0 0 0 0 0 0 0 0 0 0 0 0 0 0 0 0 0 0 0 0 0 0 0 0 0 0 0 0 0 0 
[12:48:09:759] 0 0 0 0 0 0 0 0 0 0 0 0 0 0 0 0 0 0 0 0 0 0 0 0 0 0 0 0 0 0 0 0 0 0 0 0 0 0 0 0 0 0 0 0 0 0 0 0 0 0 0 0 0 0 0 0 0 0 0 0 0 0 0 0 0 0 0 0 0 0 0 0 0 0 0 0 0 0 0 0 0 0 0 0 0 0 0 0 0 0 0 0 0 0 0 0 0 0 0 0 0 0 0 0 0 0 0 0 0 0 0 0 0 0 0 0 0 0 0 0 0 0 0 0 0 0 0 0 0 0 0 0 0 0 0 0 0 0 0 0 0 0 0 0 0 0 0 0 0 0 0 0 0 0 0 0 0 0 0 0 0 0 0 0 0 0 0 0 0 0 0 0 0 0 0 0 0 0 0 0 0 0 0 0 0 0 0 0 0 0 0 0 0 0 0 0 0 0 0 0 0 0 0 0 0 0 0 0 0 0 0 0 0 0 0 0 0 0 0 0 0 0 0 0 0 0 0 0 0 0 0 0 0 0 0 0 0 0 0 0 0 0 0 0 0 0 0 0 0 0 0 0 0 0 0 0 0 0 0 0 0 0 0 0 0 0 0 0 0 0 0 0 0 0 0 0 0 0 0 0 0 0 0 0 0 0 0 0 0 0 0 0 0 0 0 0 0 0 0 0 0 0 0 0 0 0 0 0 0 0 0 0 0 0 0 0 0 0 0 0 0 0 0 0 0 0 0 0 0 0 0 0 0 0 0 0 0 0 0 0 0 0 0 0 0 0 0 0 0 0 0 0 0 0 0 0 0 0 0 0 0 0 0 0 0 0 0 0 0 0 0 0 0 0 0 0 0 0 0 0 0 0 0 0 0 0 0 0 0 70 0 0 0 0 0 0 0 0 0 0 0 0 0 0 0 0 0 0 32 2 664 1067 0 0 0 0 0 0 0 0 0 0 0 0 0 0 0 0 515 939 248 238 25 0 0 0 0 0 0 0 0 0 0 0 0 0 0 60 260 0 606 1633 406 0 0 0 0 0 0 0 0 0 0 0 0 0 0 0 995 1209 198 507 212 0 0 0 0 0 0 0 0 0 0 0 0 0 0 118 52 21 97 355 186 0 0 0 0 0 0 0 0 0 0 0 0 0 0 0 116 238 41 16 291 47 19 0 0 0 0 0 0 0 0 0 0 0 0 18 32 384 338 624 698 0 0 0 0 0 0 0 0 0 0 0 0 0 0 0 687 1211 821 623 327 179 279 0 0 0 0 0 0 0 0 0 0 0 0 62 312 1381 1339 1319 1294 438 0 0 0 0 0 0 0 0 0 0 0 0 0 71 1219 965 1566 1197 1104 65 19 0 0 0 0 0 0 0 0 0 0 0 0 290 1002 1416 1680 1330 1494 910 0 0 0 0 0 0 0 0 0 0 0 0 0 32 1377 1540 1332 1459 1288 697 1 0 0 0 0 0 0 0 0 0 0 0 0 404 953 1684 1485 1276 1302 785 0 0 0 0 0 0 0 0 0 0 0 0 0 57 527 983 1388 1495 1407 1559 205 0 0 0 0 0 0 0 0 0 0 0 0 631 1058 1368 1129 893 722 48 0 0 0 0 0 0 0 0 0 0 0 0 0 0 3 479 558 833 1316 1247 869 0 0 0 0 0 0 0 0 0 0 0 0 622 991 762 545 59 28 0 0 0 0 0 0 0 0 0 0 0 0 0 0 0 0 3 92 869 1092 1325 901 0 0 0 0 0 0 0 0 0 0 0 0 99 315 547 156 5 0 16 0 0 0 0 0 0 0 0 0 0 0 0 0 0 0 0 24 398 681 871 413 0 0 0 0 0 0 0 0 0 0 0 0 0 74 74 72 22 32 0 0 0 0 0 0 0 0 0 0 0 0 0 0 0 0 0 0 267 450 593 0 0 0 0 0 0 0 0 0 0 0 0 0 0 1 77 55 40 0 0 0 0 0 0 0 0 0 0 0 0 0 0 0 0 0 0 0 81 459 283 0 0 0 0 0 0 0 0 0 0 0 0 0 0 0 0 73 68 0 0 0 0 0 0 0 0 0 0 0 0 0 0 0 0 0 0 0 74 158 0 0 0 0 0 0 0 0 0 0 0 0 0 0 0 0 105 56 8 0 0 0 0 0 0 0 0 0 0 0 0 0 0 0 0 0 0 0 36 22 0 0 0 0 0 0 0 0 0 0 0 0 0 0 0 0 0 4 0 0 0 0 0 0 0 0 0 0 0 0 0 0 0 0 0 0 30 32 30 0 0 0 0 0 0 0 0 0 0 0 0 0 0 0 0 0 0 0 0 58 148 24 0 0 0 0 0 0 0 0 0 0 0 0 0 167 361 178 0 0 0 0 0 0 0 0 0 0 0 0 0 0 0 0 0 0 0 0 0 220 1009 728 14 0 0 0 0 0 0 0 0 0 0 0 164 1199 1141 481 0 0 0 0 0 0 0 0 0 0 0 0 0 0 0 0 0 0 0 0 0 586 1616 2024 736 0 0 0 0 0 0 0 0 0 0 0 970 1442 1661 733 0 0 0 0 0 0 0 0 0 0 0 0 0 0 0 0 0 0 0 0 0 578 1903 1896 2008 372 0 0 0 0 0 0 0 0 0 26 1723 1773 1390 1017 0 0 0 0 0 0 0 0 0 0 0 0 0 0 0 0 0 0 0 0 0 479 1933 2614 2370 1165 0 0 0 0 0 0 0 0 0 0 1640 1592 1447 1065 0 0 0 0 0 0 0 0 0 0 0 0 0 0 0 0 0 0 0 0 0 164 1827 2608 2343 1294 0 0 0 0 0 0 0 0 0 0 584 1324 1223 309 0 0 0 0 0 0 0 0 0 0 0 0 0 0 0 0 0 0 0 0 0 0 622 1968 1794 46 0 0 0 0 0 0 0 0 0 0 0 170 138 0 0 0 0 0 0 0 0 0 0 0 0 0 0 0 0 0 0 0 0 0 0 0 0 0 48 0 0 0 0 0 0 0 0 0 0 0 0 0 0 0 0 0 0 0 0 0 0 0 0 0 0 0 0 0 0 0 0 0 0 0 0 0 0 0 0 0 0 0 0 0 0 0 0 0 0 0 0 0 0 0 0 0 0 0 0 0 0 0 0 0 0 0 0 0 0 0 0 0 0 0 0 0 0 0 0 0 0 0 0 0 0 0 0 0 0 0 0 0 0 0 0 0 0 0 0 0 0 0 0 0 0 0 0 0 0 0 0 0 0 0 0 0 0 0 0 0 0 0 0 0 0 0 0 0 0 0 0 0 0 0 0 0 0 0 0 0 0 0 0 0 0 0 0 0 0 0 0 0 0 0 0 0 0 0 0 0 0 0 0 0 0 0 0 0 0 0 0 0 0 0 0 0 0 0 0 0 0 0 0 0 0 0 0 0 0 0 0 0 0 0 0 0 0 0 0 0 0 0 0 0 0 0 0 0 0 0 0 0 0 0 0 0 0 0 0 0 0 0 0 0 0 0 0 0 0 0 0 0 0 0 0 0 0 0 0 0 0 0 0 0 0 0 0 0 0 0 0 0 0 0 0 0 0 0 0 0 0 0 0 0 0 0 0 0 0 0 0 0 0 0 0 0 0 0 0 0 0 0 0 0 0 0 0 0 0 0 0 0 0 0 0 0 0 0 0 0 0 0 0 
[12:48:09:884] 0 0 0 0 0 0 0 0 0 0 0 0 0 0 0 0 0 0 0 0 0 0 0 0 0 0 0 0 0 0 0 0 0 0 0 0 0 0 0 0 0 0 0 0 0 0 0 0 0 0 0 0 0 0 0 0 0 0 0 0 0 0 0 0 0 0 0 0 0 0 0 0 0 0 0 0 0 0 0 0 0 0 0 0 0 0 0 0 0 0 0 0 0 0 0 0 0 0 0 0 0 0 0 0 0 0 0 0 0 0 0 0 0 0 0 0 0 0 0 0 0 0 0 0 0 0 0 0 0 0 0 0 0 0 0 0 0 0 0 0 0 0 0 0 0 0 0 0 0 0 0 0 0 0 0 0 0 0 0 0 0 0 0 0 0 0 0 0 0 0 0 0 0 0 0 0 0 0 0 0 0 0 0 0 0 0 0 0 0 0 0 0 0 0 0 0 0 0 0 0 0 0 0 0 0 0 0 0 0 0 0 0 0 0 0 0 0 0 0 0 0 0 0 0 0 0 0 0 0 0 0 0 0 0 0 0 0 0 0 0 0 0 0 0 0 0 0 0 0 0 0 0 0 0 0 0 0 0 0 0 0 0 0 0 0 0 0 0 0 0 0 0 0 0 0 0 0 0 0 0 0 0 0 0 0 0 0 0 0 0 0 0 0 0 0 0 0 0 0 0 0 0 0 0 0 0 0 0 0 0 0 0 0 0 0 0 0 0 0 0 0 0 0 0 0 0 0 0 0 0 0 0 0 0 0 0 0 0 0 0 0 0 0 0 0 0 0 0 0 0 0 0 0 0 0 0 0 0 0 0 0 0 0 0 0 0 0 0 0 0 0 0 0 0 0 0 0 0 0 0 0 0 0 0 0 0 0 0 0 70 0 0 0 0 0 0 0 0 0 0 0 0 0 0 0 0 0 0 32 2 664 1067 0 0 0 0 0 0 0 0 0 0 0 0 0 0 0 0 515 939 248 238 25 0 0 0 0 0 0 0 0 0 0 0 0 0 0 60 260 0 606 1633 406 0 0 0 0 0 0 0 0 0 0 0 0 0 0 0 995 1209 198 507 212 0 0 0 0 0 0 0 0 0 0 0 0 0 0 118 52 21 97 355 186 0 0 0 0 0 0 0 0 0 0 0 0 0 0 0 116 238 41 16 291 47 19 0 0 0 0 0 0 0 0 0 0 0 0 18 32 384 338 624 698 0 0 0 0 0 0 0 0 0 0 0 0 0 0 0 687 1211 821 623 327 179 279 0 0 0 0 0 0 0 0 0 0 0 0 62 312 1381 1339 1319 1294 438 0 0 0 0 0 0 0 0 0 0 0 0 0 71 1219 965 1566 1197 1104 65 19 0 0 0 0 0 0 0 0 0 0 0 0 290 1002 1416 1680 1330 1494 910 0 0 0 0 0 0 0 0 0 0 0 0 0 32 1377 1540 1332 1459 1288 697 1 0 0 0 0 0 0 0 0 0 0 0 0 404 953 1684 1485 1276 1302 785 0 0 0 0 0 0 0 0 0 0 0 0 0 57 527 983 1388 1495 1407 1559 205 0 0 0 0 0 0 0 0 0 0 0 0 631 1058 1368 1129 893 722 48 0 0 0 0 0 0 0 0 0 0 0 0 0 0 3 479 558 833 1316 1247 869 0 0 0 0 0 0 0 0 0 0 0 0 622 991 762 545 59 28 0 0 0 0 0 0 0 0 0 0 0 0 0 0 0 0 3 92 869 1092 1325 901 0 0 0 0 0 0 0 0 0 0 0 0 99 315 547 156 5 0 16 0 0 0 0 0 0 0 0 0 0 0 0 0 0 0 0 24 398 681 871 413 0 0 0 0 0 0 0 0 0 0 0 0 0 74 74 72 22 32 0 0 0 0 0 0 0 0 0 0 0 0 0 0 0 0 0 0 267 450 593 0 0 0 0 0 0 0 0 0 0 0 0 0 0 1 77 55 40 0 0 0 0 0 0 0 0 0 0 0 0 0 0 0 0 0 0 0 81 459 283 0 0 0 0 0 0 0 0 0 0 0 0 0 0 0 0 73 68 0 0 0 0 0 0 0 0 0 0 0 0 0 0 0 0 0 0 0 74 158 0 0 0 0 0 0 0 0 0 0 0 0 0 0 0 0 105 56 8 0 0 0 0 0 0 0 0 0 0 0 0 0 0 0 0 0 0 0 36 22 0 0 0 0 0 0 0 0 0 0 0 0 0 0 0 0 0 4 0 0 0 0 0 0 0 0 0 0 0 0 0 0 0 0 0 0 30 32 30 0 0 0 0 0 0 0 0 0 0 0 0 0 0 0 0 0 0 0 0 58 148 24 0 0 0 0 0 0 0 0 0 0 0 0 0 167 361 178 0 0 0 0 0 0 0 0 0 0 0 0 0 0 0 0 0 0 0 0 0 220 1009 728 14 0 0 0 0 0 0 0 0 0 0 0 164 1199 1141 481 0 0 0 0 0 0 0 0 0 0 0 0 0 0 0 0 0 0 0 0 0 586 1616 2024 736 0 0 0 0 0 0 0 0 0 0 0 970 1442 1661 733 0 0 0 0 0 0 0 0 0 0 0 0 0 0 0 0 0 0 0 0 0 578 1903 1896 2008 372 0 0 0 0 0 0 0 0 0 26 1723 1773 1390 1017 0 0 0 0 0 0 0 0 0 0 0 0 0 0 0 0 0 0 0 0 0 479 1933 2614 2370 1165 0 0 0 0 0 0 0 0 0 0 1640 1592 1447 1065 0 0 0 0 0 0 0 0 0 0 0 0 0 0 0 0 0 0 0 0 0 164 1827 2608 2343 1294 0 0 0 0 0 0 0 0 0 0 584 1324 1223 309 0 0 0 0 0 0 0 0 0 0 0 0 0 0 0 0 0 0 0 0 0 0 622 1968 1794 46 0 0 0 0 0 0 0 0 0 0 0 170 138 0 0 0 0 0 0 0 0 0 0 0 0 0 0 0 0 0 0 0 0 0 0 0 0 0 48 0 0 0 0 0 0 0 0 0 0 0 0 0 0 0 0 0 0 0 0 0 0 0 0 0 0 0 0 0 0 0 0 0 0 0 0 0 0 0 0 0 0 0 0 0 0 0 0 0 0 0 0 0 0 0 0 0 0 0 0 0 0 0 0 0 0 0 0 0 0 0 0 0 0 0 0 0 0 0 0 0 0 0 0 0 0 0 0 0 0 0 0 0 0 0 0 0 0 0 0 0 0 0 0 0 0 0 0 0 0 0 0 0 0 0 0 0 0 0 0 0 0 0 0 0 0 0 0 0 0 0 0 0 0 0 0 0 0 0 0 0 0 0 0 0 0 0 0 0 0 0 0 0 0 0 0 0 0 0 0 0 0 0 0 0 0 0 0 0 0 0 0 0 0 0 0 0 0 0 0 0 0 0 0 0 0 0 0 0 0 0 0 0 0 0 0 0 0 0 0 0 0 0 0 0 0 0 0 0 0 0 0 0 0 0 0 0 0 0 0 0 0 0 0 0 0 0 0 0 0 0 0 0 0 0 0 0 0 0 0 0 0 0 0 0 0 0 0 0 0 0 0 0 0 0 0 0 0 0 0 0 0 0 0 0 0 0 0 0 0 0 0 0 0 0 0 0 0 0 0 0 0 0 0 0 0 0 0 0 0 0 0 0 0 0 0 0 0 0 0 0 0 0 0 
[12:48:10:007] 0 0 0 0 0 0 0 0 0 0 0 0 0 0 0 0 0 0 0 0 0 0 0 0 0 0 0 0 0 0 0 0 0 0 0 0 0 0 0 0 0 0 0 0 0 0 0 0 0 0 0 0 0 0 0 0 0 0 0 0 0 0 0 0 0 0 0 0 0 0 0 0 0 0 0 0 0 0 0 0 0 0 0 0 0 0 0 0 0 0 0 0 0 0 0 0 0 0 0 0 0 0 0 0 0 0 0 0 0 0 0 0 0 0 0 0 0 0 0 0 0 0 0 0 0 0 0 0 0 0 0 0 0 0 0 0 0 0 0 0 0 0 0 0 0 0 0 0 0 0 0 0 0 0 0 0 0 0 0 0 0 0 0 0 0 0 0 0 0 0 0 0 0 0 0 0 0 0 0 0 0 0 0 0 0 0 0 0 0 0 0 0 0 0 0 0 0 0 0 0 0 0 0 0 0 0 0 0 0 0 0 0 0 0 0 0 0 0 0 0 0 0 0 0 0 0 0 0 0 0 0 0 0 0 0 0 0 0 0 0 0 0 0 0 0 0 0 0 0 0 0 0 0 0 0 0 0 0 0 0 0 0 0 0 0 0 0 0 0 0 0 0 0 0 0 0 0 0 0 0 0 0 0 0 0 0 0 0 0 0 0 0 0 0 0 0 0 0 0 0 0 0 0 0 0 0 0 0 0 0 0 0 0 0 0 0 0 0 0 0 0 0 0 0 0 0 0 0 0 0 0 0 0 0 0 0 0 0 0 0 0 0 0 0 0 0 0 0 0 0 0 0 0 0 0 0 0 0 0 0 0 0 0 0 0 0 0 0 0 0 0 0 0 0 0 0 0 0 0 0 0 0 0 0 0 0 0 0 0 70 0 0 0 0 0 0 0 0 0 0 0 0 0 0 0 0 0 0 32 2 664 1067 0 0 0 0 0 0 0 0 0 0 0 0 0 0 0 0 515 939 248 238 25 0 0 0 0 0 0 0 0 0 0 0 0 0 0 60 260 0 606 1633 406 0 0 0 0 0 0 0 0 0 0 0 0 0 0 0 995 1209 198 507 212 0 0 0 0 0 0 0 0 0 0 0 0 0 0 118 52 21 97 355 186 0 0 0 0 0 0 0 0 0 0 0 0 0 0 0 116 238 41 16 291 47 19 0 0 0 0 0 0 0 0 0 0 0 0 18 32 384 338 624 698 0 0 0 0 0 0 0 0 0 0 0 0 0 0 0 687 1211 821 623 327 179 279 0 0 0 0 0 0 0 0 0 0 0 0 62 312 1381 1339 1319 1294 438 0 0 0 0 0 0 0 0 0 0 0 0 0 71 1219 965 1566 1197 1104 65 19 0 0 0 0 0 0 0 0 0 0 0 0 290 1002 1416 1680 1330 1494 910 0 0 0 0 0 0 0 0 0 0 0 0 0 32 1377 1540 1332 1459 1288 697 1 0 0 0 0 0 0 0 0 0 0 0 0 404 953 1684 1485 1276 1302 785 0 0 0 0 0 0 0 0 0 0 0 0 0 57 527 983 1388 1495 1407 1559 205 0 0 0 0 0 0 0 0 0 0 0 0 631 1058 1368 1129 893 722 48 0 0 0 0 0 0 0 0 0 0 0 0 0 0 3 479 558 833 1316 1247 869 0 0 0 0 0 0 0 0 0 0 0 0 622 991 762 545 59 28 0 0 0 0 0 0 0 0 0 0 0 0 0 0 0 0 3 92 869 1092 1325 901 0 0 0 0 0 0 0 0 0 0 0 0 99 315 547 156 5 0 16 0 0 0 0 0 0 0 0 0 0 0 0 0 0 0 0 24 398 681 871 413 0 0 0 0 0 0 0 0 0 0 0 0 0 74 74 72 22 32 0 0 0 0 0 0 0 0 0 0 0 0 0 0 0 0 0 0 267 450 593 0 0 0 0 0 0 0 0 0 0 0 0 0 0 1 77 55 40 0 0 0 0 0 0 0 0 0 0 0 0 0 0 0 0 0 0 0 81 459 283 0 0 0 0 0 0 0 0 0 0 0 0 0 0 0 0 73 68 0 0 0 0 0 0 0 0 0 0 0 0 0 0 0 0 0 0 0 74 158 0 0 0 0 0 0 0 0 0 0 0 0 0 0 0 0 105 56 8 0 0 0 0 0 0 0 0 0 0 0 0 0 0 0 0 0 0 0 36 22 0 0 0 0 0 0 0 0 0 0 0 0 0 0 0 0 0 4 0 0 0 0 0 0 0 0 0 0 0 0 0 0 0 0 0 0 30 32 30 0 0 0 0 0 0 0 0 0 0 0 0 0 0 0 0 0 0 0 0 58 148 24 0 0 0 0 0 0 0 0 0 0 0 0 0 167 361 178 0 0 0 0 0 0 0 0 0 0 0 0 0 0 0 0 0 0 0 0 0 220 1009 728 14 0 0 0 0 0 0 0 0 0 0 0 164 1199 1141 481 0 0 0 0 0 0 0 0 0 0 0 0 0 0 0 0 0 0 0 0 0 586 1616 2024 736 0 0 0 0 0 0 0 0 0 0 0 970 1442 1661 733 0 0 0 0 0 0 0 0 0 0 0 0 0 0 0 0 0 0 0 0 0 578 1903 1896 2008 372 0 0 0 0 0 0 0 0 0 26 1723 1773 1390 1017 0 0 0 0 0 0 0 0 0 0 0 0 0 0 0 0 0 0 0 0 0 479 1933 2614 2370 1165 0 0 0 0 0 0 0 0 0 0 1640 1592 1447 1065 0 0 0 0 0 0 0 0 0 0 0 0 0 0 0 0 0 0 0 0 0 164 1827 2608 2343 1294 0 0 0 0 0 0 0 0 0 0 584 1324 1223 309 0 0 0 0 0 0 0 0 0 0 0 0 0 0 0 0 0 0 0 0 0 0 622 1968 1794 46 0 0 0 0 0 0 0 0 0 0 0 170 138 0 0 0 0 0 0 0 0 0 0 0 0 0 0 0 0 0 0 0 0 0 0 0 0 0 48 0 0 0 0 0 0 0 0 0 0 0 0 0 0 0 0 0 0 0 0 0 0 0 0 0 0 0 0 0 0 0 0 0 0 0 0 0 0 0 0 0 0 0 0 0 0 0 0 0 0 0 0 0 0 0 0 0 0 0 0 0 0 0 0 0 0 0 0 0 0 0 0 0 0 0 0 0 0 0 0 0 0 0 0 0 0 0 0 0 0 0 0 0 0 0 0 0 0 0 0 0 0 0 0 0 0 0 0 0 0 0 0 0 0 0 0 0 0 0 0 0 0 0 0 0 0 0 0 0 0 0 0 0 0 0 0 0 0 0 0 0 0 0 0 0 0 0 0 0 0 0 0 0 0 0 0 0 0 0 0 0 0 0 0 0 0 0 0 0 0 0 0 0 0 0 0 0 0 0 0 0 0 0 0 0 0 0 0 0 0 0 0 0 0 0 0 0 0 0 0 0 0 0 0 0 0 0 0 0 0 0 0 0 0 0 0 0 0 0 0 0 0 0 0 0 0 0 0 0 0 0 0 0 0 0 0 0 0 0 0 0 0 0 0 0 0 0 0 0 0 0 0 0 0 0 0 0 0 0 0 0 0 0 0 0 0 0 0 0 0 0 0 0 0 0 0 0 0 0 0 0 0 0 0 0 0 0 0 0 0 0 0 0 0 0 0 0 0 0 0 0 0 0 0 
[12:48:10:132] 0 0 0 0 0 0 0 0 0 0 0 0 0 0 0 0 0 0 0 0 0 0 0 0 0 0 0 0 0 0 0 0 0 0 0 0 0 0 0 0 0 0 0 0 0 0 0 0 0 0 0 0 0 0 0 0 0 0 0 0 0 0 0 0 0 0 0 0 0 0 0 0 0 0 0 0 0 0 0 0 0 0 0 0 0 0 0 0 0 0 0 0 0 0 0 0 0 0 0 0 0 0 0 0 0 0 0 0 0 0 0 0 0 0 0 0 0 0 0 0 0 0 0 0 0 0 0 0 0 0 0 0 0 0 0 0 0 0 0 0 0 0 0 0 0 0 0 0 0 0 0 0 0 0 0 0 0 0 0 0 0 0 0 0 0 0 0 0 0 0 0 0 0 0 0 0 0 0 0 0 0 0 0 0 0 0 0 0 0 0 0 0 0 0 0 0 0 0 0 0 0 0 0 0 0 0 0 0 0 0 0 0 0 0 0 0 0 0 0 0 0 0 0 0 0 0 0 0 0 0 0 0 0 0 0 0 0 0 0 0 0 0 0 0 0 0 0 0 0 0 0 0 0 0 0 0 0 0 0 0 0 0 0 0 0 0 0 0 0 0 0 0 0 0 0 0 0 0 0 0 0 0 0 0 0 0 0 0 0 0 0 0 0 0 0 0 0 0 0 0 0 0 0 0 0 0 0 0 0 0 0 0 0 0 0 0 0 0 0 0 0 0 0 0 0 0 0 0 0 0 0 0 0 0 0 0 0 0 0 0 0 0 0 0 0 0 0 0 0 0 0 0 0 0 0 0 0 0 0 0 0 0 0 0 0 0 0 0 0 0 0 0 0 0 0 0 0 0 0 0 0 0 0 0 0 0 0 0 0 70 0 0 0 0 0 0 0 0 0 0 0 0 0 0 0 0 0 0 32 2 664 1067 0 0 0 0 0 0 0 0 0 0 0 0 0 0 0 0 515 939 248 238 25 0 0 0 0 0 0 0 0 0 0 0 0 0 0 60 260 0 606 1633 406 0 0 0 0 0 0 0 0 0 0 0 0 0 0 0 995 1209 198 507 212 0 0 0 0 0 0 0 0 0 0 0 0 0 0 118 52 21 97 355 186 0 0 0 0 0 0 0 0 0 0 0 0 0 0 0 116 238 41 16 291 47 19 0 0 0 0 0 0 0 0 0 0 0 0 18 32 384 338 624 698 0 0 0 0 0 0 0 0 0 0 0 0 0 0 0 687 1211 821 623 327 179 279 0 0 0 0 0 0 0 0 0 0 0 0 62 312 1381 1339 1319 1294 438 0 0 0 0 0 0 0 0 0 0 0 0 0 71 1219 965 1566 1197 1104 65 19 0 0 0 0 0 0 0 0 0 0 0 0 290 1002 1416 1680 1330 1494 910 0 0 0 0 0 0 0 0 0 0 0 0 0 32 1377 1540 1332 1459 1288 697 1 0 0 0 0 0 0 0 0 0 0 0 0 404 953 1684 1485 1276 1302 785 0 0 0 0 0 0 0 0 0 0 0 0 0 57 527 983 1388 1495 1407 1559 205 0 0 0 0 0 0 0 0 0 0 0 0 631 1058 1368 1129 893 722 48 0 0 0 0 0 0 0 0 0 0 0 0 0 0 3 479 558 833 1316 1247 869 0 0 0 0 0 0 0 0 0 0 0 0 622 991 762 545 59 28 0 0 0 0 0 0 0 0 0 0 0 0 0 0 0 0 3 92 869 1092 1325 901 0 0 0 0 0 0 0 0 0 0 0 0 99 315 547 156 5 0 16 0 0 0 0 0 0 0 0 0 0 0 0 0 0 0 0 24 398 681 871 413 0 0 0 0 0 0 0 0 0 0 0 0 0 74 74 72 22 32 0 0 0 0 0 0 0 0 0 0 0 0 0 0 0 0 0 0 267 450 593 0 0 0 0 0 0 0 0 0 0 0 0 0 0 1 77 55 40 0 0 0 0 0 0 0 0 0 0 0 0 0 0 0 0 0 0 0 81 459 283 0 0 0 0 0 0 0 0 0 0 0 0 0 0 0 0 73 68 0 0 0 0 0 0 0 0 0 0 0 0 0 0 0 0 0 0 0 74 158 0 0 0 0 0 0 0 0 0 0 0 0 0 0 0 0 105 56 8 0 0 0 0 0 0 0 0 0 0 0 0 0 0 0 0 0 0 0 36 22 0 0 0 0 0 0 0 0 0 0 0 0 0 0 0 0 0 4 0 0 0 0 0 0 0 0 0 0 0 0 0 0 0 0 0 0 30 32 30 0 0 0 0 0 0 0 0 0 0 0 0 0 0 0 0 0 0 0 0 58 148 24 0 0 0 0 0 0 0 0 0 0 0 0 0 167 361 178 0 0 0 0 0 0 0 0 0 0 0 0 0 0 0 0 0 0 0 0 0 220 1009 728 14 0 0 0 0 0 0 0 0 0 0 0 164 1199 1141 481 0 0 0 0 0 0 0 0 0 0 0 0 0 0 0 0 0 0 0 0 0 586 1616 2024 736 0 0 0 0 0 0 0 0 0 0 0 970 1442 1661 733 0 0 0 0 0 0 0 0 0 0 0 0 0 0 0 0 0 0 0 0 0 578 1903 1896 2008 372 0 0 0 0 0 0 0 0 0 26 1723 1773 1390 1017 0 0 0 0 0 0 0 0 0 0 0 0 0 0 0 0 0 0 0 0 0 479 1933 2614 2370 1165 0 0 0 0 0 0 0 0 0 0 1640 1592 1447 1065 0 0 0 0 0 0 0 0 0 0 0 0 0 0 0 0 0 0 0 0 0 164 1827 2608 2343 1294 0 0 0 0 0 0 0 0 0 0 584 1324 1223 309 0 0 0 0 0 0 0 0 0 0 0 0 0 0 0 0 0 0 0 0 0 0 622 1968 1794 46 0 0 0 0 0 0 0 0 0 0 0 170 138 0 0 0 0 0 0 0 0 0 0 0 0 0 0 0 0 0 0 0 0 0 0 0 0 0 48 0 0 0 0 0 0 0 0 0 0 0 0 0 0 0 0 0 0 0 0 0 0 0 0 0 0 0 0 0 0 0 0 0 0 0 0 0 0 0 0 0 0 0 0 0 0 0 0 0 0 0 0 0 0 0 0 0 0 0 0 0 0 0 0 0 0 0 0 0 0 0 0 0 0 0 0 0 0 0 0 0 0 0 0 0 0 0 0 0 0 0 0 0 0 0 0 0 0 0 0 0 0 0 0 0 0 0 0 0 0 0 0 0 0 0 0 0 0 0 0 0 0 0 0 0 0 0 0 0 0 0 0 0 0 0 0 0 0 0 0 0 0 0 0 0 0 0 0 0 0 0 0 0 0 0 0 0 0 0 0 0 0 0 0 0 0 0 0 0 0 0 0 0 0 0 0 0 0 0 0 0 0 0 0 0 0 0 0 0 0 0 0 0 0 0 0 0 0 0 0 0 0 0 0 0 0 0 0 0 0 0 0 0 0 0 0 0 0 0 0 0 0 0 0 0 0 0 0 0 0 0 0 0 0 0 0 0 0 0 0 0 0 0 0 0 0 0 0 0 0 0 0 0 0 0 0 0 0 0 0 0 0 0 0 0 0 0 0 0 0 0 0 0 0 0 0 0 0 0 0 0 0 0 0 0 0 0 0 0 0 0 0 0 0 0 0 0 0 0 0 0 0 0 0 
[12:48:10:263] 0 0 0 0 0 0 0 0 0 0 0 0 0 0 0 0 0 0 0 0 0 0 0 0 0 0 0 0 0 0 0 0 0 0 0 0 0 0 0 0 0 0 0 0 0 0 0 0 0 0 0 0 0 0 0 0 0 0 0 0 0 0 0 0 0 0 0 0 0 0 0 0 0 0 0 0 0 0 0 0 0 0 0 0 0 0 0 0 0 0 0 0 0 0 0 0 0 0 0 0 0 0 0 0 0 0 0 0 0 0 0 0 0 0 0 0 0 0 0 0 0 0 0 0 0 0 0 0 0 0 0 0 0 0 0 0 0 0 0 0 0 0 0 0 0 0 0 0 0 0 0 0 0 0 0 0 0 0 0 0 0 0 0 0 0 0 0 0 0 0 0 0 0 0 0 0 0 0 0 0 0 0 0 0 0 0 0 0 0 0 0 0 0 0 0 0 0 0 0 0 0 0 0 0 0 0 0 0 0 0 0 0 0 0 0 0 0 0 0 0 0 0 0 0 0 0 0 0 0 0 0 0 0 0 0 0 0 0 0 0 0 0 0 0 0 0 0 0 0 0 0 0 0 0 0 0 0 0 0 0 0 0 0 0 0 0 0 0 0 0 0 0 0 0 0 0 0 0 0 0 0 0 0 0 0 0 0 0 0 0 0 0 0 0 0 0 0 0 0 0 0 0 0 0 0 0 0 0 0 0 0 0 0 0 0 0 0 0 0 0 0 0 0 0 0 0 0 0 0 0 0 0 0 0 0 0 0 0 0 0 0 0 0 0 0 0 0 0 0 0 0 0 0 0 0 0 0 0 0 0 0 0 0 0 0 0 0 0 0 0 0 0 0 0 0 0 0 0 0 0 0 0 0 0 0 0 0 0 0 70 0 0 0 0 0 0 0 0 0 0 0 0 0 0 0 0 0 0 32 2 664 1067 0 0 0 0 0 0 0 0 0 0 0 0 0 0 0 0 515 939 248 238 25 0 0 0 0 0 0 0 0 0 0 0 0 0 0 60 260 0 606 1633 406 0 0 0 0 0 0 0 0 0 0 0 0 0 0 0 995 1209 198 507 212 0 0 0 0 0 0 0 0 0 0 0 0 0 0 118 52 21 97 355 186 0 0 0 0 0 0 0 0 0 0 0 0 0 0 0 116 238 41 16 291 47 19 0 0 0 0 0 0 0 0 0 0 0 0 18 32 384 338 624 698 0 0 0 0 0 0 0 0 0 0 0 0 0 0 0 687 1211 821 623 327 179 279 0 0 0 0 0 0 0 0 0 0 0 0 62 312 1381 1339 1319 1294 438 0 0 0 0 0 0 0 0 0 0 0 0 0 71 1219 965 1566 1197 1104 65 19 0 0 0 0 0 0 0 0 0 0 0 0 290 1002 1416 1680 1330 1494 910 0 0 0 0 0 0 0 0 0 0 0 0 0 32 1377 1540 1332 1459 1288 697 1 0 0 0 0 0 0 0 0 0 0 0 0 404 953 1684 1485 1276 1302 785 0 0 0 0 0 0 0 0 0 0 0 0 0 57 527 983 1388 1495 1407 1559 205 0 0 0 0 0 0 0 0 0 0 0 0 631 1058 1368 1129 893 722 48 0 0 0 0 0 0 0 0 0 0 0 0 0 0 3 479 558 833 1316 1247 869 0 0 0 0 0 0 0 0 0 0 0 0 622 991 762 545 59 28 0 0 0 0 0 0 0 0 0 0 0 0 0 0 0 0 3 92 869 1092 1325 901 0 0 0 0 0 0 0 0 0 0 0 0 99 315 547 156 5 0 16 0 0 0 0 0 0 0 0 0 0 0 0 0 0 0 0 24 398 681 871 413 0 0 0 0 0 0 0 0 0 0 0 0 0 74 74 72 22 32 0 0 0 0 0 0 0 0 0 0 0 0 0 0 0 0 0 0 267 450 593 0 0 0 0 0 0 0 0 0 0 0 0 0 0 1 77 55 40 0 0 0 0 0 0 0 0 0 0 0 0 0 0 0 0 0 0 0 81 459 283 0 0 0 0 0 0 0 0 0 0 0 0 0 0 0 0 73 68 0 0 0 0 0 0 0 0 0 0 0 0 0 0 0 0 0 0 0 74 158 0 0 0 0 0 0 0 0 0 0 0 0 0 0 0 0 105 56 8 0 0 0 0 0 0 0 0 0 0 0 0 0 0 0 0 0 0 0 36 22 0 0 0 0 0 0 0 0 0 0 0 0 0 0 0 0 0 4 0 0 0 0 0 0 0 0 0 0 0 0 0 0 0 0 0 0 30 32 30 0 0 0 0 0 0 0 0 0 0 0 0 0 0 0 0 0 0 0 0 58 148 24 0 0 0 0 0 0 0 0 0 0 0 0 0 167 361 178 0 0 0 0 0 0 0 0 0 0 0 0 0 0 0 0 0 0 0 0 0 220 1009 728 14 0 0 0 0 0 0 0 0 0 0 0 164 1199 1141 481 0 0 0 0 0 0 0 0 0 0 0 0 0 0 0 0 0 0 0 0 0 586 1616 2024 736 0 0 0 0 0 0 0 0 0 0 0 970 1442 1661 733 0 0 0 0 0 0 0 0 0 0 0 0 0 0 0 0 0 0 0 0 0 578 1903 1896 2008 372 0 0 0 0 0 0 0 0 0 26 1723 1773 1390 1017 0 0 0 0 0 0 0 0 0 0 0 0 0 0 0 0 0 0 0 0 0 479 1933 2614 2370 1165 0 0 0 0 0 0 0 0 0 0 1640 1592 1447 1065 0 0 0 0 0 0 0 0 0 0 0 0 0 0 0 0 0 0 0 0 0 164 1827 2608 2343 1294 0 0 0 0 0 0 0 0 0 0 584 1324 1223 309 0 0 0 0 0 0 0 0 0 0 0 0 0 0 0 0 0 0 0 0 0 0 622 1968 1794 46 0 0 0 0 0 0 0 0 0 0 0 170 138 0 0 0 0 0 0 0 0 0 0 0 0 0 0 0 0 0 0 0 0 0 0 0 0 0 48 0 0 0 0 0 0 0 0 0 0 0 0 0 0 0 0 0 0 0 0 0 0 0 0 0 0 0 0 0 0 0 0 0 0 0 0 0 0 0 0 0 0 0 0 0 0 0 0 0 0 0 0 0 0 0 0 0 0 0 0 0 0 0 0 0 0 0 0 0 0 0 0 0 0 0 0 0 0 0 0 0 0 0 0 0 0 0 0 0 0 0 0 0 0 0 0 0 0 0 0 0 0 0 0 0 0 0 0 0 0 0 0 0 0 0 0 0 0 0 0 0 0 0 0 0 0 0 0 0 0 0 0 0 0 0 0 0 0 0 0 0 0 0 0 0 0 0 0 0 0 0 0 0 0 0 0 0 0 0 0 0 0 0 0 0 0 0 0 0 0 0 0 0 0 0 0 0 0 0 0 0 0 0 0 0 0 0 0 0 0 0 0 0 0 0 0 0 0 0 0 0 0 0 0 0 0 0 0 0 0 0 0 0 0 0 0 0 0 0 0 0 0 0 0 0 0 0 0 0 0 0 0 0 0 0 0 0 0 0 0 0 0 0 0 0 0 0 0 0 0 0 0 0 0 0 0 0 0 0 0 0 0 0 0 0 0 0 0 0 0 0 0 0 0 0 0 0 0 0 0 0 0 0 0 0 0 0 0 0 0 0 0 0 0 0 0 0 0 0 0 0 0 0 0 
[12:48:10:387] 0 0 0 0 0 0 0 0 0 0 0 0 0 0 0 0 0 0 0 0 0 0 0 0 0 0 0 0 0 0 0 0 0 0 0 0 0 0 0 0 0 0 0 0 0 0 0 0 0 0 0 0 0 0 0 0 0 0 0 0 0 0 0 0 0 0 0 0 0 0 0 0 0 0 0 0 0 0 0 0 0 0 0 0 0 0 0 0 0 0 0 0 0 0 0 0 0 0 0 0 0 0 0 0 0 0 0 0 0 0 0 0 0 0 0 0 0 0 0 0 0 0 0 0 0 0 0 0 0 0 0 0 0 0 0 0 0 0 0 0 0 0 0 0 0 0 0 0 0 0 0 0 0 0 0 0 0 0 0 0 0 0 0 0 0 0 0 0 0 0 0 0 0 0 0 0 0 0 0 0 0 0 0 0 0 0 0 0 0 0 0 0 0 0 0 0 0 0 0 0 0 0 0 0 0 0 0 0 0 0 0 0 0 0 0 0 0 0 0 0 0 0 0 0 0 0 0 0 0 0 0 0 0 0 0 0 0 0 0 0 0 0 0 0 0 0 0 0 0 0 0 0 0 0 0 0 0 0 0 0 0 0 0 0 0 0 0 0 0 0 0 0 0 0 0 0 0 0 0 0 0 0 0 0 0 0 0 0 0 0 0 0 0 0 0 0 0 0 0 0 0 0 0 0 0 0 0 0 0 0 0 0 0 0 0 0 0 0 0 0 0 0 0 0 0 0 0 0 0 0 0 0 0 0 0 0 0 0 0 0 0 0 0 0 0 0 0 0 0 0 0 0 0 0 0 0 0 0 0 0 0 0 0 0 0 0 0 0 0 0 0 0 0 0 0 0 0 0 0 0 0 0 0 0 0 0 0 0 0 70 0 0 0 0 0 0 0 0 0 0 0 0 0 0 0 0 0 0 32 2 664 1067 0 0 0 0 0 0 0 0 0 0 0 0 0 0 0 0 515 939 248 238 25 0 0 0 0 0 0 0 0 0 0 0 0 0 0 60 260 0 606 1633 406 0 0 0 0 0 0 0 0 0 0 0 0 0 0 0 995 1209 198 507 212 0 0 0 0 0 0 0 0 0 0 0 0 0 0 118 52 21 97 355 186 0 0 0 0 0 0 0 0 0 0 0 0 0 0 0 116 238 41 16 291 47 19 0 0 0 0 0 0 0 0 0 0 0 0 18 32 384 338 624 698 0 0 0 0 0 0 0 0 0 0 0 0 0 0 0 687 1211 821 623 327 179 279 0 0 0 0 0 0 0 0 0 0 0 0 62 312 1381 1339 1319 1294 438 0 0 0 0 0 0 0 0 0 0 0 0 0 71 1219 965 1566 1197 1104 65 19 0 0 0 0 0 0 0 0 0 0 0 0 290 1002 1416 1680 1330 1494 910 0 0 0 0 0 0 0 0 0 0 0 0 0 32 1377 1540 1332 1459 1288 697 1 0 0 0 0 0 0 0 0 0 0 0 0 404 953 1684 1485 1276 1302 785 0 0 0 0 0 0 0 0 0 0 0 0 0 57 527 983 1388 1495 1407 1559 205 0 0 0 0 0 0 0 0 0 0 0 0 631 1058 1368 1129 893 722 48 0 0 0 0 0 0 0 0 0 0 0 0 0 0 3 479 558 833 1316 1247 869 0 0 0 0 0 0 0 0 0 0 0 0 622 991 762 545 59 28 0 0 0 0 0 0 0 0 0 0 0 0 0 0 0 0 3 92 869 1092 1325 901 0 0 0 0 0 0 0 0 0 0 0 0 99 315 547 156 5 0 16 0 0 0 0 0 0 0 0 0 0 0 0 0 0 0 0 24 398 681 871 413 0 0 0 0 0 0 0 0 0 0 0 0 0 74 74 72 22 32 0 0 0 0 0 0 0 0 0 0 0 0 0 0 0 0 0 0 267 450 593 0 0 0 0 0 0 0 0 0 0 0 0 0 0 1 77 55 40 0 0 0 0 0 0 0 0 0 0 0 0 0 0 0 0 0 0 0 81 459 283 0 0 0 0 0 0 0 0 0 0 0 0 0 0 0 0 73 68 0 0 0 0 0 0 0 0 0 0 0 0 0 0 0 0 0 0 0 74 158 0 0 0 0 0 0 0 0 0 0 0 0 0 0 0 0 105 56 8 0 0 0 0 0 0 0 0 0 0 0 0 0 0 0 0 0 0 0 36 22 0 0 0 0 0 0 0 0 0 0 0 0 0 0 0 0 0 4 0 0 0 0 0 0 0 0 0 0 0 0 0 0 0 0 0 0 30 32 30 0 0 0 0 0 0 0 0 0 0 0 0 0 0 0 0 0 0 0 0 58 148 24 0 0 0 0 0 0 0 0 0 0 0 0 0 167 361 178 0 0 0 0 0 0 0 0 0 0 0 0 0 0 0 0 0 0 0 0 0 220 1009 728 14 0 0 0 0 0 0 0 0 0 0 0 164 1199 1141 481 0 0 0 0 0 0 0 0 0 0 0 0 0 0 0 0 0 0 0 0 0 586 1616 2024 736 0 0 0 0 0 0 0 0 0 0 0 970 1442 1661 733 0 0 0 0 0 0 0 0 0 0 0 0 0 0 0 0 0 0 0 0 0 578 1903 1896 2008 372 0 0 0 0 0 0 0 0 0 26 1723 1773 1390 1017 0 0 0 0 0 0 0 0 0 0 0 0 0 0 0 0 0 0 0 0 0 479 1933 2614 2370 1165 0 0 0 0 0 0 0 0 0 0 1640 1592 1447 1065 0 0 0 0 0 0 0 0 0 0 0 0 0 0 0 0 0 0 0 0 0 164 1827 2608 2343 1294 0 0 0 0 0 0 0 0 0 0 584 1324 1223 309 0 0 0 0 0 0 0 0 0 0 0 0 0 0 0 0 0 0 0 0 0 0 622 1968 1794 46 0 0 0 0 0 0 0 0 0 0 0 170 138 0 0 0 0 0 0 0 0 0 0 0 0 0 0 0 0 0 0 0 0 0 0 0 0 0 48 0 0 0 0 0 0 0 0 0 0 0 0 0 0 0 0 0 0 0 0 0 0 0 0 0 0 0 0 0 0 0 0 0 0 0 0 0 0 0 0 0 0 0 0 0 0 0 0 0 0 0 0 0 0 0 0 0 0 0 0 0 0 0 0 0 0 0 0 0 0 0 0 0 0 0 0 0 0 0 0 0 0 0 0 0 0 0 0 0 0 0 0 0 0 0 0 0 0 0 0 0 0 0 0 0 0 0 0 0 0 0 0 0 0 0 0 0 0 0 0 0 0 0 0 0 0 0 0 0 0 0 0 0 0 0 0 0 0 0 0 0 0 0 0 0 0 0 0 0 0 0 0 0 0 0 0 0 0 0 0 0 0 0 0 0 0 0 0 0 0 0 0 0 0 0 0 0 0 0 0 0 0 0 0 0 0 0 0 0 0 0 0 0 0 0 0 0 0 0 0 0 0 0 0 0 0 0 0 0 0 0 0 0 0 0 0 0 0 0 0 0 0 0 0 0 0 0 0 0 0 0 0 0 0 0 0 0 0 0 0 0 0 0 0 0 0 0 0 0 0 0 0 0 0 0 0 0 0 0 0 0 0 0 0 0 0 0 0 0 0 0 0 0 0 0 0 0 0 0 0 0 0 0 0 0 0 0 0 0 0 0 0 0 0 0 0 0 0 0 0 0 0 0 0 
[12:48:10:511] 0 0 0 0 0 0 0 0 0 0 0 0 0 0 0 0 0 0 0 0 0 0 0 0 0 0 0 0 0 0 0 0 0 0 0 0 0 0 0 0 0 0 0 0 0 0 0 0 0 0 0 0 0 0 0 0 0 0 0 0 0 0 0 0 0 0 0 0 0 0 0 0 0 0 0 0 0 0 0 0 0 0 0 0 0 0 0 0 0 0 0 0 0 0 0 0 0 0 0 0 0 0 0 0 0 0 0 0 0 0 0 0 0 0 0 0 0 0 0 0 0 0 0 0 0 0 0 0 0 0 0 0 0 0 0 0 0 0 0 0 0 0 0 0 0 0 0 0 0 0 0 0 0 0 0 0 0 0 0 0 0 0 0 0 0 0 0 0 0 0 0 0 0 0 0 0 0 0 0 0 0 0 0 0 0 0 0 0 0 0 0 0 0 0 0 0 0 0 0 0 0 0 0 0 0 0 0 0 0 0 0 0 0 0 0 0 0 0 0 0 0 0 0 0 0 0 0 0 0 0 0 0 0 0 0 0 0 0 0 0 0 0 0 0 0 0 0 0 0 0 0 0 0 0 0 0 0 0 0 0 0 0 0 0 0 0 0 0 0 0 0 0 0 0 0 0 0 0 0 0 0 0 0 0 0 0 0 0 0 0 0 0 0 0 0 0 0 0 0 0 0 0 0 0 0 0 0 0 0 0 0 0 0 0 0 0 0 0 0 0 0 0 0 0 0 0 0 0 0 0 0 0 0 0 0 0 0 0 0 0 0 0 0 0 0 0 0 0 0 0 0 0 0 0 0 0 0 0 0 0 0 0 0 0 0 0 0 0 0 0 0 0 0 0 0 0 0 0 0 0 0 0 0 0 0 0 0 0 0 70 0 0 0 0 0 0 0 0 0 0 0 0 0 0 0 0 0 0 32 2 664 1067 0 0 0 0 0 0 0 0 0 0 0 0 0 0 0 0 515 939 248 238 25 0 0 0 0 0 0 0 0 0 0 0 0 0 0 60 260 0 606 1633 406 0 0 0 0 0 0 0 0 0 0 0 0 0 0 0 995 1209 198 507 212 0 0 0 0 0 0 0 0 0 0 0 0 0 0 118 52 21 97 355 186 0 0 0 0 0 0 0 0 0 0 0 0 0 0 0 116 238 41 16 291 47 19 0 0 0 0 0 0 0 0 0 0 0 0 18 32 384 338 624 698 0 0 0 0 0 0 0 0 0 0 0 0 0 0 0 687 1211 821 623 327 179 279 0 0 0 0 0 0 0 0 0 0 0 0 62 312 1381 1339 1319 1294 438 0 0 0 0 0 0 0 0 0 0 0 0 0 71 1219 965 1566 1197 1104 65 19 0 0 0 0 0 0 0 0 0 0 0 0 290 1002 1416 1680 1330 1494 910 0 0 0 0 0 0 0 0 0 0 0 0 0 32 1377 1540 1332 1459 1288 697 1 0 0 0 0 0 0 0 0 0 0 0 0 404 953 1684 1485 1276 1302 785 0 0 0 0 0 0 0 0 0 0 0 0 0 57 527 983 1388 1495 1407 1559 205 0 0 0 0 0 0 0 0 0 0 0 0 631 1058 1368 1129 893 722 48 0 0 0 0 0 0 0 0 0 0 0 0 0 0 3 479 558 833 1316 1247 869 0 0 0 0 0 0 0 0 0 0 0 0 622 991 762 545 59 28 0 0 0 0 0 0 0 0 0 0 0 0 0 0 0 0 3 92 869 1092 1325 901 0 0 0 0 0 0 0 0 0 0 0 0 99 315 547 156 5 0 16 0 0 0 0 0 0 0 0 0 0 0 0 0 0 0 0 24 398 681 871 413 0 0 0 0 0 0 0 0 0 0 0 0 0 74 74 72 22 32 0 0 0 0 0 0 0 0 0 0 0 0 0 0 0 0 0 0 267 450 593 0 0 0 0 0 0 0 0 0 0 0 0 0 0 1 77 55 40 0 0 0 0 0 0 0 0 0 0 0 0 0 0 0 0 0 0 0 81 459 283 0 0 0 0 0 0 0 0 0 0 0 0 0 0 0 0 73 68 0 0 0 0 0 0 0 0 0 0 0 0 0 0 0 0 0 0 0 74 158 0 0 0 0 0 0 0 0 0 0 0 0 0 0 0 0 105 56 8 0 0 0 0 0 0 0 0 0 0 0 0 0 0 0 0 0 0 0 36 22 0 0 0 0 0 0 0 0 0 0 0 0 0 0 0 0 0 4 0 0 0 0 0 0 0 0 0 0 0 0 0 0 0 0 0 0 30 32 30 0 0 0 0 0 0 0 0 0 0 0 0 0 0 0 0 0 0 0 0 58 148 24 0 0 0 0 0 0 0 0 0 0 0 0 0 167 361 178 0 0 0 0 0 0 0 0 0 0 0 0 0 0 0 0 0 0 0 0 0 220 1009 728 14 0 0 0 0 0 0 0 0 0 0 0 164 1199 1141 481 0 0 0 0 0 0 0 0 0 0 0 0 0 0 0 0 0 0 0 0 0 586 1616 2024 736 0 0 0 0 0 0 0 0 0 0 0 970 1442 1661 733 0 0 0 0 0 0 0 0 0 0 0 0 0 0 0 0 0 0 0 0 0 578 1903 1896 2008 372 0 0 0 0 0 0 0 0 0 26 1723 1773 1390 1017 0 0 0 0 0 0 0 0 0 0 0 0 0 0 0 0 0 0 0 0 0 479 1933 2614 2370 1165 0 0 0 0 0 0 0 0 0 0 1640 1592 1447 1065 0 0 0 0 0 0 0 0 0 0 0 0 0 0 0 0 0 0 0 0 0 164 1827 2608 2343 1294 0 0 0 0 0 0 0 0 0 0 584 1324 1223 309 0 0 0 0 0 0 0 0 0 0 0 0 0 0 0 0 0 0 0 0 0 0 622 1968 1794 46 0 0 0 0 0 0 0 0 0 0 0 170 138 0 0 0 0 0 0 0 0 0 0 0 0 0 0 0 0 0 0 0 0 0 0 0 0 0 48 0 0 0 0 0 0 0 0 0 0 0 0 0 0 0 0 0 0 0 0 0 0 0 0 0 0 0 0 0 0 0 0 0 0 0 0 0 0 0 0 0 0 0 0 0 0 0 0 0 0 0 0 0 0 0 0 0 0 0 0 0 0 0 0 0 0 0 0 0 0 0 0 0 0 0 0 0 0 0 0 0 0 0 0 0 0 0 0 0 0 0 0 0 0 0 0 0 0 0 0 0 0 0 0 0 0 0 0 0 0 0 0 0 0 0 0 0 0 0 0 0 0 0 0 0 0 0 0 0 0 0 0 0 0 0 0 0 0 0 0 0 0 0 0 0 0 0 0 0 0 0 0 0 0 0 0 0 0 0 0 0 0 0 0 0 0 0 0 0 0 0 0 0 0 0 0 0 0 0 0 0 0 0 0 0 0 0 0 0 0 0 0 0 0 0 0 0 0 0 0 0 0 0 0 0 0 0 0 0 0 0 0 0 0 0 0 0 0 0 0 0 0 0 0 0 0 0 0 0 0 0 0 0 0 0 0 0 0 0 0 0 0 0 0 0 0 0 0 0 0 0 0 0 0 0 0 0 0 0 0 0 0 0 0 0 0 0 0 0 0 0 0 0 0 0 0 0 0 0 0 0 0 0 0 0 0 0 0 0 0 0 0 0 0 0 0 0 0 0 0 0 0 0 0 
[12:48:10:635] 0 0 0 0 0 0 0 0 0 0 0 0 0 0 0 0 0 0 0 0 0 0 0 0 0 0 0 0 0 0 0 0 0 0 0 0 0 0 0 0 0 0 0 0 0 0 0 0 0 0 0 0 0 0 0 0 0 0 0 0 0 0 0 0 0 0 0 0 0 0 0 0 0 0 0 0 0 0 0 0 0 0 0 0 0 0 0 0 0 0 0 0 0 0 0 0 0 0 0 0 0 0 0 0 0 0 0 0 0 0 0 0 0 0 0 0 0 0 0 0 0 0 0 0 0 0 0 0 0 0 0 0 0 0 0 0 0 0 0 0 0 0 0 0 0 0 0 0 0 0 0 0 0 0 0 0 0 0 0 0 0 0 0 0 0 0 0 0 0 0 0 0 0 0 0 0 0 0 0 0 0 0 0 0 0 0 0 0 0 0 0 0 0 0 0 0 0 0 0 0 0 0 0 0 0 0 0 0 0 0 0 0 0 0 0 0 0 0 0 0 0 0 0 0 0 0 0 0 0 0 0 0 0 0 0 0 0 0 0 0 0 0 0 0 0 0 0 0 0 0 0 0 0 0 0 0 0 0 0 0 0 0 0 0 0 0 0 0 0 0 0 0 0 0 0 0 0 0 0 0 0 0 0 0 0 0 0 0 0 0 0 0 0 0 0 0 0 0 0 0 0 0 0 0 0 0 0 0 0 0 0 0 0 0 0 0 0 0 0 0 0 0 0 0 0 0 0 0 0 0 0 0 0 0 0 0 0 0 0 0 0 0 0 0 0 0 0 0 0 0 0 0 0 0 0 0 0 0 0 0 0 0 0 0 0 0 0 0 0 0 0 0 0 0 0 0 0 0 0 0 0 0 0 0 0 0 0 0 0 70 0 0 0 0 0 0 0 0 0 0 0 0 0 0 0 0 0 0 32 2 664 1067 0 0 0 0 0 0 0 0 0 0 0 0 0 0 0 0 515 939 248 238 25 0 0 0 0 0 0 0 0 0 0 0 0 0 0 60 260 0 606 1633 406 0 0 0 0 0 0 0 0 0 0 0 0 0 0 0 995 1209 198 507 212 0 0 0 0 0 0 0 0 0 0 0 0 0 0 118 52 21 97 355 186 0 0 0 0 0 0 0 0 0 0 0 0 0 0 0 116 238 41 16 291 47 19 0 0 0 0 0 0 0 0 0 0 0 0 18 32 384 338 624 698 0 0 0 0 0 0 0 0 0 0 0 0 0 0 0 687 1211 821 623 327 179 279 0 0 0 0 0 0 0 0 0 0 0 0 62 312 1381 1339 1319 1294 438 0 0 0 0 0 0 0 0 0 0 0 0 0 71 1219 965 1566 1197 1104 65 19 0 0 0 0 0 0 0 0 0 0 0 0 290 1002 1416 1680 1330 1494 910 0 0 0 0 0 0 0 0 0 0 0 0 0 32 1377 1540 1332 1459 1288 697 1 0 0 0 0 0 0 0 0 0 0 0 0 404 953 1684 1485 1276 1302 785 0 0 0 0 0 0 0 0 0 0 0 0 0 57 527 983 1388 1495 1407 1559 205 0 0 0 0 0 0 0 0 0 0 0 0 631 1058 1368 1129 893 722 48 0 0 0 0 0 0 0 0 0 0 0 0 0 0 3 479 558 833 1316 1247 869 0 0 0 0 0 0 0 0 0 0 0 0 622 991 762 545 59 28 0 0 0 0 0 0 0 0 0 0 0 0 0 0 0 0 3 92 869 1092 1325 901 0 0 0 0 0 0 0 0 0 0 0 0 99 315 547 156 5 0 16 0 0 0 0 0 0 0 0 0 0 0 0 0 0 0 0 24 398 681 871 413 0 0 0 0 0 0 0 0 0 0 0 0 0 74 74 72 22 32 0 0 0 0 0 0 0 0 0 0 0 0 0 0 0 0 0 0 267 450 593 0 0 0 0 0 0 0 0 0 0 0 0 0 0 1 77 55 40 0 0 0 0 0 0 0 0 0 0 0 0 0 0 0 0 0 0 0 81 459 283 0 0 0 0 0 0 0 0 0 0 0 0 0 0 0 0 73 68 0 0 0 0 0 0 0 0 0 0 0 0 0 0 0 0 0 0 0 74 158 0 0 0 0 0 0 0 0 0 0 0 0 0 0 0 0 105 56 8 0 0 0 0 0 0 0 0 0 0 0 0 0 0 0 0 0 0 0 36 22 0 0 0 0 0 0 0 0 0 0 0 0 0 0 0 0 0 4 0 0 0 0 0 0 0 0 0 0 0 0 0 0 0 0 0 0 30 32 30 0 0 0 0 0 0 0 0 0 0 0 0 0 0 0 0 0 0 0 0 58 148 24 0 0 0 0 0 0 0 0 0 0 0 0 0 167 361 178 0 0 0 0 0 0 0 0 0 0 0 0 0 0 0 0 0 0 0 0 0 220 1009 728 14 0 0 0 0 0 0 0 0 0 0 0 164 1199 1141 481 0 0 0 0 0 0 0 0 0 0 0 0 0 0 0 0 0 0 0 0 0 586 1616 2024 736 0 0 0 0 0 0 0 0 0 0 0 970 1442 1661 733 0 0 0 0 0 0 0 0 0 0 0 0 0 0 0 0 0 0 0 0 0 578 1903 1896 2008 372 0 0 0 0 0 0 0 0 0 26 1723 1773 1390 1017 0 0 0 0 0 0 0 0 0 0 0 0 0 0 0 0 0 0 0 0 0 479 1933 2614 2370 1165 0 0 0 0 0 0 0 0 0 0 1640 1592 1447 1065 0 0 0 0 0 0 0 0 0 0 0 0 0 0 0 0 0 0 0 0 0 164 1827 2608 2343 1294 0 0 0 0 0 0 0 0 0 0 584 1324 1223 309 0 0 0 0 0 0 0 0 0 0 0 0 0 0 0 0 0 0 0 0 0 0 622 1968 1794 46 0 0 0 0 0 0 0 0 0 0 0 170 138 0 0 0 0 0 0 0 0 0 0 0 0 0 0 0 0 0 0 0 0 0 0 0 0 0 48 0 0 0 0 0 0 0 0 0 0 0 0 0 0 0 0 0 0 0 0 0 0 0 0 0 0 0 0 0 0 0 0 0 0 0 0 0 0 0 0 0 0 0 0 0 0 0 0 0 0 0 0 0 0 0 0 0 0 0 0 0 0 0 0 0 0 0 0 0 0 0 0 0 0 0 0 0 0 0 0 0 0 0 0 0 0 0 0 0 0 0 0 0 0 0 0 0 0 0 0 0 0 0 0 0 0 0 0 0 0 0 0 0 0 0 0 0 0 0 0 0 0 0 0 0 0 0 0 0 0 0 0 0 0 0 0 0 0 0 0 0 0 0 0 0 0 0 0 0 0 0 0 0 0 0 0 0 0 0 0 0 0 0 0 0 0 0 0 0 0 0 0 0 0 0 0 0 0 0 0 0 0 0 0 0 0 0 0 0 0 0 0 0 0 0 0 0 0 0 0 0 0 0 0 0 0 0 0 0 0 0 0 0 0 0 0 0 0 0 0 0 0 0 0 0 0 0 0 0 0 0 0 0 0 0 0 0 0 0 0 0 0 0 0 0 0 0 0 0 0 0 0 0 0 0 0 0 0 0 0 0 0 0 0 0 0 0 0 0 0 0 0 0 0 0 0 0 0 0 0 0 0 0 0 0 0 0 0 0 0 0 0 0 0 0 0 0 0 0 0 0 0 0 0 
[12:48:10:757] 0 0 0 0 0 0 0 0 0 0 0 0 0 0 0 0 0 0 0 0 0 0 0 0 0 0 0 0 0 0 0 0 0 0 0 0 0 0 0 0 0 0 0 0 0 0 0 0 0 0 0 0 0 0 0 0 0 0 0 0 0 0 0 0 0 0 0 0 0 0 0 0 0 0 0 0 0 0 0 0 0 0 0 0 0 0 0 0 0 0 0 0 0 0 0 0 0 0 0 0 0 0 0 0 0 0 0 0 0 0 0 0 0 0 0 0 0 0 0 0 0 0 0 0 0 0 0 0 0 0 0 0 0 0 0 0 0 0 0 0 0 0 0 0 0 0 0 0 0 0 0 0 0 0 0 0 0 0 0 0 0 0 0 0 0 0 0 0 0 0 0 0 0 0 0 0 0 0 0 0 0 0 0 0 0 0 0 0 0 0 0 0 0 0 0 0 0 0 0 0 0 0 0 0 0 0 0 0 0 0 0 0 0 0 0 0 0 0 0 0 0 0 0 0 0 0 0 0 0 0 0 0 0 0 0 0 0 0 0 0 0 0 0 0 0 0 0 0 0 0 0 0 0 0 0 0 0 0 0 0 0 0 0 0 0 0 0 0 0 0 0 0 0 0 0 0 0 0 0 0 0 0 0 0 0 0 0 0 0 0 0 0 0 0 0 0 0 0 0 0 0 0 0 0 0 0 0 0 0 0 0 0 0 0 0 0 0 0 0 0 0 0 0 0 0 0 0 0 0 0 0 0 0 0 0 0 0 0 0 0 0 0 0 0 0 0 0 0 0 0 0 0 0 0 0 0 0 0 0 0 0 0 0 0 0 0 0 0 0 0 0 0 0 0 0 0 0 0 0 0 0 0 0 0 0 0 0 0 0 70 0 0 0 0 0 0 0 0 0 0 0 0 0 0 0 0 0 0 32 2 664 1067 0 0 0 0 0 0 0 0 0 0 0 0 0 0 0 0 515 939 248 238 25 0 0 0 0 0 0 0 0 0 0 0 0 0 0 60 260 0 606 1633 406 0 0 0 0 0 0 0 0 0 0 0 0 0 0 0 995 1209 198 507 212 0 0 0 0 0 0 0 0 0 0 0 0 0 0 118 52 21 97 355 186 0 0 0 0 0 0 0 0 0 0 0 0 0 0 0 116 238 41 16 291 47 19 0 0 0 0 0 0 0 0 0 0 0 0 18 32 384 338 624 698 0 0 0 0 0 0 0 0 0 0 0 0 0 0 0 687 1211 821 623 327 179 279 0 0 0 0 0 0 0 0 0 0 0 0 62 312 1381 1339 1319 1294 438 0 0 0 0 0 0 0 0 0 0 0 0 0 71 1219 965 1566 1197 1104 65 19 0 0 0 0 0 0 0 0 0 0 0 0 290 1002 1416 1680 1330 1494 910 0 0 0 0 0 0 0 0 0 0 0 0 0 32 1377 1540 1332 1459 1288 697 1 0 0 0 0 0 0 0 0 0 0 0 0 404 953 1684 1485 1276 1302 785 0 0 0 0 0 0 0 0 0 0 0 0 0 57 527 983 1388 1495 1407 1559 205 0 0 0 0 0 0 0 0 0 0 0 0 631 1058 1368 1129 893 722 48 0 0 0 0 0 0 0 0 0 0 0 0 0 0 3 479 558 833 1316 1247 869 0 0 0 0 0 0 0 0 0 0 0 0 622 991 762 545 59 28 0 0 0 0 0 0 0 0 0 0 0 0 0 0 0 0 3 92 869 1092 1325 901 0 0 0 0 0 0 0 0 0 0 0 0 99 315 547 156 5 0 16 0 0 0 0 0 0 0 0 0 0 0 0 0 0 0 0 24 398 681 871 413 0 0 0 0 0 0 0 0 0 0 0 0 0 74 74 72 22 32 0 0 0 0 0 0 0 0 0 0 0 0 0 0 0 0 0 0 267 450 593 0 0 0 0 0 0 0 0 0 0 0 0 0 0 1 77 55 40 0 0 0 0 0 0 0 0 0 0 0 0 0 0 0 0 0 0 0 81 459 283 0 0 0 0 0 0 0 0 0 0 0 0 0 0 0 0 73 68 0 0 0 0 0 0 0 0 0 0 0 0 0 0 0 0 0 0 0 74 158 0 0 0 0 0 0 0 0 0 0 0 0 0 0 0 0 105 56 8 0 0 0 0 0 0 0 0 0 0 0 0 0 0 0 0 0 0 0 36 22 0 0 0 0 0 0 0 0 0 0 0 0 0 0 0 0 0 4 0 0 0 0 0 0 0 0 0 0 0 0 0 0 0 0 0 0 30 32 30 0 0 0 0 0 0 0 0 0 0 0 0 0 0 0 0 0 0 0 0 58 148 24 0 0 0 0 0 0 0 0 0 0 0 0 0 167 361 178 0 0 0 0 0 0 0 0 0 0 0 0 0 0 0 0 0 0 0 0 0 220 1009 728 14 0 0 0 0 0 0 0 0 0 0 0 164 1199 1141 481 0 0 0 0 0 0 0 0 0 0 0 0 0 0 0 0 0 0 0 0 0 586 1616 2024 736 0 0 0 0 0 0 0 0 0 0 0 970 1442 1661 733 0 0 0 0 0 0 0 0 0 0 0 0 0 0 0 0 0 0 0 0 0 578 1903 1896 2008 372 0 0 0 0 0 0 0 0 0 26 1723 1773 1390 1017 0 0 0 0 0 0 0 0 0 0 0 0 0 0 0 0 0 0 0 0 0 479 1933 2614 2370 1165 0 0 0 0 0 0 0 0 0 0 1640 1592 1447 1065 0 0 0 0 0 0 0 0 0 0 0 0 0 0 0 0 0 0 0 0 0 164 1827 2608 2343 1294 0 0 0 0 0 0 0 0 0 0 584 1324 1223 309 0 0 0 0 0 0 0 0 0 0 0 0 0 0 0 0 0 0 0 0 0 0 622 1968 1794 46 0 0 0 0 0 0 0 0 0 0 0 170 138 0 0 0 0 0 0 0 0 0 0 0 0 0 0 0 0 0 0 0 0 0 0 0 0 0 48 0 0 0 0 0 0 0 0 0 0 0 0 0 0 0 0 0 0 0 0 0 0 0 0 0 0 0 0 0 0 0 0 0 0 0 0 0 0 0 0 0 0 0 0 0 0 0 0 0 0 0 0 0 0 0 0 0 0 0 0 0 0 0 0 0 0 0 0 0 0 0 0 0 0 0 0 0 0 0 0 0 0 0 0 0 0 0 0 0 0 0 0 0 0 0 0 0 0 0 0 0 0 0 0 0 0 0 0 0 0 0 0 0 0 0 0 0 0 0 0 0 0 0 0 0 0 0 0 0 0 0 0 0 0 0 0 0 0 0 0 0 0 0 0 0 0 0 0 0 0 0 0 0 0 0 0 0 0 0 0 0 0 0 0 0 0 0 0 0 0 0 0 0 0 0 0 0 0 0 0 0 0 0 0 0 0 0 0 0 0 0 0 0 0 0 0 0 0 0 0 0 0 0 0 0 0 0 0 0 0 0 0 0 0 0 0 0 0 0 0 0 0 0 0 0 0 0 0 0 0 0 0 0 0 0 0 0 0 0 0 0 0 0 0 0 0 0 0 0 0 0 0 0 0 0 0 0 0 0 0 0 0 0 0 0 0 0 0 0 0 0 0 0 0 0 0 0 0 0 0 0 0 0 0 0 0 0 0 0 0 0 0 0 0 0 0 0 0 0 0 0 0 0 0 
[12:48:10:882] 0 0 0 0 0 0 0 0 0 0 0 0 0 0 0 0 0 0 0 0 0 0 0 0 0 0 0 0 0 0 0 0 0 0 0 0 0 0 0 0 0 0 0 0 0 0 0 0 0 0 0 0 0 0 0 0 0 0 0 0 0 0 0 0 0 0 0 0 0 0 0 0 0 0 0 0 0 0 0 0 0 0 0 0 0 0 0 0 0 0 0 0 0 0 0 0 0 0 0 0 0 0 0 0 0 0 0 0 0 0 0 0 0 0 0 0 0 0 0 0 0 0 0 0 0 0 0 0 0 0 0 0 0 0 0 0 0 0 0 0 0 0 0 0 0 0 0 0 0 0 0 0 0 0 0 0 0 0 0 0 0 0 0 0 0 0 0 0 0 0 0 0 0 0 0 0 0 0 0 0 0 0 0 0 0 0 0 0 0 0 0 0 0 0 0 0 0 0 0 0 0 0 0 0 0 0 0 0 0 0 0 0 0 0 0 0 0 0 0 0 0 0 0 0 0 0 0 0 0 0 0 0 0 0 0 0 0 0 0 0 0 0 0 0 0 0 0 0 0 0 0 0 0 0 0 0 0 0 0 0 0 0 0 0 0 0 0 0 0 0 0 0 0 0 0 0 0 0 0 0 0 0 0 0 0 0 0 0 0 0 0 0 0 0 0 0 0 0 0 0 0 0 0 0 0 0 0 0 0 0 0 0 0 0 0 0 0 0 0 0 0 0 0 0 0 0 0 0 0 0 0 0 0 0 0 0 0 0 0 0 0 0 0 0 0 0 0 0 0 0 0 0 0 0 0 0 0 0 0 0 0 0 0 0 0 0 0 0 0 0 0 0 0 0 0 0 0 0 0 0 0 0 0 0 0 0 0 0 0 70 0 0 0 0 0 0 0 0 0 0 0 0 0 0 0 0 0 0 32 2 664 1067 0 0 0 0 0 0 0 0 0 0 0 0 0 0 0 0 515 939 248 238 25 0 0 0 0 0 0 0 0 0 0 0 0 0 0 60 260 0 606 1633 406 0 0 0 0 0 0 0 0 0 0 0 0 0 0 0 995 1209 198 507 212 0 0 0 0 0 0 0 0 0 0 0 0 0 0 118 52 21 97 355 186 0 0 0 0 0 0 0 0 0 0 0 0 0 0 0 116 238 41 16 291 47 19 0 0 0 0 0 0 0 0 0 0 0 0 18 32 384 338 624 698 0 0 0 0 0 0 0 0 0 0 0 0 0 0 0 687 1211 821 623 327 179 279 0 0 0 0 0 0 0 0 0 0 0 0 62 312 1381 1339 1319 1294 438 0 0 0 0 0 0 0 0 0 0 0 0 0 71 1219 965 1566 1197 1104 65 19 0 0 0 0 0 0 0 0 0 0 0 0 290 1002 1416 1680 1330 1494 910 0 0 0 0 0 0 0 0 0 0 0 0 0 32 1377 1540 1332 1459 1288 697 1 0 0 0 0 0 0 0 0 0 0 0 0 404 953 1684 1485 1276 1302 785 0 0 0 0 0 0 0 0 0 0 0 0 0 57 527 983 1388 1495 1407 1559 205 0 0 0 0 0 0 0 0 0 0 0 0 631 1058 1368 1129 893 722 48 0 0 0 0 0 0 0 0 0 0 0 0 0 0 3 479 558 833 1316 1247 869 0 0 0 0 0 0 0 0 0 0 0 0 622 991 762 545 59 28 0 0 0 0 0 0 0 0 0 0 0 0 0 0 0 0 3 92 869 1092 1325 901 0 0 0 0 0 0 0 0 0 0 0 0 99 315 547 156 5 0 16 0 0 0 0 0 0 0 0 0 0 0 0 0 0 0 0 24 398 681 871 413 0 0 0 0 0 0 0 0 0 0 0 0 0 74 74 72 22 32 0 0 0 0 0 0 0 0 0 0 0 0 0 0 0 0 0 0 267 450 593 0 0 0 0 0 0 0 0 0 0 0 0 0 0 1 77 55 40 0 0 0 0 0 0 0 0 0 0 0 0 0 0 0 0 0 0 0 81 459 283 0 0 0 0 0 0 0 0 0 0 0 0 0 0 0 0 73 68 0 0 0 0 0 0 0 0 0 0 0 0 0 0 0 0 0 0 0 74 158 0 0 0 0 0 0 0 0 0 0 0 0 0 0 0 0 105 56 8 0 0 0 0 0 0 0 0 0 0 0 0 0 0 0 0 0 0 0 36 22 0 0 0 0 0 0 0 0 0 0 0 0 0 0 0 0 0 4 0 0 0 0 0 0 0 0 0 0 0 0 0 0 0 0 0 0 30 32 30 0 0 0 0 0 0 0 0 0 0 0 0 0 0 0 0 0 0 0 0 58 148 24 0 0 0 0 0 0 0 0 0 0 0 0 0 167 361 178 0 0 0 0 0 0 0 0 0 0 0 0 0 0 0 0 0 0 0 0 0 220 1009 728 14 0 0 0 0 0 0 0 0 0 0 0 164 1199 1141 481 0 0 0 0 0 0 0 0 0 0 0 0 0 0 0 0 0 0 0 0 0 586 1616 2024 736 0 0 0 0 0 0 0 0 0 0 0 970 1442 1661 733 0 0 0 0 0 0 0 0 0 0 0 0 0 0 0 0 0 0 0 0 0 578 1903 1896 2008 372 0 0 0 0 0 0 0 0 0 26 1723 1773 1390 1017 0 0 0 0 0 0 0 0 0 0 0 0 0 0 0 0 0 0 0 0 0 479 1933 2614 2370 1165 0 0 0 0 0 0 0 0 0 0 1640 1592 1447 1065 0 0 0 0 0 0 0 0 0 0 0 0 0 0 0 0 0 0 0 0 0 164 1827 2608 2343 1294 0 0 0 0 0 0 0 0 0 0 584 1324 1223 309 0 0 0 0 0 0 0 0 0 0 0 0 0 0 0 0 0 0 0 0 0 0 622 1968 1794 46 0 0 0 0 0 0 0 0 0 0 0 170 138 0 0 0 0 0 0 0 0 0 0 0 0 0 0 0 0 0 0 0 0 0 0 0 0 0 48 0 0 0 0 0 0 0 0 0 0 0 0 0 0 0 0 0 0 0 0 0 0 0 0 0 0 0 0 0 0 0 0 0 0 0 0 0 0 0 0 0 0 0 0 0 0 0 0 0 0 0 0 0 0 0 0 0 0 0 0 0 0 0 0 0 0 0 0 0 0 0 0 0 0 0 0 0 0 0 0 0 0 0 0 0 0 0 0 0 0 0 0 0 0 0 0 0 0 0 0 0 0 0 0 0 0 0 0 0 0 0 0 0 0 0 0 0 0 0 0 0 0 0 0 0 0 0 0 0 0 0 0 0 0 0 0 0 0 0 0 0 0 0 0 0 0 0 0 0 0 0 0 0 0 0 0 0 0 0 0 0 0 0 0 0 0 0 0 0 0 0 0 0 0 0 0 0 0 0 0 0 0 0 0 0 0 0 0 0 0 0 0 0 0 0 0 0 0 0 0 0 0 0 0 0 0 0 0 0 0 0 0 0 0 0 0 0 0 0 0 0 0 0 0 0 0 0 0 0 0 0 0 0 0 0 0 0 0 0 0 0 0 0 0 0 0 0 0 0 0 0 0 0 0 0 0 0 0 0 0 0 0 0 0 0 0 0 0 0 0 0 0 0 0 0 0 0 0 0 0 0 0 0 0 0 0 0 0 0 0 0 0 0 0 0 0 0 0 0 0 0 0 0 0 
[12:48:11:006] 0 0 0 0 0 0 0 0 0 0 0 0 0 0 0 0 0 0 0 0 0 0 0 0 0 0 0 0 0 0 0 0 0 0 0 0 0 0 0 0 0 0 0 0 0 0 0 0 0 0 0 0 0 0 0 0 0 0 0 0 0 0 0 0 0 0 0 0 0 0 0 0 0 0 0 0 0 0 0 0 0 0 0 0 0 0 0 0 0 0 0 0 0 0 0 0 0 0 0 0 0 0 0 0 0 0 0 0 0 0 0 0 0 0 0 0 0 0 0 0 0 0 0 0 0 0 0 0 0 0 0 0 0 0 0 0 0 0 0 0 0 0 0 0 0 0 0 0 0 0 0 0 0 0 0 0 0 0 0 0 0 0 0 0 0 0 0 0 0 0 0 0 0 0 0 0 0 0 0 0 0 0 0 0 0 0 0 0 0 0 0 0 0 0 0 0 0 0 0 0 0 0 0 0 0 0 0 0 0 0 0 0 0 0 0 0 0 0 0 0 0 0 0 0 0 0 0 0 0 0 0 0 0 0 0 0 0 0 0 0 0 0 0 0 0 0 0 0 0 0 0 0 0 0 0 0 0 0 0 0 0 0 0 0 0 0 0 0 0 0 0 0 0 0 0 0 0 0 0 0 0 0 0 0 0 0 0 0 0 0 0 0 0 0 0 0 0 0 0 0 0 0 0 0 0 0 0 0 0 0 0 0 0 0 0 0 0 0 0 0 0 0 0 0 0 0 0 0 0 0 0 0 0 0 0 0 0 0 0 0 0 0 0 0 0 0 0 0 0 0 0 0 0 0 0 0 0 0 0 0 0 0 0 0 0 0 0 0 0 0 0 0 0 0 0 0 0 0 0 0 0 0 0 0 0 0 0 0 0 70 0 0 0 0 0 0 0 0 0 0 0 0 0 0 0 0 0 0 32 2 664 1067 0 0 0 0 0 0 0 0 0 0 0 0 0 0 0 0 515 939 248 238 25 0 0 0 0 0 0 0 0 0 0 0 0 0 0 60 260 0 606 1633 406 0 0 0 0 0 0 0 0 0 0 0 0 0 0 0 995 1209 198 507 212 0 0 0 0 0 0 0 0 0 0 0 0 0 0 118 52 21 97 355 186 0 0 0 0 0 0 0 0 0 0 0 0 0 0 0 116 238 41 16 291 47 19 0 0 0 0 0 0 0 0 0 0 0 0 18 32 384 338 624 698 0 0 0 0 0 0 0 0 0 0 0 0 0 0 0 687 1211 821 623 327 179 279 0 0 0 0 0 0 0 0 0 0 0 0 62 312 1381 1339 1319 1294 438 0 0 0 0 0 0 0 0 0 0 0 0 0 71 1219 965 1566 1197 1104 65 19 0 0 0 0 0 0 0 0 0 0 0 0 290 1002 1416 1680 1330 1494 910 0 0 0 0 0 0 0 0 0 0 0 0 0 32 1377 1540 1332 1459 1288 697 1 0 0 0 0 0 0 0 0 0 0 0 0 404 953 1684 1485 1276 1302 785 0 0 0 0 0 0 0 0 0 0 0 0 0 57 527 983 1388 1495 1407 1559 205 0 0 0 0 0 0 0 0 0 0 0 0 631 1058 1368 1129 893 722 48 0 0 0 0 0 0 0 0 0 0 0 0 0 0 3 479 558 833 1316 1247 869 0 0 0 0 0 0 0 0 0 0 0 0 622 991 762 545 59 28 0 0 0 0 0 0 0 0 0 0 0 0 0 0 0 0 3 92 869 1092 1325 901 0 0 0 0 0 0 0 0 0 0 0 0 99 315 547 156 5 0 16 0 0 0 0 0 0 0 0 0 0 0 0 0 0 0 0 24 398 681 871 413 0 0 0 0 0 0 0 0 0 0 0 0 0 74 74 72 22 32 0 0 0 0 0 0 0 0 0 0 0 0 0 0 0 0 0 0 267 450 593 0 0 0 0 0 0 0 0 0 0 0 0 0 0 1 77 55 40 0 0 0 0 0 0 0 0 0 0 0 0 0 0 0 0 0 0 0 81 459 283 0 0 0 0 0 0 0 0 0 0 0 0 0 0 0 0 73 68 0 0 0 0 0 0 0 0 0 0 0 0 0 0 0 0 0 0 0 74 158 0 0 0 0 0 0 0 0 0 0 0 0 0 0 0 0 105 56 8 0 0 0 0 0 0 0 0 0 0 0 0 0 0 0 0 0 0 0 36 22 0 0 0 0 0 0 0 0 0 0 0 0 0 0 0 0 0 4 0 0 0 0 0 0 0 0 0 0 0 0 0 0 0 0 0 0 30 32 30 0 0 0 0 0 0 0 0 0 0 0 0 0 0 0 0 0 0 0 0 58 148 24 0 0 0 0 0 0 0 0 0 0 0 0 0 167 361 178 0 0 0 0 0 0 0 0 0 0 0 0 0 0 0 0 0 0 0 0 0 220 1009 728 14 0 0 0 0 0 0 0 0 0 0 0 164 1199 1141 481 0 0 0 0 0 0 0 0 0 0 0 0 0 0 0 0 0 0 0 0 0 586 1616 2024 736 0 0 0 0 0 0 0 0 0 0 0 970 1442 1661 733 0 0 0 0 0 0 0 0 0 0 0 0 0 0 0 0 0 0 0 0 0 578 1903 1896 2008 372 0 0 0 0 0 0 0 0 0 26 1723 1773 1390 1017 0 0 0 0 0 0 0 0 0 0 0 0 0 0 0 0 0 0 0 0 0 479 1933 2614 2370 1165 0 0 0 0 0 0 0 0 0 0 1640 1592 1447 1065 0 0 0 0 0 0 0 0 0 0 0 0 0 0 0 0 0 0 0 0 0 164 1827 2608 2343 1294 0 0 0 0 0 0 0 0 0 0 584 1324 1223 309 0 0 0 0 0 0 0 0 0 0 0 0 0 0 0 0 0 0 0 0 0 0 622 1968 1794 46 0 0 0 0 0 0 0 0 0 0 0 170 138 0 0 0 0 0 0 0 0 0 0 0 0 0 0 0 0 0 0 0 0 0 0 0 0 0 48 0 0 0 0 0 0 0 0 0 0 0 0 0 0 0 0 0 0 0 0 0 0 0 0 0 0 0 0 0 0 0 0 0 0 0 0 0 0 0 0 0 0 0 0 0 0 0 0 0 0 0 0 0 0 0 0 0 0 0 0 0 0 0 0 0 0 0 0 0 0 0 0 0 0 0 0 0 0 0 0 0 0 0 0 0 0 0 0 0 0 0 0 0 0 0 0 0 0 0 0 0 0 0 0 0 0 0 0 0 0 0 0 0 0 0 0 0 0 0 0 0 0 0 0 0 0 0 0 0 0 0 0 0 0 0 0 0 0 0 0 0 0 0 0 0 0 0 0 0 0 0 0 0 0 0 0 0 0 0 0 0 0 0 0 0 0 0 0 0 0 0 0 0 0 0 0 0 0 0 0 0 0 0 0 0 0 0 0 0 0 0 0 0 0 0 0 0 0 0 0 0 0 0 0 0 0 0 0 0 0 0 0 0 0 0 0 0 0 0 0 0 0 0 0 0 0 0 0 0 0 0 0 0 0 0 0 0 0 0 0 0 0 0 0 0 0 0 0 0 0 0 0 0 0 0 0 0 0 0 0 0 0 0 0 0 0 0 0 0 0 0 0 0 0 0 0 0 0 0 0 0 0 0 0 0 0 0 0 0 0 0 0 0 0 0 0 0 0 0 0 0 0 0 0 
[12:48:11:145] 0 0 0 0 0 0 0 0 0 0 0 0 0 0 0 0 0 0 0 0 0 0 0 0 0 0 0 0 0 0 0 0 0 0 0 0 0 0 0 0 0 0 0 0 0 0 0 0 0 0 0 0 0 0 0 0 0 0 0 0 0 0 0 0 0 0 0 0 0 0 0 0 0 0 0 0 0 0 0 0 0 0 0 0 0 0 0 0 0 0 0 0 0 0 0 0 0 0 0 0 0 0 0 0 0 0 0 0 0 0 0 0 0 0 0 0 0 0 0 0 0 0 0 0 0 0 0 0 0 0 0 0 0 0 0 0 0 0 0 0 0 0 0 0 0 0 0 0 0 0 0 0 0 0 0 0 0 0 0 0 0 0 0 0 0 0 0 0 0 0 0 0 0 0 0 0 0 0 0 0 0 0 0 0 0 0 0 0 0 0 0 0 0 0 0 0 0 0 0 0 0 0 0 0 0 0 0 0 0 0 0 0 0 0 0 0 0 0 0 0 0 0 0 0 0 0 0 0 0 0 0 0 0 0 0 0 0 0 0 0 0 0 0 0 0 0 0 0 0 0 0 0 0 0 0 0 0 0 0 0 0 0 0 0 0 0 0 0 0 0 0 0 0 0 0 0 0 0 0 0 0 0 0 0 0 0 0 0 0 0 0 0 0 0 0 0 0 0 0 0 0 0 0 0 0 0 0 0 0 0 0 0 0 0 0 0 0 0 0 0 0 0 0 0 0 0 0 0 0 0 0 0 0 0 0 0 0 0 0 0 0 0 0 0 0 0 0 0 0 0 0 0 0 0 0 0 0 0 0 0 0 0 0 0 0 0 0 0 0 0 0 0 0 0 0 0 0 0 0 0 0 0 0 0 0 0 0 0 0 70 0 0 0 0 0 0 0 0 0 0 0 0 0 0 0 0 0 0 32 2 664 1067 0 0 0 0 0 0 0 0 0 0 0 0 0 0 0 0 515 939 248 238 25 0 0 0 0 0 0 0 0 0 0 0 0 0 0 60 260 0 606 1633 406 0 0 0 0 0 0 0 0 0 0 0 0 0 0 0 995 1209 198 507 212 0 0 0 0 0 0 0 0 0 0 0 0 0 0 118 52 21 97 355 186 0 0 0 0 0 0 0 0 0 0 0 0 0 0 0 116 238 41 16 291 47 19 0 0 0 0 0 0 0 0 0 0 0 0 18 32 384 338 624 698 0 0 0 0 0 0 0 0 0 0 0 0 0 0 0 687 1211 821 623 327 179 279 0 0 0 0 0 0 0 0 0 0 0 0 62 312 1381 1339 1319 1294 438 0 0 0 0 0 0 0 0 0 0 0 0 0 71 1219 965 1566 1197 1104 65 19 0 0 0 0 0 0 0 0 0 0 0 0 290 1002 1416 1680 1330 1494 910 0 0 0 0 0 0 0 0 0 0 0 0 0 32 1377 1540 1332 1459 1288 697 1 0 0 0 0 0 0 0 0 0 0 0 0 404 953 1684 1485 1276 1302 785 0 0 0 0 0 0 0 0 0 0 0 0 0 57 527 983 1388 1495 1407 1559 205 0 0 0 0 0 0 0 0 0 0 0 0 631 1058 1368 1129 893 722 48 0 0 0 0 0 0 0 0 0 0 0 0 0 0 3 479 558 833 1316 1247 869 0 0 0 0 0 0 0 0 0 0 0 0 622 991 762 545 59 28 0 0 0 0 0 0 0 0 0 0 0 0 0 0 0 0 3 92 869 1092 1325 901 0 0 0 0 0 0 0 0 0 0 0 0 99 315 547 156 5 0 16 0 0 0 0 0 0 0 0 0 0 0 0 0 0 0 0 24 398 681 871 413 0 0 0 0 0 0 0 0 0 0 0 0 0 74 74 72 22 32 0 0 0 0 0 0 0 0 0 0 0 0 0 0 0 0 0 0 267 450 593 0 0 0 0 0 0 0 0 0 0 0 0 0 0 1 77 55 40 0 0 0 0 0 0 0 0 0 0 0 0 0 0 0 0 0 0 0 81 459 283 0 0 0 0 0 0 0 0 0 0 0 0 0 0 0 0 73 68 0 0 0 0 0 0 0 0 0 0 0 0 0 0 0 0 0 0 0 74 158 0 0 0 0 0 0 0 0 0 0 0 0 0 0 0 0 105 56 8 0 0 0 0 0 0 0 0 0 0 0 0 0 0 0 0 0 0 0 36 22 0 0 0 0 0 0 0 0 0 0 0 0 0 0 0 0 0 4 0 0 0 0 0 0 0 0 0 0 0 0 0 0 0 0 0 0 30 32 30 0 0 0 0 0 0 0 0 0 0 0 0 0 0 0 0 0 0 0 0 58 148 24 0 0 0 0 0 0 0 0 0 0 0 0 0 167 361 178 0 0 0 0 0 0 0 0 0 0 0 0 0 0 0 0 0 0 0 0 0 220 1009 728 14 0 0 0 0 0 0 0 0 0 0 0 164 1199 1141 481 0 0 0 0 0 0 0 0 0 0 0 0 0 0 0 0 0 0 0 0 0 586 1616 2024 736 0 0 0 0 0 0 0 0 0 0 0 970 1442 1661 733 0 0 0 0 0 0 0 0 0 0 0 0 0 0 0 0 0 0 0 0 0 578 1903 1896 2008 372 0 0 0 0 0 0 0 0 0 26 1723 1773 1390 1017 0 0 0 0 0 0 0 0 0 0 0 0 0 0 0 0 0 0 0 0 0 479 1933 2614 2370 1165 0 0 0 0 0 0 0 0 0 0 1640 1592 1447 1065 0 0 0 0 0 0 0 0 0 0 0 0 0 0 0 0 0 0 0 0 0 164 1827 2608 2343 1294 0 0 0 0 0 0 0 0 0 0 584 1324 1223 309 0 0 0 0 0 0 0 0 0 0 0 0 0 0 0 0 0 0 0 0 0 0 622 1968 1794 46 0 0 0 0 0 0 0 0 0 0 0 170 138 0 0 0 0 0 0 0 0 0 0 0 0 0 0 0 0 0 0 0 0 0 0 0 0 0 48 0 0 0 0 0 0 0 0 0 0 0 0 0 0 0 0 0 0 0 0 0 0 0 0 0 0 0 0 0 0 0 0 0 0 0 0 0 0 0 0 0 0 0 0 0 0 0 0 0 0 0 0 0 0 0 0 0 0 0 0 0 0 0 0 0 0 0 0 0 0 0 0 0 0 0 0 0 0 0 0 0 0 0 0 0 0 0 0 0 0 0 0 0 0 0 0 0 0 0 0 0 0 0 0 0 0 0 0 0 0 0 0 0 0 0 0 0 0 0 0 0 0 0 0 0 0 0 0 0 0 0 0 0 0 0 0 0 0 0 0 0 0 0 0 0 0 0 0 0 0 0 0 0 0 0 0 0 0 0 0 0 0 0 0 0 0 0 0 0 0 0 0 0 0 0 0 0 0 0 0 0 0 0 0 0 0 0 0 0 0 0 0 0 0 0 0 0 0 0 0 0 0 0 0 0 0 0 0 0 0 0 0 0 0 0 0 0 0 0 0 0 0 0 0 0 0 0 0 0 0 0 0 0 0 0 0 0 0 0 0 0 0 0 0 0 0 0 0 0 0 0 0 0 0 0 0 0 0 0 0 0 0 0 0 0 0 0 0 0 0 0 0 0 0 0 0 0 0 0 0 0 0 0 0 0 0 0 0 0 0 0 0 0 0 0 0 0 0 0 0 0 0 0 0 
[12:48:11:273] 0 0 0 0 0 0 0 0 0 0 0 0 0 0 0 0 0 0 0 0 0 0 0 0 0 0 0 0 0 0 0 0 0 0 0 0 0 0 0 0 0 0 0 0 0 0 0 0 0 0 0 0 0 0 0 0 0 0 0 0 0 0 0 0 0 0 0 0 0 0 0 0 0 0 0 0 0 0 0 0 0 0 0 0 0 0 0 0 0 0 0 0 0 0 0 0 0 0 0 0 0 0 0 0 0 0 0 0 0 0 0 0 0 0 0 0 0 0 0 0 0 0 0 0 0 0 0 0 0 0 0 0 0 0 0 0 0 0 0 0 0 0 0 0 0 0 0 0 0 0 0 0 0 0 0 0 0 0 0 0 0 0 0 0 0 0 0 0 0 0 0 0 0 0 0 0 0 0 0 0 0 0 0 0 0 0 0 0 0 0 0 0 0 0 0 0 0 0 0 0 0 0 0 0 0 0 0 0 0 0 0 0 0 0 0 0 0 0 0 0 0 0 0 0 0 0 0 0 0 0 0 0 0 0 0 0 0 0 0 0 0 0 0 0 0 0 0 0 0 0 0 0 0 0 0 0 0 0 0 0 0 0 0 0 0 0 0 0 0 0 0 0 0 0 0 0 0 0 0 0 0 0 0 0 0 0 0 0 0 0 0 0 0 0 0 0 0 0 0 0 0 0 0 0 0 0 0 0 0 0 0 0 0 0 0 0 0 0 0 0 0 0 0 0 0 0 0 0 0 0 0 0 0 0 0 0 0 0 0 0 0 0 0 0 0 0 0 0 0 0 0 0 0 0 0 0 0 0 0 0 0 0 0 0 0 0 0 0 0 0 0 0 0 0 0 0 0 0 0 0 0 0 0 0 0 0 0 0 0 70 0 0 0 0 0 0 0 0 0 0 0 0 0 0 0 0 0 0 32 2 664 1067 0 0 0 0 0 0 0 0 0 0 0 0 0 0 0 0 515 939 248 238 25 0 0 0 0 0 0 0 0 0 0 0 0 0 0 60 260 0 606 1633 406 0 0 0 0 0 0 0 0 0 0 0 0 0 0 0 995 1209 198 507 212 0 0 0 0 0 0 0 0 0 0 0 0 0 0 118 52 21 97 355 186 0 0 0 0 0 0 0 0 0 0 0 0 0 0 0 116 238 41 16 291 47 19 0 0 0 0 0 0 0 0 0 0 0 0 18 32 384 338 624 698 0 0 0 0 0 0 0 0 0 0 0 0 0 0 0 687 1211 821 623 327 179 279 0 0 0 0 0 0 0 0 0 0 0 0 62 312 1381 1339 1319 1294 438 0 0 0 0 0 0 0 0 0 0 0 0 0 71 1219 965 1566 1197 1104 65 19 0 0 0 0 0 0 0 0 0 0 0 0 290 1002 1416 1680 1330 1494 910 0 0 0 0 0 0 0 0 0 0 0 0 0 32 1377 1540 1332 1459 1288 697 1 0 0 0 0 0 0 0 0 0 0 0 0 404 953 1684 1485 1276 1302 785 0 0 0 0 0 0 0 0 0 0 0 0 0 57 527 983 1388 1495 1407 1559 205 0 0 0 0 0 0 0 0 0 0 0 0 631 1058 1368 1129 893 722 48 0 0 0 0 0 0 0 0 0 0 0 0 0 0 3 479 558 833 1316 1247 869 0 0 0 0 0 0 0 0 0 0 0 0 622 991 762 545 59 28 0 0 0 0 0 0 0 0 0 0 0 0 0 0 0 0 3 92 869 1092 1325 901 0 0 0 0 0 0 0 0 0 0 0 0 99 315 547 156 5 0 16 0 0 0 0 0 0 0 0 0 0 0 0 0 0 0 0 24 398 681 871 413 0 0 0 0 0 0 0 0 0 0 0 0 0 74 74 72 22 32 0 0 0 0 0 0 0 0 0 0 0 0 0 0 0 0 0 0 267 450 593 0 0 0 0 0 0 0 0 0 0 0 0 0 0 1 77 55 40 0 0 0 0 0 0 0 0 0 0 0 0 0 0 0 0 0 0 0 81 459 283 0 0 0 0 0 0 0 0 0 0 0 0 0 0 0 0 73 68 0 0 0 0 0 0 0 0 0 0 0 0 0 0 0 0 0 0 0 74 158 0 0 0 0 0 0 0 0 0 0 0 0 0 0 0 0 105 56 8 0 0 0 0 0 0 0 0 0 0 0 0 0 0 0 0 0 0 0 36 22 0 0 0 0 0 0 0 0 0 0 0 0 0 0 0 0 0 4 0 0 0 0 0 0 0 0 0 0 0 0 0 0 0 0 0 0 30 32 30 0 0 0 0 0 0 0 0 0 0 0 0 0 0 0 0 0 0 0 0 58 148 24 0 0 0 0 0 0 0 0 0 0 0 0 0 167 361 178 0 0 0 0 0 0 0 0 0 0 0 0 0 0 0 0 0 0 0 0 0 220 1009 728 14 0 0 0 0 0 0 0 0 0 0 0 164 1199 1141 481 0 0 0 0 0 0 0 0 0 0 0 0 0 0 0 0 0 0 0 0 0 586 1616 2024 736 0 0 0 0 0 0 0 0 0 0 0 970 1442 1661 733 0 0 0 0 0 0 0 0 0 0 0 0 0 0 0 0 0 0 0 0 0 578 1903 1896 2008 372 0 0 0 0 0 0 0 0 0 26 1723 1773 1390 1017 0 0 0 0 0 0 0 0 0 0 0 0 0 0 0 0 0 0 0 0 0 479 1933 2614 2370 1165 0 0 0 0 0 0 0 0 0 0 1640 1592 1447 1065 0 0 0 0 0 0 0 0 0 0 0 0 0 0 0 0 0 0 0 0 0 164 1827 2608 2343 1294 0 0 0 0 0 0 0 0 0 0 584 1324 1223 309 0 0 0 0 0 0 0 0 0 0 0 0 0 0 0 0 0 0 0 0 0 0 622 1968 1794 46 0 0 0 0 0 0 0 0 0 0 0 170 138 0 0 0 0 0 0 0 0 0 0 0 0 0 0 0 0 0 0 0 0 0 0 0 0 0 48 0 0 0 0 0 0 0 0 0 0 0 0 0 0 0 0 0 0 0 0 0 0 0 0 0 0 0 0 0 0 0 0 0 0 0 0 0 0 0 0 0 0 0 0 0 0 0 0 0 0 0 0 0 0 0 0 0 0 0 0 0 0 0 0 0 0 0 0 0 0 0 0 0 0 0 0 0 0 0 0 0 0 0 0 0 0 0 0 0 0 0 0 0 0 0 0 0 0 0 0 0 0 0 0 0 0 0 0 0 0 0 0 0 0 0 0 0 0 0 0 0 0 0 0 0 0 0 0 0 0 0 0 0 0 0 0 0 0 0 0 0 0 0 0 0 0 0 0 0 0 0 0 0 0 0 0 0 0 0 0 0 0 0 0 0 0 0 0 0 0 0 0 0 0 0 0 0 0 0 0 0 0 0 0 0 0 0 0 0 0 0 0 0 0 0 0 0 0 0 0 0 0 0 0 0 0 0 0 0 0 0 0 0 0 0 0 0 0 0 0 0 0 0 0 0 0 0 0 0 0 0 0 0 0 0 0 0 0 0 0 0 0 0 0 0 0 0 0 0 0 0 0 0 0 0 0 0 0 0 0 0 0 0 0 0 0 0 0 0 0 0 0 0 0 0 0 0 0 0 0 0 0 0 0 0 0 0 0 0 0 0 0 0 0 0 0 0 0 0 0 0 0 0 0 
[12:48:11:412] 0 0 0 0 0 0 0 0 0 0 0 0 0 0 0 0 0 0 0 0 0 0 0 0 0 0 0 0 0 0 0 0 0 0 0 0 0 0 0 0 0 0 0 0 0 0 0 0 0 0 0 0 0 0 0 0 0 0 0 0 0 0 0 0 0 0 0 0 0 0 0 0 0 0 0 0 0 0 0 0 0 0 0 0 0 0 0 0 0 0 0 0 0 0 0 0 0 0 0 0 0 0 0 0 0 0 0 0 0 0 0 0 0 0 0 0 0 0 0 0 0 0 0 0 0 0 0 0 0 0 0 0 0 0 0 0 0 0 0 0 0 0 0 0 0 0 0 0 0 0 0 0 0 0 0 0 0 0 0 0 0 0 0 0 0 0 0 0 0 0 0 0 0 0 0 0 0 0 0 0 0 0 0 0 0 0 0 0 0 0 0 0 0 0 0 0 0 0 0 0 0 0 0 0 0 0 0 0 0 0 0 0 0 0 0 0 0 0 0 0 0 0 0 0 0 0 0 0 0 0 0 0 0 0 0 0 0 0 0 0 0 0 0 0 0 0 0 0 0 0 0 0 0 0 0 0 0 0 0 0 0 0 0 0 0 0 0 0 0 0 0 0 0 0 0 0 0 0 0 0 0 0 0 0 0 0 0 0 0 0 0 0 0 0 0 0 0 0 0 0 0 0 0 0 0 0 0 0 0 0 0 0 0 0 0 0 0 0 0 0 0 0 0 0 0 0 0 0 0 0 0 0 0 0 0 0 0 0 0 0 0 0 0 0 0 0 0 0 0 0 0 0 0 0 0 0 0 0 0 0 0 0 0 0 0 0 0 0 0 0 0 0 0 0 0 0 0 0 0 0 0 0 0 0 0 0 0 0 0 70 0 0 0 0 0 0 0 0 0 0 0 0 0 0 0 0 0 0 32 2 664 1067 0 0 0 0 0 0 0 0 0 0 0 0 0 0 0 0 515 939 248 238 25 0 0 0 0 0 0 0 0 0 0 0 0 0 0 60 260 0 606 1633 406 0 0 0 0 0 0 0 0 0 0 0 0 0 0 0 995 1209 198 507 212 0 0 0 0 0 0 0 0 0 0 0 0 0 0 118 52 21 97 355 186 0 0 0 0 0 0 0 0 0 0 0 0 0 0 0 116 238 41 16 291 47 19 0 0 0 0 0 0 0 0 0 0 0 0 18 32 384 338 624 698 0 0 0 0 0 0 0 0 0 0 0 0 0 0 0 687 1211 821 623 327 179 279 0 0 0 0 0 0 0 0 0 0 0 0 62 312 1381 1339 1319 1294 438 0 0 0 0 0 0 0 0 0 0 0 0 0 71 1219 965 1566 1197 1104 65 19 0 0 0 0 0 0 0 0 0 0 0 0 290 1002 1416 1680 1330 1494 910 0 0 0 0 0 0 0 0 0 0 0 0 0 32 1377 1540 1332 1459 1288 697 1 0 0 0 0 0 0 0 0 0 0 0 0 404 953 1684 1485 1276 1302 785 0 0 0 0 0 0 0 0 0 0 0 0 0 57 527 983 1388 1495 1407 1559 205 0 0 0 0 0 0 0 0 0 0 0 0 631 1058 1368 1129 893 722 48 0 0 0 0 0 0 0 0 0 0 0 0 0 0 3 479 558 833 1316 1247 869 0 0 0 0 0 0 0 0 0 0 0 0 622 991 762 545 59 28 0 0 0 0 0 0 0 0 0 0 0 0 0 0 0 0 3 92 869 1092 1325 901 0 0 0 0 0 0 0 0 0 0 0 0 99 315 547 156 5 0 16 0 0 0 0 0 0 0 0 0 0 0 0 0 0 0 0 24 398 681 871 413 0 0 0 0 0 0 0 0 0 0 0 0 0 74 74 72 22 32 0 0 0 0 0 0 0 0 0 0 0 0 0 0 0 0 0 0 267 450 593 0 0 0 0 0 0 0 0 0 0 0 0 0 0 1 77 55 40 0 0 0 0 0 0 0 0 0 0 0 0 0 0 0 0 0 0 0 81 459 283 0 0 0 0 0 0 0 0 0 0 0 0 0 0 0 0 73 68 0 0 0 0 0 0 0 0 0 0 0 0 0 0 0 0 0 0 0 74 158 0 0 0 0 0 0 0 0 0 0 0 0 0 0 0 0 105 56 8 0 0 0 0 0 0 0 0 0 0 0 0 0 0 0 0 0 0 0 36 22 0 0 0 0 0 0 0 0 0 0 0 0 0 0 0 0 0 4 0 0 0 0 0 0 0 0 0 0 0 0 0 0 0 0 0 0 30 32 30 0 0 0 0 0 0 0 0 0 0 0 0 0 0 0 0 0 0 0 0 58 148 24 0 0 0 0 0 0 0 0 0 0 0 0 0 167 361 178 0 0 0 0 0 0 0 0 0 0 0 0 0 0 0 0 0 0 0 0 0 220 1009 728 14 0 0 0 0 0 0 0 0 0 0 0 164 1199 1141 481 0 0 0 0 0 0 0 0 0 0 0 0 0 0 0 0 0 0 0 0 0 586 1616 2024 736 0 0 0 0 0 0 0 0 0 0 0 970 1442 1661 733 0 0 0 0 0 0 0 0 0 0 0 0 0 0 0 0 0 0 0 0 0 578 1903 1896 2008 372 0 0 0 0 0 0 0 0 0 26 1723 1773 1390 1017 0 0 0 0 0 0 0 0 0 0 0 0 0 0 0 0 0 0 0 0 0 479 1933 2614 2370 1165 0 0 0 0 0 0 0 0 0 0 1640 1592 1447 1065 0 0 0 0 0 0 0 0 0 0 0 0 0 0 0 0 0 0 0 0 0 164 1827 2608 2343 1294 0 0 0 0 0 0 0 0 0 0 584 1324 1223 309 0 0 0 0 0 0 0 0 0 0 0 0 0 0 0 0 0 0 0 0 0 0 622 1968 1794 46 0 0 0 0 0 0 0 0 0 0 0 170 138 0 0 0 0 0 0 0 0 0 0 0 0 0 0 0 0 0 0 0 0 0 0 0 0 0 48 0 0 0 0 0 0 0 0 0 0 0 0 0 0 0 0 0 0 0 0 0 0 0 0 0 0 0 0 0 0 0 0 0 0 0 0 0 0 0 0 0 0 0 0 0 0 0 0 0 0 0 0 0 0 0 0 0 0 0 0 0 0 0 0 0 0 0 0 0 0 0 0 0 0 0 0 0 0 0 0 0 0 0 0 0 0 0 0 0 0 0 0 0 0 0 0 0 0 0 0 0 0 0 0 0 0 0 0 0 0 0 0 0 0 0 0 0 0 0 0 0 0 0 0 0 0 0 0 0 0 0 0 0 0 0 0 0 0 0 0 0 0 0 0 0 0 0 0 0 0 0 0 0 0 0 0 0 0 0 0 0 0 0 0 0 0 0 0 0 0 0 0 0 0 0 0 0 0 0 0 0 0 0 0 0 0 0 0 0 0 0 0 0 0 0 0 0 0 0 0 0 0 0 0 0 0 0 0 0 0 0 0 0 0 0 0 0 0 0 0 0 0 0 0 0 0 0 0 0 0 0 0 0 0 0 0 0 0 0 0 0 0 0 0 0 0 0 0 0 0 0 0 0 0 0 0 0 0 0 0 0 0 0 0 0 0 0 0 0 0 0 0 0 0 0 0 0 0 0 0 0 0 0 0 0 0 0 0 0 0 0 0 0 0 0 0 0 0 0 0 0 0 0 0 
[12:48:11:539] 0 0 0 0 0 0 0 0 0 0 0 0 0 0 0 0 0 0 0 0 0 0 0 0 0 0 0 0 0 0 0 0 0 0 0 0 0 0 0 0 0 0 0 0 0 0 0 0 0 0 0 0 0 0 0 0 0 0 0 0 0 0 0 0 0 0 0 0 0 0 0 0 0 0 0 0 0 0 0 0 0 0 0 0 0 0 0 0 0 0 0 0 0 0 0 0 0 0 0 0 0 0 0 0 0 0 0 0 0 0 0 0 0 0 0 0 0 0 0 0 0 0 0 0 0 0 0 0 0 0 0 0 0 0 0 0 0 0 0 0 0 0 0 0 0 0 0 0 0 0 0 0 0 0 0 0 0 0 0 0 0 0 0 0 0 0 0 0 0 0 0 0 0 0 0 0 0 0 0 0 0 0 0 0 0 0 0 0 0 0 0 0 0 0 0 0 0 0 0 0 0 0 0 0 0 0 0 0 0 0 0 0 0 0 0 0 0 0 0 0 0 0 0 0 0 0 0 0 0 0 0 0 0 0 0 0 0 0 0 0 0 0 0 0 0 0 0 0 0 0 0 0 0 0 0 0 0 0 0 0 0 0 0 0 0 0 0 0 0 0 0 0 0 0 0 0 0 0 0 0 0 0 0 0 0 0 0 0 0 0 0 0 0 0 0 0 0 0 0 0 0 0 0 0 0 0 0 0 0 0 0 0 0 0 0 0 0 0 0 0 0 0 0 0 0 0 0 0 0 0 0 0 0 0 0 0 0 0 0 0 0 0 0 0 0 0 0 0 0 0 0 0 0 0 0 0 0 0 0 0 0 0 0 0 0 0 0 0 0 0 0 0 0 0 0 0 0 0 0 0 0 0 0 0 0 0 0 0 0 70 0 0 0 0 0 0 0 0 0 0 0 0 0 0 0 0 0 0 32 2 664 1067 0 0 0 0 0 0 0 0 0 0 0 0 0 0 0 0 515 939 248 238 25 0 0 0 0 0 0 0 0 0 0 0 0 0 0 60 260 0 606 1633 406 0 0 0 0 0 0 0 0 0 0 0 0 0 0 0 995 1209 198 507 212 0 0 0 0 0 0 0 0 0 0 0 0 0 0 118 52 21 97 355 186 0 0 0 0 0 0 0 0 0 0 0 0 0 0 0 116 238 41 16 291 47 19 0 0 0 0 0 0 0 0 0 0 0 0 18 32 384 338 624 698 0 0 0 0 0 0 0 0 0 0 0 0 0 0 0 687 1211 821 623 327 179 279 0 0 0 0 0 0 0 0 0 0 0 0 62 312 1381 1339 1319 1294 438 0 0 0 0 0 0 0 0 0 0 0 0 0 71 1219 965 1566 1197 1104 65 19 0 0 0 0 0 0 0 0 0 0 0 0 290 1002 1416 1680 1330 1494 910 0 0 0 0 0 0 0 0 0 0 0 0 0 32 1377 1540 1332 1459 1288 697 1 0 0 0 0 0 0 0 0 0 0 0 0 404 953 1684 1485 1276 1302 785 0 0 0 0 0 0 0 0 0 0 0 0 0 57 527 983 1388 1495 1407 1559 205 0 0 0 0 0 0 0 0 0 0 0 0 631 1058 1368 1129 893 722 48 0 0 0 0 0 0 0 0 0 0 0 0 0 0 3 479 558 833 1316 1247 869 0 0 0 0 0 0 0 0 0 0 0 0 622 991 762 545 59 28 0 0 0 0 0 0 0 0 0 0 0 0 0 0 0 0 3 92 869 1092 1325 901 0 0 0 0 0 0 0 0 0 0 0 0 99 315 547 156 5 0 16 0 0 0 0 0 0 0 0 0 0 0 0 0 0 0 0 24 398 681 871 413 0 0 0 0 0 0 0 0 0 0 0 0 0 74 74 72 22 32 0 0 0 0 0 0 0 0 0 0 0 0 0 0 0 0 0 0 267 450 593 0 0 0 0 0 0 0 0 0 0 0 0 0 0 1 77 55 40 0 0 0 0 0 0 0 0 0 0 0 0 0 0 0 0 0 0 0 81 459 283 0 0 0 0 0 0 0 0 0 0 0 0 0 0 0 0 73 68 0 0 0 0 0 0 0 0 0 0 0 0 0 0 0 0 0 0 0 74 158 0 0 0 0 0 0 0 0 0 0 0 0 0 0 0 0 105 56 8 0 0 0 0 0 0 0 0 0 0 0 0 0 0 0 0 0 0 0 36 22 0 0 0 0 0 0 0 0 0 0 0 0 0 0 0 0 0 4 0 0 0 0 0 0 0 0 0 0 0 0 0 0 0 0 0 0 30 32 30 0 0 0 0 0 0 0 0 0 0 0 0 0 0 0 0 0 0 0 0 58 148 24 0 0 0 0 0 0 0 0 0 0 0 0 0 167 361 178 0 0 0 0 0 0 0 0 0 0 0 0 0 0 0 0 0 0 0 0 0 220 1009 728 14 0 0 0 0 0 0 0 0 0 0 0 164 1199 1141 481 0 0 0 0 0 0 0 0 0 0 0 0 0 0 0 0 0 0 0 0 0 586 1616 2024 736 0 0 0 0 0 0 0 0 0 0 0 970 1442 1661 733 0 0 0 0 0 0 0 0 0 0 0 0 0 0 0 0 0 0 0 0 0 578 1903 1896 2008 372 0 0 0 0 0 0 0 0 0 26 1723 1773 1390 1017 0 0 0 0 0 0 0 0 0 0 0 0 0 0 0 0 0 0 0 0 0 479 1933 2614 2370 1165 0 0 0 0 0 0 0 0 0 0 1640 1592 1447 1065 0 0 0 0 0 0 0 0 0 0 0 0 0 0 0 0 0 0 0 0 0 164 1827 2608 2343 1294 0 0 0 0 0 0 0 0 0 0 584 1324 1223 309 0 0 0 0 0 0 0 0 0 0 0 0 0 0 0 0 0 0 0 0 0 0 622 1968 1794 46 0 0 0 0 0 0 0 0 0 0 0 170 138 0 0 0 0 0 0 0 0 0 0 0 0 0 0 0 0 0 0 0 0 0 0 0 0 0 48 0 0 0 0 0 0 0 0 0 0 0 0 0 0 0 0 0 0 0 0 0 0 0 0 0 0 0 0 0 0 0 0 0 0 0 0 0 0 0 0 0 0 0 0 0 0 0 0 0 0 0 0 0 0 0 0 0 0 0 0 0 0 0 0 0 0 0 0 0 0 0 0 0 0 0 0 0 0 0 0 0 0 0 0 0 0 0 0 0 0 0 0 0 0 0 0 0 0 0 0 0 0 0 0 0 0 0 0 0 0 0 0 0 0 0 0 0 0 0 0 0 0 0 0 0 0 0 0 0 0 0 0 0 0 0 0 0 0 0 0 0 0 0 0 0 0 0 0 0 0 0 0 0 0 0 0 0 0 0 0 0 0 0 0 0 0 0 0 0 0 0 0 0 0 0 0 0 0 0 0 0 0 0 0 0 0 0 0 0 0 0 0 0 0 0 0 0 0 0 0 0 0 0 0 0 0 0 0 0 0 0 0 0 0 0 0 0 0 0 0 0 0 0 0 0 0 0 0 0 0 0 0 0 0 0 0 0 0 0 0 0 0 0 0 0 0 0 0 0 0 0 0 0 0 0 0 0 0 0 0 0 0 0 0 0 0 0 0 0 0 0 0 0 0 0 0 0 0 0 0 0 0 0 0 0 0 0 0 0 0 0 0 0 0 0 0 0 0 0 0 0 0 0 0 
[12:48:11:663] 0 0 0 0 0 0 0 0 0 0 0 0 0 0 0 0 0 0 0 0 0 0 0 0 0 0 0 0 0 0 0 0 0 0 0 0 0 0 0 0 0 0 0 0 0 0 0 0 0 0 0 0 0 0 0 0 0 0 0 0 0 0 0 0 0 0 0 0 0 0 0 0 0 0 0 0 0 0 0 0 0 0 0 0 0 0 0 0 0 0 0 0 0 0 0 0 0 0 0 0 0 0 0 0 0 0 0 0 0 0 0 0 0 0 0 0 0 0 0 0 0 0 0 0 0 0 0 0 0 0 0 0 0 0 0 0 0 0 0 0 0 0 0 0 0 0 0 0 0 0 0 0 0 0 0 0 0 0 0 0 0 0 0 0 0 0 0 0 0 0 0 0 0 0 0 0 0 0 0 0 0 0 0 0 0 0 0 0 0 0 0 0 0 0 0 0 0 0 0 0 0 0 0 0 0 0 0 0 0 0 0 0 0 0 0 0 0 0 0 0 0 0 0 0 0 0 0 0 0 0 0 0 0 0 0 0 0 0 0 0 0 0 0 0 0 0 0 0 0 0 0 0 0 0 0 0 0 0 0 0 0 0 0 0 0 0 0 0 0 0 0 0 0 0 0 0 0 0 0 0 0 0 0 0 0 0 0 0 0 0 0 0 0 0 0 0 0 0 0 0 0 0 0 0 0 0 0 0 0 0 0 0 0 0 0 0 0 0 0 0 0 0 0 0 0 0 0 0 0 0 0 0 0 0 0 0 0 0 0 0 0 0 0 0 0 0 0 0 0 0 0 0 0 0 0 0 0 0 0 0 0 0 0 0 0 0 0 0 0 0 0 0 0 0 0 0 0 0 0 0 0 0 0 0 0 0 0 0 0 70 0 0 0 0 0 0 0 0 0 0 0 0 0 0 0 0 0 0 32 2 664 1067 0 0 0 0 0 0 0 0 0 0 0 0 0 0 0 0 515 939 248 238 25 0 0 0 0 0 0 0 0 0 0 0 0 0 0 60 260 0 606 1633 406 0 0 0 0 0 0 0 0 0 0 0 0 0 0 0 995 1209 198 507 212 0 0 0 0 0 0 0 0 0 0 0 0 0 0 118 52 21 97 355 186 0 0 0 0 0 0 0 0 0 0 0 0 0 0 0 116 238 41 16 291 47 19 0 0 0 0 0 0 0 0 0 0 0 0 18 32 384 338 624 698 0 0 0 0 0 0 0 0 0 0 0 0 0 0 0 687 1211 821 623 327 179 279 0 0 0 0 0 0 0 0 0 0 0 0 62 312 1381 1339 1319 1294 438 0 0 0 0 0 0 0 0 0 0 0 0 0 71 1219 965 1566 1197 1104 65 19 0 0 0 0 0 0 0 0 0 0 0 0 290 1002 1416 1680 1330 1494 910 0 0 0 0 0 0 0 0 0 0 0 0 0 32 1377 1540 1332 1459 1288 697 1 0 0 0 0 0 0 0 0 0 0 0 0 404 953 1684 1485 1276 1302 785 0 0 0 0 0 0 0 0 0 0 0 0 0 57 527 983 1388 1495 1407 1559 205 0 0 0 0 0 0 0 0 0 0 0 0 631 1058 1368 1129 893 722 48 0 0 0 0 0 0 0 0 0 0 0 0 0 0 3 479 558 833 1316 1247 869 0 0 0 0 0 0 0 0 0 0 0 0 622 991 762 545 59 28 0 0 0 0 0 0 0 0 0 0 0 0 0 0 0 0 3 92 869 1092 1325 901 0 0 0 0 0 0 0 0 0 0 0 0 99 315 547 156 5 0 16 0 0 0 0 0 0 0 0 0 0 0 0 0 0 0 0 24 398 681 871 413 0 0 0 0 0 0 0 0 0 0 0 0 0 74 74 72 22 32 0 0 0 0 0 0 0 0 0 0 0 0 0 0 0 0 0 0 267 450 593 0 0 0 0 0 0 0 0 0 0 0 0 0 0 1 77 55 40 0 0 0 0 0 0 0 0 0 0 0 0 0 0 0 0 0 0 0 81 459 283 0 0 0 0 0 0 0 0 0 0 0 0 0 0 0 0 73 68 0 0 0 0 0 0 0 0 0 0 0 0 0 0 0 0 0 0 0 74 158 0 0 0 0 0 0 0 0 0 0 0 0 0 0 0 0 105 56 8 0 0 0 0 0 0 0 0 0 0 0 0 0 0 0 0 0 0 0 36 22 0 0 0 0 0 0 0 0 0 0 0 0 0 0 0 0 0 4 0 0 0 0 0 0 0 0 0 0 0 0 0 0 0 0 0 0 30 32 30 0 0 0 0 0 0 0 0 0 0 0 0 0 0 0 0 0 0 0 0 58 148 24 0 0 0 0 0 0 0 0 0 0 0 0 0 167 361 178 0 0 0 0 0 0 0 0 0 0 0 0 0 0 0 0 0 0 0 0 0 220 1009 728 14 0 0 0 0 0 0 0 0 0 0 0 164 1199 1141 481 0 0 0 0 0 0 0 0 0 0 0 0 0 0 0 0 0 0 0 0 0 586 1616 2024 736 0 0 0 0 0 0 0 0 0 0 0 970 1442 1661 733 0 0 0 0 0 0 0 0 0 0 0 0 0 0 0 0 0 0 0 0 0 578 1903 1896 2008 372 0 0 0 0 0 0 0 0 0 26 1723 1773 1390 1017 0 0 0 0 0 0 0 0 0 0 0 0 0 0 0 0 0 0 0 0 0 479 1933 2614 2370 1165 0 0 0 0 0 0 0 0 0 0 1640 1592 1447 1065 0 0 0 0 0 0 0 0 0 0 0 0 0 0 0 0 0 0 0 0 0 164 1827 2608 2343 1294 0 0 0 0 0 0 0 0 0 0 584 1324 1223 309 0 0 0 0 0 0 0 0 0 0 0 0 0 0 0 0 0 0 0 0 0 0 622 1968 1794 46 0 0 0 0 0 0 0 0 0 0 0 170 138 0 0 0 0 0 0 0 0 0 0 0 0 0 0 0 0 0 0 0 0 0 0 0 0 0 48 0 0 0 0 0 0 0 0 0 0 0 0 0 0 0 0 0 0 0 0 0 0 0 0 0 0 0 0 0 0 0 0 0 0 0 0 0 0 0 0 0 0 0 0 0 0 0 0 0 0 0 0 0 0 0 0 0 0 0 0 0 0 0 0 0 0 0 0 0 0 0 0 0 0 0 0 0 0 0 0 0 0 0 0 0 0 0 0 0 0 0 0 0 0 0 0 0 0 0 0 0 0 0 0 0 0 0 0 0 0 0 0 0 0 0 0 0 0 0 0 0 0 0 0 0 0 0 0 0 0 0 0 0 0 0 0 0 0 0 0 0 0 0 0 0 0 0 0 0 0 0 0 0 0 0 0 0 0 0 0 0 0 0 0 0 0 0 0 0 0 0 0 0 0 0 0 0 0 0 0 0 0 0 0 0 0 0 0 0 0 0 0 0 0 0 0 0 0 0 0 0 0 0 0 0 0 0 0 0 0 0 0 0 0 0 0 0 0 0 0 0 0 0 0 0 0 0 0 0 0 0 0 0 0 0 0 0 0 0 0 0 0 0 0 0 0 0 0 0 0 0 0 0 0 0 0 0 0 0 0 0 0 0 0 0 0 0 0 0 0 0 0 0 0 0 0 0 0 0 0 0 0 0 0 0 0 0 0 0 0 0 0 0 0 0 0 0 0 0 0 0 0 0 0 
[12:48:11:791] 0 0 0 0 0 0 0 0 0 0 0 0 0 0 0 0 0 0 0 0 0 0 0 0 0 0 0 0 0 0 0 0 0 0 0 0 0 0 0 0 0 0 0 0 0 0 0 0 0 0 0 0 0 0 0 0 0 0 0 0 0 0 0 0 0 0 0 0 0 0 0 0 0 0 0 0 0 0 0 0 0 0 0 0 0 0 0 0 0 0 0 0 0 0 0 0 0 0 0 0 0 0 0 0 0 0 0 0 0 0 0 0 0 0 0 0 0 0 0 0 0 0 0 0 0 0 0 0 0 0 0 0 0 0 0 0 0 0 0 0 0 0 0 0 0 0 0 0 0 0 0 0 0 0 0 0 0 0 0 0 0 0 0 0 0 0 0 0 0 0 0 0 0 0 0 0 0 0 0 0 0 0 0 0 0 0 0 0 0 0 0 0 0 0 0 0 0 0 0 0 0 0 0 0 0 0 0 0 0 0 0 0 0 0 0 0 0 0 0 0 0 0 0 0 0 0 0 0 0 0 0 0 0 0 0 0 0 0 0 0 0 0 0 0 0 0 0 0 0 0 0 0 0 0 0 0 0 0 0 0 0 0 0 0 0 0 0 0 0 0 0 0 0 0 0 0 0 0 0 0 0 0 0 0 0 0 0 0 0 0 0 0 0 0 0 0 0 0 0 0 0 0 0 0 0 0 0 0 0 0 0 0 0 0 0 0 0 0 0 0 0 0 0 0 0 0 0 0 0 0 0 0 0 0 0 0 0 0 0 0 0 0 0 0 0 0 0 0 0 0 0 0 0 0 0 0 0 0 0 0 0 0 0 0 0 0 0 0 0 0 0 0 0 0 0 0 0 0 0 0 0 0 0 0 0 0 0 0 0 70 0 0 0 0 0 0 0 0 0 0 0 0 0 0 0 0 0 0 32 2 664 1067 0 0 0 0 0 0 0 0 0 0 0 0 0 0 0 0 515 939 248 238 25 0 0 0 0 0 0 0 0 0 0 0 0 0 0 60 260 0 606 1633 406 0 0 0 0 0 0 0 0 0 0 0 0 0 0 0 995 1209 198 507 212 0 0 0 0 0 0 0 0 0 0 0 0 0 0 118 52 21 97 355 186 0 0 0 0 0 0 0 0 0 0 0 0 0 0 0 116 238 41 16 291 47 19 0 0 0 0 0 0 0 0 0 0 0 0 18 32 384 338 624 698 0 0 0 0 0 0 0 0 0 0 0 0 0 0 0 687 1211 821 623 327 179 279 0 0 0 0 0 0 0 0 0 0 0 0 62 312 1381 1339 1319 1294 438 0 0 0 0 0 0 0 0 0 0 0 0 0 71 1219 965 1566 1197 1104 65 19 0 0 0 0 0 0 0 0 0 0 0 0 290 1002 1416 1680 1330 1494 910 0 0 0 0 0 0 0 0 0 0 0 0 0 32 1377 1540 1332 1459 1288 697 1 0 0 0 0 0 0 0 0 0 0 0 0 404 953 1684 1485 1276 1302 785 0 0 0 0 0 0 0 0 0 0 0 0 0 57 527 983 1388 1495 1407 1559 205 0 0 0 0 0 0 0 0 0 0 0 0 631 1058 1368 1129 893 722 48 0 0 0 0 0 0 0 0 0 0 0 0 0 0 3 479 558 833 1316 1247 869 0 0 0 0 0 0 0 0 0 0 0 0 622 991 762 545 59 28 0 0 0 0 0 0 0 0 0 0 0 0 0 0 0 0 3 92 869 1092 1325 901 0 0 0 0 0 0 0 0 0 0 0 0 99 315 547 156 5 0 16 0 0 0 0 0 0 0 0 0 0 0 0 0 0 0 0 24 398 681 871 413 0 0 0 0 0 0 0 0 0 0 0 0 0 74 74 72 22 32 0 0 0 0 0 0 0 0 0 0 0 0 0 0 0 0 0 0 267 450 593 0 0 0 0 0 0 0 0 0 0 0 0 0 0 1 77 55 40 0 0 0 0 0 0 0 0 0 0 0 0 0 0 0 0 0 0 0 81 459 283 0 0 0 0 0 0 0 0 0 0 0 0 0 0 0 0 73 68 0 0 0 0 0 0 0 0 0 0 0 0 0 0 0 0 0 0 0 74 158 0 0 0 0 0 0 0 0 0 0 0 0 0 0 0 0 105 56 8 0 0 0 0 0 0 0 0 0 0 0 0 0 0 0 0 0 0 0 36 22 0 0 0 0 0 0 0 0 0 0 0 0 0 0 0 0 0 4 0 0 0 0 0 0 0 0 0 0 0 0 0 0 0 0 0 0 30 32 30 0 0 0 0 0 0 0 0 0 0 0 0 0 0 0 0 0 0 0 0 58 148 24 0 0 0 0 0 0 0 0 0 0 0 0 0 167 361 178 0 0 0 0 0 0 0 0 0 0 0 0 0 0 0 0 0 0 0 0 0 220 1009 728 14 0 0 0 0 0 0 0 0 0 0 0 164 1199 1141 481 0 0 0 0 0 0 0 0 0 0 0 0 0 0 0 0 0 0 0 0 0 586 1616 2024 736 0 0 0 0 0 0 0 0 0 0 0 970 1442 1661 733 0 0 0 0 0 0 0 0 0 0 0 0 0 0 0 0 0 0 0 0 0 578 1903 1896 2008 372 0 0 0 0 0 0 0 0 0 26 1723 1773 1390 1017 0 0 0 0 0 0 0 0 0 0 0 0 0 0 0 0 0 0 0 0 0 479 1933 2614 2370 1165 0 0 0 0 0 0 0 0 0 0 1640 1592 1447 1065 0 0 0 0 0 0 0 0 0 0 0 0 0 0 0 0 0 0 0 0 0 164 1827 2608 2343 1294 0 0 0 0 0 0 0 0 0 0 584 1324 1223 309 0 0 0 0 0 0 0 0 0 0 0 0 0 0 0 0 0 0 0 0 0 0 622 1968 1794 46 0 0 0 0 0 0 0 0 0 0 0 170 138 0 0 0 0 0 0 0 0 0 0 0 0 0 0 0 0 0 0 0 0 0 0 0 0 0 48 0 0 0 0 0 0 0 0 0 0 0 0 0 0 0 0 0 0 0 0 0 0 0 0 0 0 0 0 0 0 0 0 0 0 0 0 0 0 0 0 0 0 0 0 0 0 0 0 0 0 0 0 0 0 0 0 0 0 0 0 0 0 0 0 0 0 0 0 0 0 0 0 0 0 0 0 0 0 0 0 0 0 0 0 0 0 0 0 0 0 0 0 0 0 0 0 0 0 0 0 0 0 0 0 0 0 0 0 0 0 0 0 0 0 0 0 0 0 0 0 0 0 0 0 0 0 0 0 0 0 0 0 0 0 0 0 0 0 0 0 0 0 0 0 0 0 0 0 0 0 0 0 0 0 0 0 0 0 0 0 0 0 0 0 0 0 0 0 0 0 0 0 0 0 0 0 0 0 0 0 0 0 0 0 0 0 0 0 0 0 0 0 0 0 0 0 0 0 0 0 0 0 0 0 0 0 0 0 0 0 0 0 0 0 0 0 0 0 0 0 0 0 0 0 0 0 0 0 0 0 0 0 0 0 0 0 0 0 0 0 0 0 0 0 0 0 0 0 0 0 0 0 0 0 0 0 0 0 0 0 0 0 0 0 0 0 0 0 0 0 0 0 0 0 0 0 0 0 0 0 0 0 0 0 0 0 0 0 0 0 0 0 0 0 0 0 0 0 0 0 0 0 0 0 
[12:48:11:914] 0 0 0 0 0 0 0 0 0 0 0 0 0 0 0 0 0 0 0 0 0 0 0 0 0 0 0 0 0 0 0 0 0 0 0 0 0 0 0 0 0 0 0 0 0 0 0 0 0 0 0 0 0 0 0 0 0 0 0 0 0 0 0 0 0 0 0 0 0 0 0 0 0 0 0 0 0 0 0 0 0 0 0 0 0 0 0 0 0 0 0 0 0 0 0 0 0 0 0 0 0 0 0 0 0 0 0 0 0 0 0 0 0 0 0 0 0 0 0 0 0 0 0 0 0 0 0 0 0 0 0 0 0 0 0 0 0 0 0 0 0 0 0 0 0 0 0 0 0 0 0 0 0 0 0 0 0 0 0 0 0 0 0 0 0 0 0 0 0 0 0 0 0 0 0 0 0 0 0 0 0 0 0 0 0 0 0 0 0 0 0 0 0 0 0 0 0 0 0 0 0 0 0 0 0 0 0 0 0 0 0 0 0 0 0 0 0 0 0 0 0 0 0 0 0 0 0 0 0 0 0 0 0 0 0 0 0 0 0 0 0 0 0 0 0 0 0 0 0 0 0 0 0 0 0 0 0 0 0 0 0 0 0 0 0 0 0 0 0 0 0 0 0 0 0 0 0 0 0 0 0 0 0 0 0 0 0 0 0 0 0 0 0 0 0 0 0 0 0 0 0 0 0 0 0 0 0 0 0 0 0 0 0 0 0 0 0 0 0 0 0 0 0 0 0 0 0 0 0 0 0 0 0 0 0 0 0 0 0 0 0 0 0 0 0 0 0 0 0 0 0 0 0 0 0 0 0 0 0 0 0 0 0 0 0 0 0 0 0 0 0 0 0 0 0 0 0 0 0 0 0 0 0 0 0 0 0 0 0 70 0 0 0 0 0 0 0 0 0 0 0 0 0 0 0 0 0 0 32 2 664 1067 0 0 0 0 0 0 0 0 0 0 0 0 0 0 0 0 515 939 248 238 25 0 0 0 0 0 0 0 0 0 0 0 0 0 0 60 260 0 606 1633 406 0 0 0 0 0 0 0 0 0 0 0 0 0 0 0 995 1209 198 507 212 0 0 0 0 0 0 0 0 0 0 0 0 0 0 118 52 21 97 355 186 0 0 0 0 0 0 0 0 0 0 0 0 0 0 0 116 238 41 16 291 47 19 0 0 0 0 0 0 0 0 0 0 0 0 18 32 384 338 624 698 0 0 0 0 0 0 0 0 0 0 0 0 0 0 0 687 1211 821 623 327 179 279 0 0 0 0 0 0 0 0 0 0 0 0 62 312 1381 1339 1319 1294 438 0 0 0 0 0 0 0 0 0 0 0 0 0 71 1219 965 1566 1197 1104 65 19 0 0 0 0 0 0 0 0 0 0 0 0 290 1002 1416 1680 1330 1494 910 0 0 0 0 0 0 0 0 0 0 0 0 0 32 1377 1540 1332 1459 1288 697 1 0 0 0 0 0 0 0 0 0 0 0 0 404 953 1684 1485 1276 1302 785 0 0 0 0 0 0 0 0 0 0 0 0 0 57 527 983 1388 1495 1407 1559 205 0 0 0 0 0 0 0 0 0 0 0 0 631 1058 1368 1129 893 722 48 0 0 0 0 0 0 0 0 0 0 0 0 0 0 3 479 558 833 1316 1247 869 0 0 0 0 0 0 0 0 0 0 0 0 622 991 762 545 59 28 0 0 0 0 0 0 0 0 0 0 0 0 0 0 0 0 3 92 869 1092 1325 901 0 0 0 0 0 0 0 0 0 0 0 0 99 315 547 156 5 0 16 0 0 0 0 0 0 0 0 0 0 0 0 0 0 0 0 24 398 681 871 413 0 0 0 0 0 0 0 0 0 0 0 0 0 74 74 72 22 32 0 0 0 0 0 0 0 0 0 0 0 0 0 0 0 0 0 0 267 450 593 0 0 0 0 0 0 0 0 0 0 0 0 0 0 1 77 55 40 0 0 0 0 0 0 0 0 0 0 0 0 0 0 0 0 0 0 0 81 459 283 0 0 0 0 0 0 0 0 0 0 0 0 0 0 0 0 73 68 0 0 0 0 0 0 0 0 0 0 0 0 0 0 0 0 0 0 0 74 158 0 0 0 0 0 0 0 0 0 0 0 0 0 0 0 0 105 56 8 0 0 0 0 0 0 0 0 0 0 0 0 0 0 0 0 0 0 0 36 22 0 0 0 0 0 0 0 0 0 0 0 0 0 0 0 0 0 4 0 0 0 0 0 0 0 0 0 0 0 0 0 0 0 0 0 0 30 32 30 0 0 0 0 0 0 0 0 0 0 0 0 0 0 0 0 0 0 0 0 58 148 24 0 0 0 0 0 0 0 0 0 0 0 0 0 167 361 178 0 0 0 0 0 0 0 0 0 0 0 0 0 0 0 0 0 0 0 0 0 220 1009 728 14 0 0 0 0 0 0 0 0 0 0 0 164 1199 1141 481 0 0 0 0 0 0 0 0 0 0 0 0 0 0 0 0 0 0 0 0 0 586 1616 2024 736 0 0 0 0 0 0 0 0 0 0 0 970 1442 1661 733 0 0 0 0 0 0 0 0 0 0 0 0 0 0 0 0 0 0 0 0 0 578 1903 1896 2008 372 0 0 0 0 0 0 0 0 0 26 1723 1773 1390 1017 0 0 0 0 0 0 0 0 0 0 0 0 0 0 0 0 0 0 0 0 0 479 1933 2614 2370 1165 0 0 0 0 0 0 0 0 0 0 1640 1592 1447 1065 0 0 0 0 0 0 0 0 0 0 0 0 0 0 0 0 0 0 0 0 0 164 1827 2608 2343 1294 0 0 0 0 0 0 0 0 0 0 584 1324 1223 309 0 0 0 0 0 0 0 0 0 0 0 0 0 0 0 0 0 0 0 0 0 0 622 1968 1794 46 0 0 0 0 0 0 0 0 0 0 0 170 138 0 0 0 0 0 0 0 0 0 0 0 0 0 0 0 0 0 0 0 0 0 0 0 0 0 48 0 0 0 0 0 0 0 0 0 0 0 0 0 0 0 0 0 0 0 0 0 0 0 0 0 0 0 0 0 0 0 0 0 0 0 0 0 0 0 0 0 0 0 0 0 0 0 0 0 0 0 0 0 0 0 0 0 0 0 0 0 0 0 0 0 0 0 0 0 0 0 0 0 0 0 0 0 0 0 0 0 0 0 0 0 0 0 0 0 0 0 0 0 0 0 0 0 0 0 0 0 0 0 0 0 0 0 0 0 0 0 0 0 0 0 0 0 0 0 0 0 0 0 0 0 0 0 0 0 0 0 0 0 0 0 0 0 0 0 0 0 0 0 0 0 0 0 0 0 0 0 0 0 0 0 0 0 0 0 0 0 0 0 0 0 0 0 0 0 0 0 0 0 0 0 0 0 0 0 0 0 0 0 0 0 0 0 0 0 0 0 0 0 0 0 0 0 0 0 0 0 0 0 0 0 0 0 0 0 0 0 0 0 0 0 0 0 0 0 0 0 0 0 0 0 0 0 0 0 0 0 0 0 0 0 0 0 0 0 0 0 0 0 0 0 0 0 0 0 0 0 0 0 0 0 0 0 0 0 0 0 0 0 0 0 0 0 0 0 0 0 0 0 0 0 0 0 0 0 0 0 0 0 0 0 0 0 0 0 0 0 0 0 0 0 0 0 0 0 0 0 0 0 0 
[12:48:12:051] 0 0 0 0 0 0 0 0 0 0 0 0 0 0 0 0 0 0 0 0 0 0 0 0 0 0 0 0 0 0 0 0 0 0 0 0 0 0 0 0 0 0 0 0 0 0 0 0 0 0 0 0 0 0 0 0 0 0 0 0 0 0 0 0 0 0 0 0 0 0 0 0 0 0 0 0 0 0 0 0 0 0 0 0 0 0 0 0 0 0 0 0 0 0 0 0 0 0 0 0 0 0 0 0 0 0 0 0 0 0 0 0 0 0 0 0 0 0 0 0 0 0 0 0 0 0 0 0 0 0 0 0 0 0 0 0 0 0 0 0 0 0 0 0 0 0 0 0 0 0 0 0 0 0 0 0 0 0 0 0 0 0 0 0 0 0 0 0 0 0 0 0 0 0 0 0 0 0 0 0 0 0 0 0 0 0 0 0 0 0 0 0 0 0 0 0 0 0 0 0 0 0 0 0 0 0 0 0 0 0 0 0 0 0 0 0 0 0 0 0 0 0 0 0 0 0 0 0 0 0 0 0 0 0 0 0 0 0 0 0 0 0 0 0 0 0 0 0 0 0 0 0 0 0 0 0 0 0 0 0 0 0 0 0 0 0 0 0 0 0 0 0 0 0 0 0 0 0 0 0 0 0 0 0 0 0 0 0 0 0 0 0 0 0 0 0 0 0 0 0 0 0 0 0 0 0 0 0 0 0 0 0 0 0 0 0 0 0 0 0 0 0 0 0 0 0 0 0 0 0 0 0 0 0 0 0 0 0 0 0 0 0 0 0 0 0 0 0 0 0 0 0 0 0 0 0 0 0 0 0 0 0 0 0 0 0 0 0 0 0 0 0 0 0 0 0 0 0 0 0 0 0 0 0 0 0 0 0 0 70 0 0 0 0 0 0 0 0 0 0 0 0 0 0 0 0 0 0 32 2 664 1067 0 0 0 0 0 0 0 0 0 0 0 0 0 0 0 0 515 939 248 238 25 0 0 0 0 0 0 0 0 0 0 0 0 0 0 60 260 0 606 1633 406 0 0 0 0 0 0 0 0 0 0 0 0 0 0 0 995 1209 198 507 212 0 0 0 0 0 0 0 0 0 0 0 0 0 0 118 52 21 97 355 186 0 0 0 0 0 0 0 0 0 0 0 0 0 0 0 116 238 41 16 291 47 19 0 0 0 0 0 0 0 0 0 0 0 0 18 32 384 338 624 698 0 0 0 0 0 0 0 0 0 0 0 0 0 0 0 687 1211 821 623 327 179 279 0 0 0 0 0 0 0 0 0 0 0 0 62 312 1381 1339 1319 1294 438 0 0 0 0 0 0 0 0 0 0 0 0 0 71 1219 965 1566 1197 1104 65 19 0 0 0 0 0 0 0 0 0 0 0 0 290 1002 1416 1680 1330 1494 910 0 0 0 0 0 0 0 0 0 0 0 0 0 32 1377 1540 1332 1459 1288 697 1 0 0 0 0 0 0 0 0 0 0 0 0 404 953 1684 1485 1276 1302 785 0 0 0 0 0 0 0 0 0 0 0 0 0 57 527 983 1388 1495 1407 1559 205 0 0 0 0 0 0 0 0 0 0 0 0 631 1058 1368 1129 893 722 48 0 0 0 0 0 0 0 0 0 0 0 0 0 0 3 479 558 833 1316 1247 869 0 0 0 0 0 0 0 0 0 0 0 0 622 991 762 545 59 28 0 0 0 0 0 0 0 0 0 0 0 0 0 0 0 0 3 92 869 1092 1325 901 0 0 0 0 0 0 0 0 0 0 0 0 99 315 547 156 5 0 16 0 0 0 0 0 0 0 0 0 0 0 0 0 0 0 0 24 398 681 871 413 0 0 0 0 0 0 0 0 0 0 0 0 0 74 74 72 22 32 0 0 0 0 0 0 0 0 0 0 0 0 0 0 0 0 0 0 267 450 593 0 0 0 0 0 0 0 0 0 0 0 0 0 0 1 77 55 40 0 0 0 0 0 0 0 0 0 0 0 0 0 0 0 0 0 0 0 81 459 283 0 0 0 0 0 0 0 0 0 0 0 0 0 0 0 0 73 68 0 0 0 0 0 0 0 0 0 0 0 0 0 0 0 0 0 0 0 74 158 0 0 0 0 0 0 0 0 0 0 0 0 0 0 0 0 105 56 8 0 0 0 0 0 0 0 0 0 0 0 0 0 0 0 0 0 0 0 36 22 0 0 0 0 0 0 0 0 0 0 0 0 0 0 0 0 0 4 0 0 0 0 0 0 0 0 0 0 0 0 0 0 0 0 0 0 30 32 30 0 0 0 0 0 0 0 0 0 0 0 0 0 0 0 0 0 0 0 0 58 148 24 0 0 0 0 0 0 0 0 0 0 0 0 0 167 361 178 0 0 0 0 0 0 0 0 0 0 0 0 0 0 0 0 0 0 0 0 0 220 1009 728 14 0 0 0 0 0 0 0 0 0 0 0 164 1199 1141 481 0 0 0 0 0 0 0 0 0 0 0 0 0 0 0 0 0 0 0 0 0 586 1616 2024 736 0 0 0 0 0 0 0 0 0 0 0 970 1442 1661 733 0 0 0 0 0 0 0 0 0 0 0 0 0 0 0 0 0 0 0 0 0 578 1903 1896 2008 372 0 0 0 0 0 0 0 0 0 26 1723 1773 1390 1017 0 0 0 0 0 0 0 0 0 0 0 0 0 0 0 0 0 0 0 0 0 479 1933 2614 2370 1165 0 0 0 0 0 0 0 0 0 0 1640 1592 1447 1065 0 0 0 0 0 0 0 0 0 0 0 0 0 0 0 0 0 0 0 0 0 164 1827 2608 2343 1294 0 0 0 0 0 0 0 0 0 0 584 1324 1223 309 0 0 0 0 0 0 0 0 0 0 0 0 0 0 0 0 0 0 0 0 0 0 622 1968 1794 46 0 0 0 0 0 0 0 0 0 0 0 170 138 0 0 0 0 0 0 0 0 0 0 0 0 0 0 0 0 0 0 0 0 0 0 0 0 0 48 0 0 0 0 0 0 0 0 0 0 0 0 0 0 0 0 0 0 0 0 0 0 0 0 0 0 0 0 0 0 0 0 0 0 0 0 0 0 0 0 0 0 0 0 0 0 0 0 0 0 0 0 0 0 0 0 0 0 0 0 0 0 0 0 0 0 0 0 0 0 0 0 0 0 0 0 0 0 0 0 0 0 0 0 0 0 0 0 0 0 0 0 0 0 0 0 0 0 0 0 0 0 0 0 0 0 0 0 0 0 0 0 0 0 0 0 0 0 0 0 0 0 0 0 0 0 0 0 0 0 0 0 0 0 0 0 0 0 0 0 0 0 0 0 0 0 0 0 0 0 0 0 0 0 0 0 0 0 0 0 0 0 0 0 0 0 0 0 0 0 0 0 0 0 0 0 0 0 0 0 0 0 0 0 0 0 0 0 0 0 0 0 0 0 0 0 0 0 0 0 0 0 0 0 0 0 0 0 0 0 0 0 0 0 0 0 0 0 0 0 0 0 0 0 0 0 0 0 0 0 0 0 0 0 0 0 0 0 0 0 0 0 0 0 0 0 0 0 0 0 0 0 0 0 0 0 0 0 0 0 0 0 0 0 0 0 0 0 0 0 0 0 0 0 0 0 0 0 0 0 0 0 0 0 0 0 0 0 0 0 0 0 0 0 0 0 0 0 0 0 0 0 0 0 
