[12:55:34:183] 0 0 0 0 0 0 0 0 0 0 0 0 0 0 0 0 0 0 0 0 0 0 0 0 0 0 0 0 0 0 0 0 0 0 0 0 0 0 0 0 0 0 0 0 0 0 0 0 0 0 0 0 0 0 0 0 0 0 0 0 0 0 0 0 0 0 0 0 0 0 0 0 0 0 0 0 0 0 0 0 0 0 0 0 0 0 0 0 0 0 0 0 0 0 0 0 0 0 0 0 0 0 0 0 0 0 0 0 0 0 0 0 0 0 0 0 0 0 0 0 0 0 0 0 0 0 0 0 0 0 0 0 0 0 0 0 0 0 0 0 0 0 0 0 0 0 0 0 0 0 0 0 0 0 0 0 0 0 0 0 0 0 0 0 0 0 0 0 0 0 0 0 0 0 0 0 0 0 0 0 0 0 0 0 0 0 0 0 0 0 0 0 0 0 0 0 0 0 0 0 0 0 0 0 0 0 0 0 0 0 0 0 0 0 0 0 0 0 0 0 0 0 0 0 0 0 0 0 0 0 0 0 0 0 0 0 0 0 0 0 0 0 0 0 0 0 0 0 0 0 0 0 0 0 0 0 0 0 0 0 0 0 0 0 0 0 0 0 0 0 0 0 0 0 0 0 0 0 0 0 0 0 0 0 0 0 0 0 0 0 0 0 0 0 0 0 0 0 0 0 0 0 0 0 0 0 0 0 0 0 0 0 0 0 0 0 0 0 0 0 0 0 0 0 0 0 0 0 0 0 0 0 0 0 0 0 0 0 0 0 0 0 0 0 0 0 0 0 0 0 0 0 0 0 0 0 0 0 0 0 0 0 0 0 0 0 0 0 0 0 0 0 0 0 0 0 0 0 0 0 0 0 0 0 0 0 0 0 0 70 0 0 0 0 0 0 0 0 0 0 0 0 0 0 0 0 0 0 32 2 664 1067 0 0 0 0 0 0 0 0 0 0 0 0 0 0 0 0 515 939 248 238 25 0 0 0 0 0 0 0 0 0 0 0 0 0 0 60 260 0 606 1633 406 0 0 0 0 0 0 0 0 0 0 0 0 0 0 0 995 1209 198 507 212 0 0 0 0 0 0 0 0 0 0 0 0 0 0 118 52 21 97 355 186 0 0 0 0 0 0 0 0 0 0 0 0 0 0 0 116 238 41 16 291 47 19 0 0 0 0 0 0 0 0 0 0 0 0 18 32 384 338 624 698 0 0 0 0 0 0 0 0 0 0 0 0 0 0 0 687 1211 821 623 327 179 279 0 0 0 0 0 0 0 0 0 0 0 0 62 312 1381 1339 1319 1294 438 0 0 0 0 0 0 0 0 0 0 0 0 0 71 1219 965 1566 1197 1104 65 19 0 0 0 0 0 0 0 0 0 0 0 0 290 1002 1416 1680 1330 1494 910 0 0 0 0 0 0 0 0 0 0 0 0 0 32 1377 1540 1332 1459 1288 697 1 0 0 0 0 0 0 0 0 0 0 0 0 404 953 1684 1485 1276 1302 785 0 0 0 0 0 0 0 0 0 0 0 0 0 57 527 983 1388 1495 1407 1559 205 0 0 0 0 0 0 0 0 0 0 0 0 631 1058 1368 1129 893 722 48 0 0 0 0 0 0 0 0 0 0 0 0 0 0 3 479 558 833 1316 1247 869 0 0 0 0 0 0 0 0 0 0 0 0 622 991 762 545 59 28 0 0 0 0 0 0 0 0 0 0 0 0 0 0 0 0 3 92 869 1092 1325 901 0 0 0 0 0 0 0 0 0 0 0 0 99 315 547 156 5 0 16 0 0 0 0 0 0 0 0 0 0 0 0 0 0 0 0 24 398 681 871 413 0 0 0 0 0 0 0 0 0 0 0 0 0 74 74 72 22 32 0 0 0 0 0 0 0 0 0 0 0 0 0 0 0 0 0 0 267 450 593 0 0 0 0 0 0 0 0 0 0 0 0 0 0 1 77 55 40 0 0 0 0 0 0 0 0 0 0 0 0 0 0 0 0 0 0 0 81 459 283 0 0 0 0 0 0 0 0 0 0 0 0 0 0 0 0 73 68 0 0 0 0 0 0 0 0 0 0 0 0 0 0 0 0 0 0 0 74 158 0 0 0 0 0 0 0 0 0 0 0 0 0 0 0 0 105 56 8 0 0 0 0 0 0 0 0 0 0 0 0 0 0 0 0 0 0 0 36 22 0 0 0 0 0 0 0 0 0 0 0 0 0 0 0 0 0 4 0 0 0 0 0 0 0 0 0 0 0 0 0 0 0 0 0 0 30 32 30 0 0 0 0 0 0 0 0 0 0 0 0 0 0 0 0 0 0 0 0 58 148 24 0 0 0 0 0 0 0 0 0 0 0 0 0 167 361 178 0 0 0 0 0 0 0 0 0 0 0 0 0 0 0 0 0 0 0 0 0 220 1009 728 14 0 0 0 0 0 0 0 0 0 0 0 164 1199 1141 481 0 0 0 0 0 0 0 0 0 0 0 0 0 0 0 0 0 0 0 0 0 586 1616 2024 736 0 0 0 0 0 0 0 0 0 0 0 970 1442 1661 733 0 0 0 0 0 0 0 0 0 0 0 0 0 0 0 0 0 0 0 0 0 578 1903 1896 2008 372 0 0 0 0 0 0 0 0 0 26 1723 1773 1390 1017 0 0 0 0 0 0 0 0 0 0 0 0 0 0 0 0 0 0 0 0 0 479 1933 2614 2370 1165 0 0 0 0 0 0 0 0 0 0 1640 1592 1447 1065 0 0 0 0 0 0 0 0 0 0 0 0 0 0 0 0 0 0 0 0 0 164 1827 2608 2343 1294 0 0 0 0 0 0 0 0 0 0 584 1324 1223 309 0 0 0 0 0 0 0 0 0 0 0 0 0 0 0 0 0 0 0 0 0 0 622 1968 1794 46 0 0 0 0 0 0 0 0 0 0 0 170 138 0 0 0 0 0 0 0 0 0 0 0 0 0 0 0 0 0 0 0 0 0 0 0 0 0 48 0 0 0 0 0 0 0 0 0 0 0 0 0 0 0 0 0 0 0 0 0 0 0 0 0 0 0 0 0 0 0 0 0 0 0 0 0 0 0 0 0 0 0 0 0 0 0 0 0 0 0 0 0 0 0 0 0 0 0 0 0 0 0 0 0 0 0 0 0 0 0 0 0 0 0 0 0 0 0 0 0 0 0 0 0 0 0 0 0 0 0 0 0 0 0 0 0 0 0 0 0 0 0 0 0 0 0 0 0 0 0 0 0 0 0 0 0 0 0 0 0 0 0 0 0 0 0 0 0 0 0 0 0 0 0 0 0 0 0 0 0 0 0 0 0 0 0 0 0 0 0 0 0 0 0 0 0 0 0 0 0 0 0 0 0 0 0 0 0 0 0 0 0 0 0 0 0 0 0 0 0 0 0 0 0 0 0 0 0 0 0 0 0 0 0 0 0 0 0 0 0 0 0 0 0 0 0 0 0 0 0 0 0 0 0 0 0 0 0 0 0 0 0 0 0 0 0 0 0 0 0 0 0 0 0 0 0 0 0 0 0 0 0 0 0 0 0 0 0 0 0 0 0 0 0 0 0 0 0 0 0 0 0 0 0 0 0 0 0 0 0 0 0 0 0 0 0 0 0 0 0 0 0 0 0 0 0 0 0 0 0 0 0 0 0 0 0 0 0 0 0 0 0 0 
[12:55:34:306] 0 0 0 0 0 0 0 0 0 0 0 0 0 0 0 0 0 0 0 0 0 0 0 0 0 0 0 0 0 0 0 0 0 0 0 0 0 0 0 0 0 0 0 0 0 0 0 0 0 0 0 0 0 0 0 0 0 0 0 0 0 0 0 0 0 0 0 0 0 0 0 0 0 0 0 0 0 0 0 0 0 0 0 0 0 0 0 0 0 0 0 0 0 0 0 0 0 0 0 0 0 0 0 0 0 0 0 0 0 0 0 0 0 0 0 0 0 0 0 0 0 0 0 0 0 0 0 0 0 0 0 0 0 0 0 0 0 0 0 0 0 0 0 0 0 0 0 0 0 0 0 0 0 0 0 0 0 0 0 0 0 0 0 0 0 0 0 0 0 0 0 0 0 0 0 0 0 0 0 0 0 0 0 0 0 0 0 0 0 0 0 0 0 0 0 0 0 0 0 0 0 0 0 0 0 0 0 0 0 0 0 0 0 0 0 0 0 0 0 0 0 0 0 0 0 0 0 0 0 0 0 0 0 0 0 0 0 0 0 0 0 0 0 0 0 0 0 0 0 0 0 0 0 0 0 0 0 0 0 0 0 0 0 0 0 0 0 0 0 0 0 0 0 0 0 0 0 0 0 0 0 0 0 0 0 0 0 0 0 0 0 0 0 0 0 0 0 0 0 0 0 0 0 0 0 0 0 0 0 0 0 0 0 0 0 0 0 0 0 0 0 0 0 0 0 0 0 0 0 0 0 0 0 0 0 0 0 0 0 0 0 0 0 0 0 0 0 0 0 0 0 0 0 0 0 0 0 0 0 0 0 0 0 0 0 0 0 0 0 0 0 0 0 0 0 0 0 0 0 0 0 0 0 0 0 0 0 0 0 70 0 0 0 0 0 0 0 0 0 0 0 0 0 0 0 0 0 0 32 2 664 1067 0 0 0 0 0 0 0 0 0 0 0 0 0 0 0 0 515 939 248 238 25 0 0 0 0 0 0 0 0 0 0 0 0 0 0 60 260 0 606 1633 406 0 0 0 0 0 0 0 0 0 0 0 0 0 0 0 995 1209 198 507 212 0 0 0 0 0 0 0 0 0 0 0 0 0 0 118 52 21 97 355 186 0 0 0 0 0 0 0 0 0 0 0 0 0 0 0 116 238 41 16 291 47 19 0 0 0 0 0 0 0 0 0 0 0 0 18 32 384 338 624 698 0 0 0 0 0 0 0 0 0 0 0 0 0 0 0 687 1211 821 623 327 179 279 0 0 0 0 0 0 0 0 0 0 0 0 62 312 1381 1339 1319 1294 438 0 0 0 0 0 0 0 0 0 0 0 0 0 71 1219 965 1566 1197 1104 65 19 0 0 0 0 0 0 0 0 0 0 0 0 290 1002 1416 1680 1330 1494 910 0 0 0 0 0 0 0 0 0 0 0 0 0 32 1377 1540 1332 1459 1288 697 1 0 0 0 0 0 0 0 0 0 0 0 0 404 953 1684 1485 1276 1302 785 0 0 0 0 0 0 0 0 0 0 0 0 0 57 527 983 1388 1495 1407 1559 205 0 0 0 0 0 0 0 0 0 0 0 0 631 1058 1368 1129 893 722 48 0 0 0 0 0 0 0 0 0 0 0 0 0 0 3 479 558 833 1316 1247 869 0 0 0 0 0 0 0 0 0 0 0 0 622 991 762 545 59 28 0 0 0 0 0 0 0 0 0 0 0 0 0 0 0 0 3 92 869 1092 1325 901 0 0 0 0 0 0 0 0 0 0 0 0 99 315 547 156 5 0 16 0 0 0 0 0 0 0 0 0 0 0 0 0 0 0 0 24 398 681 871 413 0 0 0 0 0 0 0 0 0 0 0 0 0 74 74 72 22 32 0 0 0 0 0 0 0 0 0 0 0 0 0 0 0 0 0 0 267 450 593 0 0 0 0 0 0 0 0 0 0 0 0 0 0 1 77 55 40 0 0 0 0 0 0 0 0 0 0 0 0 0 0 0 0 0 0 0 81 459 283 0 0 0 0 0 0 0 0 0 0 0 0 0 0 0 0 73 68 0 0 0 0 0 0 0 0 0 0 0 0 0 0 0 0 0 0 0 74 158 0 0 0 0 0 0 0 0 0 0 0 0 0 0 0 0 105 56 8 0 0 0 0 0 0 0 0 0 0 0 0 0 0 0 0 0 0 0 36 22 0 0 0 0 0 0 0 0 0 0 0 0 0 0 0 0 0 4 0 0 0 0 0 0 0 0 0 0 0 0 0 0 0 0 0 0 30 32 30 0 0 0 0 0 0 0 0 0 0 0 0 0 0 0 0 0 0 0 0 58 148 24 0 0 0 0 0 0 0 0 0 0 0 0 0 167 361 178 0 0 0 0 0 0 0 0 0 0 0 0 0 0 0 0 0 0 0 0 0 220 1009 728 14 0 0 0 0 0 0 0 0 0 0 0 164 1199 1141 481 0 0 0 0 0 0 0 0 0 0 0 0 0 0 0 0 0 0 0 0 0 586 1616 2024 736 0 0 0 0 0 0 0 0 0 0 0 970 1442 1661 733 0 0 0 0 0 0 0 0 0 0 0 0 0 0 0 0 0 0 0 0 0 578 1903 1896 2008 372 0 0 0 0 0 0 0 0 0 26 1723 1773 1390 1017 0 0 0 0 0 0 0 0 0 0 0 0 0 0 0 0 0 0 0 0 0 479 1933 2614 2370 1165 0 0 0 0 0 0 0 0 0 0 1640 1592 1447 1065 0 0 0 0 0 0 0 0 0 0 0 0 0 0 0 0 0 0 0 0 0 164 1827 2608 2343 1294 0 0 0 0 0 0 0 0 0 0 584 1324 1223 309 0 0 0 0 0 0 0 0 0 0 0 0 0 0 0 0 0 0 0 0 0 0 622 1968 1794 46 0 0 0 0 0 0 0 0 0 0 0 170 138 0 0 0 0 0 0 0 0 0 0 0 0 0 0 0 0 0 0 0 0 0 0 0 0 0 48 0 0 0 0 0 0 0 0 0 0 0 0 0 0 0 0 0 0 0 0 0 0 0 0 0 0 0 0 0 0 0 0 0 0 0 0 0 0 0 0 0 0 0 0 0 0 0 0 0 0 0 0 0 0 0 0 0 0 0 0 0 0 0 0 0 0 0 0 0 0 0 0 0 0 0 0 0 0 0 0 0 0 0 0 0 0 0 0 0 0 0 0 0 0 0 0 0 0 0 0 0 0 0 0 0 0 0 0 0 0 0 0 0 0 0 0 0 0 0 0 0 0 0 0 0 0 0 0 0 0 0 0 0 0 0 0 0 0 0 0 0 0 0 0 0 0 0 0 0 0 0 0 0 0 0 0 0 0 0 0 0 0 0 0 0 0 0 0 0 0 0 0 0 0 0 0 0 0 0 0 0 0 0 0 0 0 0 0 0 0 0 0 0 0 0 0 0 0 0 0 0 0 0 0 0 0 0 0 0 0 0 0 0 0 0 0 0 0 0 0 0 0 0 0 0 0 0 0 0 0 0 0 0 0 0 0 0 0 0 0 0 0 0 0 0 0 0 0 0 0 0 0 0 0 0 0 0 0 0 0 0 0 0 0 0 0 0 0 0 0 0 0 0 0 0 0 0 0 0 0 0 0 0 0 0 0 0 0 0 0 0 0 0 0 0 0 0 0 0 0 0 0 0 0 
[12:55:34:432] 0 0 0 0 0 0 0 0 0 0 0 0 0 0 0 0 0 0 0 0 0 0 0 0 0 0 0 0 0 0 0 0 0 0 0 0 0 0 0 0 0 0 0 0 0 0 0 0 0 0 0 0 0 0 0 0 0 0 0 0 0 0 0 0 0 0 0 0 0 0 0 0 0 0 0 0 0 0 0 0 0 0 0 0 0 0 0 0 0 0 0 0 0 0 0 0 0 0 0 0 0 0 0 0 0 0 0 0 0 0 0 0 0 0 0 0 0 0 0 0 0 0 0 0 0 0 0 0 0 0 0 0 0 0 0 0 0 0 0 0 0 0 0 0 0 0 0 0 0 0 0 0 0 0 0 0 0 0 0 0 0 0 0 0 0 0 0 0 0 0 0 0 0 0 0 0 0 0 0 0 0 0 0 0 0 0 0 0 0 0 0 0 0 0 0 0 0 0 0 0 0 0 0 0 0 0 0 0 0 0 0 0 0 0 0 0 0 0 0 0 0 0 0 0 0 0 0 0 0 0 0 0 0 0 0 0 0 0 0 0 0 0 0 0 0 0 0 0 0 0 0 0 0 0 0 0 0 0 0 0 0 0 0 0 0 0 0 0 0 0 0 0 0 0 0 0 0 0 0 0 0 0 0 0 0 0 0 0 0 0 0 0 0 0 0 0 0 0 0 0 0 0 0 0 0 0 0 0 0 0 0 0 0 0 0 0 0 0 0 0 0 0 0 0 0 0 0 0 0 0 0 0 0 0 0 0 0 0 0 0 0 0 0 0 0 0 0 0 0 0 0 0 0 0 0 0 0 0 0 0 0 0 0 0 0 0 0 0 0 0 0 0 0 0 0 0 0 0 0 0 0 0 0 0 0 0 0 0 0 70 0 0 0 0 0 0 0 0 0 0 0 0 0 0 0 0 0 0 32 2 664 1067 0 0 0 0 0 0 0 0 0 0 0 0 0 0 0 0 515 939 248 238 25 0 0 0 0 0 0 0 0 0 0 0 0 0 0 60 260 0 606 1633 406 0 0 0 0 0 0 0 0 0 0 0 0 0 0 0 995 1209 198 507 212 0 0 0 0 0 0 0 0 0 0 0 0 0 0 118 52 21 97 355 186 0 0 0 0 0 0 0 0 0 0 0 0 0 0 0 116 238 41 16 291 47 19 0 0 0 0 0 0 0 0 0 0 0 0 18 32 384 338 624 698 0 0 0 0 0 0 0 0 0 0 0 0 0 0 0 687 1211 821 623 327 179 279 0 0 0 0 0 0 0 0 0 0 0 0 62 312 1381 1339 1319 1294 438 0 0 0 0 0 0 0 0 0 0 0 0 0 71 1219 965 1566 1197 1104 65 19 0 0 0 0 0 0 0 0 0 0 0 0 290 1002 1416 1680 1330 1494 910 0 0 0 0 0 0 0 0 0 0 0 0 0 32 1377 1540 1332 1459 1288 697 1 0 0 0 0 0 0 0 0 0 0 0 0 404 953 1684 1485 1276 1302 785 0 0 0 0 0 0 0 0 0 0 0 0 0 57 527 983 1388 1495 1407 1559 205 0 0 0 0 0 0 0 0 0 0 0 0 631 1058 1368 1129 893 722 48 0 0 0 0 0 0 0 0 0 0 0 0 0 0 3 479 558 833 1316 1247 869 0 0 0 0 0 0 0 0 0 0 0 0 622 991 762 545 59 28 0 0 0 0 0 0 0 0 0 0 0 0 0 0 0 0 3 92 869 1092 1325 901 0 0 0 0 0 0 0 0 0 0 0 0 99 315 547 156 5 0 16 0 0 0 0 0 0 0 0 0 0 0 0 0 0 0 0 24 398 681 871 413 0 0 0 0 0 0 0 0 0 0 0 0 0 74 74 72 22 32 0 0 0 0 0 0 0 0 0 0 0 0 0 0 0 0 0 0 267 450 593 0 0 0 0 0 0 0 0 0 0 0 0 0 0 1 77 55 40 0 0 0 0 0 0 0 0 0 0 0 0 0 0 0 0 0 0 0 81 459 283 0 0 0 0 0 0 0 0 0 0 0 0 0 0 0 0 73 68 0 0 0 0 0 0 0 0 0 0 0 0 0 0 0 0 0 0 0 74 158 0 0 0 0 0 0 0 0 0 0 0 0 0 0 0 0 105 56 8 0 0 0 0 0 0 0 0 0 0 0 0 0 0 0 0 0 0 0 36 22 0 0 0 0 0 0 0 0 0 0 0 0 0 0 0 0 0 4 0 0 0 0 0 0 0 0 0 0 0 0 0 0 0 0 0 0 30 32 30 0 0 0 0 0 0 0 0 0 0 0 0 0 0 0 0 0 0 0 0 58 148 24 0 0 0 0 0 0 0 0 0 0 0 0 0 167 361 178 0 0 0 0 0 0 0 0 0 0 0 0 0 0 0 0 0 0 0 0 0 220 1009 728 14 0 0 0 0 0 0 0 0 0 0 0 164 1199 1141 481 0 0 0 0 0 0 0 0 0 0 0 0 0 0 0 0 0 0 0 0 0 586 1616 2024 736 0 0 0 0 0 0 0 0 0 0 0 970 1442 1661 733 0 0 0 0 0 0 0 0 0 0 0 0 0 0 0 0 0 0 0 0 0 578 1903 1896 2008 372 0 0 0 0 0 0 0 0 0 26 1723 1773 1390 1017 0 0 0 0 0 0 0 0 0 0 0 0 0 0 0 0 0 0 0 0 0 479 1933 2614 2370 1165 0 0 0 0 0 0 0 0 0 0 1640 1592 1447 1065 0 0 0 0 0 0 0 0 0 0 0 0 0 0 0 0 0 0 0 0 0 164 1827 2608 2343 1294 0 0 0 0 0 0 0 0 0 0 584 1324 1223 309 0 0 0 0 0 0 0 0 0 0 0 0 0 0 0 0 0 0 0 0 0 0 622 1968 1794 46 0 0 0 0 0 0 0 0 0 0 0 170 138 0 0 0 0 0 0 0 0 0 0 0 0 0 0 0 0 0 0 0 0 0 0 0 0 0 48 0 0 0 0 0 0 0 0 0 0 0 0 0 0 0 0 0 0 0 0 0 0 0 0 0 0 0 0 0 0 0 0 0 0 0 0 0 0 0 0 0 0 0 0 0 0 0 0 0 0 0 0 0 0 0 0 0 0 0 0 0 0 0 0 0 0 0 0 0 0 0 0 0 0 0 0 0 0 0 0 0 0 0 0 0 0 0 0 0 0 0 0 0 0 0 0 0 0 0 0 0 0 0 0 0 0 0 0 0 0 0 0 0 0 0 0 0 0 0 0 0 0 0 0 0 0 0 0 0 0 0 0 0 0 0 0 0 0 0 0 0 0 0 0 0 0 0 0 0 0 0 0 0 0 0 0 0 0 0 0 0 0 0 0 0 0 0 0 0 0 0 0 0 0 0 0 0 0 0 0 0 0 0 0 0 0 0 0 0 0 0 0 0 0 0 0 0 0 0 0 0 0 0 0 0 0 0 0 0 0 0 0 0 0 0 0 0 0 0 0 0 0 0 0 0 0 0 0 0 0 0 0 0 0 0 0 0 0 0 0 0 0 0 0 0 0 0 0 0 0 0 0 0 0 0 0 0 0 0 0 0 0 0 0 0 0 0 0 0 0 0 0 0 0 0 0 0 0 0 0 0 0 0 0 0 0 0 0 0 0 0 0 0 0 0 0 0 0 0 0 0 0 0 0 
[12:55:34:556] 0 0 0 0 0 0 0 0 0 0 0 0 0 0 0 0 0 0 0 0 0 0 0 0 0 0 0 0 0 0 0 0 0 0 0 0 0 0 0 0 0 0 0 0 0 0 0 0 0 0 0 0 0 0 0 0 0 0 0 0 0 0 0 0 0 0 0 0 0 0 0 0 0 0 0 0 0 0 0 0 0 0 0 0 0 0 0 0 0 0 0 0 0 0 0 0 0 0 0 0 0 0 0 0 0 0 0 0 0 0 0 0 0 0 0 0 0 0 0 0 0 0 0 0 0 0 0 0 0 0 0 0 0 0 0 0 0 0 0 0 0 0 0 0 0 0 0 0 0 0 0 0 0 0 0 0 0 0 0 0 0 0 0 0 0 0 0 0 0 0 0 0 0 0 0 0 0 0 0 0 0 0 0 0 0 0 0 0 0 0 0 0 0 0 0 0 0 0 0 0 0 0 0 0 0 0 0 0 0 0 0 0 0 0 0 0 0 0 0 0 0 0 0 0 0 0 0 0 0 0 0 0 0 0 0 0 0 0 0 0 0 0 0 0 0 0 0 0 0 0 0 0 0 0 0 0 0 0 0 0 0 0 0 0 0 0 0 0 0 0 0 0 0 0 0 0 0 0 0 0 0 0 0 0 0 0 0 0 0 0 0 0 0 0 0 0 0 0 0 0 0 0 0 0 0 0 0 0 0 0 0 0 0 0 0 0 0 0 0 0 0 0 0 0 0 0 0 0 0 0 0 0 0 0 0 0 0 0 0 0 0 0 0 0 0 0 0 0 0 0 0 0 0 0 0 0 0 0 0 0 0 0 0 0 0 0 0 0 0 0 0 0 0 0 0 0 0 0 0 0 0 0 0 0 0 0 0 0 0 70 0 0 0 0 0 0 0 0 0 0 0 0 0 0 0 0 0 0 32 2 664 1067 0 0 0 0 0 0 0 0 0 0 0 0 0 0 0 0 515 939 248 238 25 0 0 0 0 0 0 0 0 0 0 0 0 0 0 60 260 0 606 1633 406 0 0 0 0 0 0 0 0 0 0 0 0 0 0 0 995 1209 198 507 212 0 0 0 0 0 0 0 0 0 0 0 0 0 0 118 52 21 97 355 186 0 0 0 0 0 0 0 0 0 0 0 0 0 0 0 116 238 41 16 291 47 19 0 0 0 0 0 0 0 0 0 0 0 0 18 32 384 338 624 698 0 0 0 0 0 0 0 0 0 0 0 0 0 0 0 687 1211 821 623 327 179 279 0 0 0 0 0 0 0 0 0 0 0 0 62 312 1381 1339 1319 1294 438 0 0 0 0 0 0 0 0 0 0 0 0 0 71 1219 965 1566 1197 1104 65 19 0 0 0 0 0 0 0 0 0 0 0 0 290 1002 1416 1680 1330 1494 910 0 0 0 0 0 0 0 0 0 0 0 0 0 32 1377 1540 1332 1459 1288 697 1 0 0 0 0 0 0 0 0 0 0 0 0 404 953 1684 1485 1276 1302 785 0 0 0 0 0 0 0 0 0 0 0 0 0 57 527 983 1388 1495 1407 1559 205 0 0 0 0 0 0 0 0 0 0 0 0 631 1058 1368 1129 893 722 48 0 0 0 0 0 0 0 0 0 0 0 0 0 0 3 479 558 833 1316 1247 869 0 0 0 0 0 0 0 0 0 0 0 0 622 991 762 545 59 28 0 0 0 0 0 0 0 0 0 0 0 0 0 0 0 0 3 92 869 1092 1325 901 0 0 0 0 0 0 0 0 0 0 0 0 99 315 547 156 5 0 16 0 0 0 0 0 0 0 0 0 0 0 0 0 0 0 0 24 398 681 871 413 0 0 0 0 0 0 0 0 0 0 0 0 0 74 74 72 22 32 0 0 0 0 0 0 0 0 0 0 0 0 0 0 0 0 0 0 267 450 593 0 0 0 0 0 0 0 0 0 0 0 0 0 0 1 77 55 40 0 0 0 0 0 0 0 0 0 0 0 0 0 0 0 0 0 0 0 81 459 283 0 0 0 0 0 0 0 0 0 0 0 0 0 0 0 0 73 68 0 0 0 0 0 0 0 0 0 0 0 0 0 0 0 0 0 0 0 74 158 0 0 0 0 0 0 0 0 0 0 0 0 0 0 0 0 105 56 8 0 0 0 0 0 0 0 0 0 0 0 0 0 0 0 0 0 0 0 36 22 0 0 0 0 0 0 0 0 0 0 0 0 0 0 0 0 0 4 0 0 0 0 0 0 0 0 0 0 0 0 0 0 0 0 0 0 30 32 30 0 0 0 0 0 0 0 0 0 0 0 0 0 0 0 0 0 0 0 0 58 148 24 0 0 0 0 0 0 0 0 0 0 0 0 0 167 361 178 0 0 0 0 0 0 0 0 0 0 0 0 0 0 0 0 0 0 0 0 0 220 1009 728 14 0 0 0 0 0 0 0 0 0 0 0 164 1199 1141 481 0 0 0 0 0 0 0 0 0 0 0 0 0 0 0 0 0 0 0 0 0 586 1616 2024 736 0 0 0 0 0 0 0 0 0 0 0 970 1442 1661 733 0 0 0 0 0 0 0 0 0 0 0 0 0 0 0 0 0 0 0 0 0 578 1903 1896 2008 372 0 0 0 0 0 0 0 0 0 26 1723 1773 1390 1017 0 0 0 0 0 0 0 0 0 0 0 0 0 0 0 0 0 0 0 0 0 479 1933 2614 2370 1165 0 0 0 0 0 0 0 0 0 0 1640 1592 1447 1065 0 0 0 0 0 0 0 0 0 0 0 0 0 0 0 0 0 0 0 0 0 164 1827 2608 2343 1294 0 0 0 0 0 0 0 0 0 0 584 1324 1223 309 0 0 0 0 0 0 0 0 0 0 0 0 0 0 0 0 0 0 0 0 0 0 622 1968 1794 46 0 0 0 0 0 0 0 0 0 0 0 170 138 0 0 0 0 0 0 0 0 0 0 0 0 0 0 0 0 0 0 0 0 0 0 0 0 0 48 0 0 0 0 0 0 0 0 0 0 0 0 0 0 0 0 0 0 0 0 0 0 0 0 0 0 0 0 0 0 0 0 0 0 0 0 0 0 0 0 0 0 0 0 0 0 0 0 0 0 0 0 0 0 0 0 0 0 0 0 0 0 0 0 0 0 0 0 0 0 0 0 0 0 0 0 0 0 0 0 0 0 0 0 0 0 0 0 0 0 0 0 0 0 0 0 0 0 0 0 0 0 0 0 0 0 0 0 0 0 0 0 0 0 0 0 0 0 0 0 0 0 0 0 0 0 0 0 0 0 0 0 0 0 0 0 0 0 0 0 0 0 0 0 0 0 0 0 0 0 0 0 0 0 0 0 0 0 0 0 0 0 0 0 0 0 0 0 0 0 0 0 0 0 0 0 0 0 0 0 0 0 0 0 0 0 0 0 0 0 0 0 0 0 0 0 0 0 0 0 0 0 0 0 0 0 0 0 0 0 0 0 0 0 0 0 0 0 0 0 0 0 0 0 0 0 0 0 0 0 0 0 0 0 0 0 0 0 0 0 0 0 0 0 0 0 0 0 0 0 0 0 0 0 0 0 0 0 0 0 0 0 0 0 0 0 0 0 0 0 0 0 0 0 0 0 0 0 0 0 0 0 0 0 0 0 0 0 0 0 0 0 0 0 0 0 0 0 0 0 0 0 0 0 
[12:55:34:679] 0 0 0 0 0 0 0 0 0 0 0 0 0 0 0 0 0 0 0 0 0 0 0 0 0 0 0 0 0 0 0 0 0 0 0 0 0 0 0 0 0 0 0 0 0 0 0 0 0 0 0 0 0 0 0 0 0 0 0 0 0 0 0 0 0 0 0 0 0 0 0 0 0 0 0 0 0 0 0 0 0 0 0 0 0 0 0 0 0 0 0 0 0 0 0 0 0 0 0 0 0 0 0 0 0 0 0 0 0 0 0 0 0 0 0 0 0 0 0 0 0 0 0 0 0 0 0 0 0 0 0 0 0 0 0 0 0 0 0 0 0 0 0 0 0 0 0 0 0 0 0 0 0 0 0 0 0 0 0 0 0 0 0 0 0 0 0 0 0 0 0 0 0 0 0 0 0 0 0 0 0 0 0 0 0 0 0 0 0 0 0 0 0 0 0 0 0 0 0 0 0 0 0 0 0 0 0 0 0 0 0 0 0 0 0 0 0 0 0 0 0 0 0 0 0 0 0 0 0 0 0 0 0 0 0 0 0 0 0 0 0 0 0 0 0 0 0 0 0 0 0 0 0 0 0 0 0 0 0 0 0 0 0 0 0 0 0 0 0 0 0 0 0 0 0 0 0 0 0 0 0 0 0 0 0 0 0 0 0 0 0 0 0 0 0 0 0 0 0 0 0 0 0 0 0 0 0 0 0 0 0 0 0 0 0 0 0 0 0 0 0 0 0 0 0 0 0 0 0 0 0 0 0 0 0 0 0 0 0 0 0 0 0 0 0 0 0 0 0 0 0 0 0 0 0 0 0 0 0 0 0 0 0 0 0 0 0 0 0 0 0 0 0 0 0 0 0 0 0 0 0 0 0 0 0 0 0 0 0 70 0 0 0 0 0 0 0 0 0 0 0 0 0 0 0 0 0 0 32 2 664 1067 0 0 0 0 0 0 0 0 0 0 0 0 0 0 0 0 515 939 248 238 25 0 0 0 0 0 0 0 0 0 0 0 0 0 0 60 260 0 606 1633 406 0 0 0 0 0 0 0 0 0 0 0 0 0 0 0 995 1209 198 507 212 0 0 0 0 0 0 0 0 0 0 0 0 0 0 118 52 21 97 355 186 0 0 0 0 0 0 0 0 0 0 0 0 0 0 0 116 238 41 16 291 47 19 0 0 0 0 0 0 0 0 0 0 0 0 18 32 384 338 624 698 0 0 0 0 0 0 0 0 0 0 0 0 0 0 0 687 1211 821 623 327 179 279 0 0 0 0 0 0 0 0 0 0 0 0 62 312 1381 1339 1319 1294 438 0 0 0 0 0 0 0 0 0 0 0 0 0 71 1219 965 1566 1197 1104 65 19 0 0 0 0 0 0 0 0 0 0 0 0 290 1002 1416 1680 1330 1494 910 0 0 0 0 0 0 0 0 0 0 0 0 0 32 1377 1540 1332 1459 1288 697 1 0 0 0 0 0 0 0 0 0 0 0 0 404 953 1684 1485 1276 1302 785 0 0 0 0 0 0 0 0 0 0 0 0 0 57 527 983 1388 1495 1407 1559 205 0 0 0 0 0 0 0 0 0 0 0 0 631 1058 1368 1129 893 722 48 0 0 0 0 0 0 0 0 0 0 0 0 0 0 3 479 558 833 1316 1247 869 0 0 0 0 0 0 0 0 0 0 0 0 622 991 762 545 59 28 0 0 0 0 0 0 0 0 0 0 0 0 0 0 0 0 3 92 869 1092 1325 901 0 0 0 0 0 0 0 0 0 0 0 0 99 315 547 156 5 0 16 0 0 0 0 0 0 0 0 0 0 0 0 0 0 0 0 24 398 681 871 413 0 0 0 0 0 0 0 0 0 0 0 0 0 74 74 72 22 32 0 0 0 0 0 0 0 0 0 0 0 0 0 0 0 0 0 0 267 450 593 0 0 0 0 0 0 0 0 0 0 0 0 0 0 1 77 55 40 0 0 0 0 0 0 0 0 0 0 0 0 0 0 0 0 0 0 0 81 459 283 0 0 0 0 0 0 0 0 0 0 0 0 0 0 0 0 73 68 0 0 0 0 0 0 0 0 0 0 0 0 0 0 0 0 0 0 0 74 158 0 0 0 0 0 0 0 0 0 0 0 0 0 0 0 0 105 56 8 0 0 0 0 0 0 0 0 0 0 0 0 0 0 0 0 0 0 0 36 22 0 0 0 0 0 0 0 0 0 0 0 0 0 0 0 0 0 4 0 0 0 0 0 0 0 0 0 0 0 0 0 0 0 0 0 0 30 32 30 0 0 0 0 0 0 0 0 0 0 0 0 0 0 0 0 0 0 0 0 58 148 24 0 0 0 0 0 0 0 0 0 0 0 0 0 167 361 178 0 0 0 0 0 0 0 0 0 0 0 0 0 0 0 0 0 0 0 0 0 220 1009 728 14 0 0 0 0 0 0 0 0 0 0 0 164 1199 1141 481 0 0 0 0 0 0 0 0 0 0 0 0 0 0 0 0 0 0 0 0 0 586 1616 2024 736 0 0 0 0 0 0 0 0 0 0 0 970 1442 1661 733 0 0 0 0 0 0 0 0 0 0 0 0 0 0 0 0 0 0 0 0 0 578 1903 1896 2008 372 0 0 0 0 0 0 0 0 0 26 1723 1773 1390 1017 0 0 0 0 0 0 0 0 0 0 0 0 0 0 0 0 0 0 0 0 0 479 1933 2614 2370 1165 0 0 0 0 0 0 0 0 0 0 1640 1592 1447 1065 0 0 0 0 0 0 0 0 0 0 0 0 0 0 0 0 0 0 0 0 0 164 1827 2608 2343 1294 0 0 0 0 0 0 0 0 0 0 584 1324 1223 309 0 0 0 0 0 0 0 0 0 0 0 0 0 0 0 0 0 0 0 0 0 0 622 1968 1794 46 0 0 0 0 0 0 0 0 0 0 0 170 138 0 0 0 0 0 0 0 0 0 0 0 0 0 0 0 0 0 0 0 0 0 0 0 0 0 48 0 0 0 0 0 0 0 0 0 0 0 0 0 0 0 0 0 0 0 0 0 0 0 0 0 0 0 0 0 0 0 0 0 0 0 0 0 0 0 0 0 0 0 0 0 0 0 0 0 0 0 0 0 0 0 0 0 0 0 0 0 0 0 0 0 0 0 0 0 0 0 0 0 0 0 0 0 0 0 0 0 0 0 0 0 0 0 0 0 0 0 0 0 0 0 0 0 0 0 0 0 0 0 0 0 0 0 0 0 0 0 0 0 0 0 0 0 0 0 0 0 0 0 0 0 0 0 0 0 0 0 0 0 0 0 0 0 0 0 0 0 0 0 0 0 0 0 0 0 0 0 0 0 0 0 0 0 0 0 0 0 0 0 0 0 0 0 0 0 0 0 0 0 0 0 0 0 0 0 0 0 0 0 0 0 0 0 0 0 0 0 0 0 0 0 0 0 0 0 0 0 0 0 0 0 0 0 0 0 0 0 0 0 0 0 0 0 0 0 0 0 0 0 0 0 0 0 0 0 0 0 0 0 0 0 0 0 0 0 0 0 0 0 0 0 0 0 0 0 0 0 0 0 0 0 0 0 0 0 0 0 0 0 0 0 0 0 0 0 0 0 0 0 0 0 0 0 0 0 0 0 0 0 0 0 0 0 0 0 0 0 0 0 0 0 0 0 0 0 0 0 0 0 0 
[12:55:34:805] 0 0 0 0 0 0 0 0 0 0 0 0 0 0 0 0 0 0 0 0 0 0 0 0 0 0 0 0 0 0 0 0 0 0 0 0 0 0 0 0 0 0 0 0 0 0 0 0 0 0 0 0 0 0 0 0 0 0 0 0 0 0 0 0 0 0 0 0 0 0 0 0 0 0 0 0 0 0 0 0 0 0 0 0 0 0 0 0 0 0 0 0 0 0 0 0 0 0 0 0 0 0 0 0 0 0 0 0 0 0 0 0 0 0 0 0 0 0 0 0 0 0 0 0 0 0 0 0 0 0 0 0 0 0 0 0 0 0 0 0 0 0 0 0 0 0 0 0 0 0 0 0 0 0 0 0 0 0 0 0 0 0 0 0 0 0 0 0 0 0 0 0 0 0 0 0 0 0 0 0 0 0 0 0 0 0 0 0 0 0 0 0 0 0 0 0 0 0 0 0 0 0 0 0 0 0 0 0 0 0 0 0 0 0 0 0 0 0 0 0 0 0 0 0 0 0 0 0 0 0 0 0 0 0 0 0 0 0 0 0 0 0 0 0 0 0 0 0 0 0 0 0 0 0 0 0 0 0 0 0 0 0 0 0 0 0 0 0 0 0 0 0 0 0 0 0 0 0 0 0 0 0 0 0 0 0 0 0 0 0 0 0 0 0 0 0 0 0 0 0 0 0 0 0 0 0 0 0 0 0 0 0 0 0 0 0 0 0 0 0 0 0 0 0 0 0 0 0 0 0 0 0 0 0 0 0 0 0 0 0 0 0 0 0 0 0 0 0 0 0 0 0 0 0 0 0 0 0 0 0 0 0 0 0 0 0 0 0 0 0 0 0 0 0 0 0 0 0 0 0 0 0 0 0 0 0 0 0 0 70 0 0 0 0 0 0 0 0 0 0 0 0 0 0 0 0 0 0 32 2 664 1067 0 0 0 0 0 0 0 0 0 0 0 0 0 0 0 0 515 939 248 238 25 0 0 0 0 0 0 0 0 0 0 0 0 0 0 60 260 0 606 1633 406 0 0 0 0 0 0 0 0 0 0 0 0 0 0 0 995 1209 198 507 212 0 0 0 0 0 0 0 0 0 0 0 0 0 0 118 52 21 97 355 186 0 0 0 0 0 0 0 0 0 0 0 0 0 0 0 116 238 41 16 291 47 19 0 0 0 0 0 0 0 0 0 0 0 0 18 32 384 338 624 698 0 0 0 0 0 0 0 0 0 0 0 0 0 0 0 687 1211 821 623 327 179 279 0 0 0 0 0 0 0 0 0 0 0 0 62 312 1381 1339 1319 1294 438 0 0 0 0 0 0 0 0 0 0 0 0 0 71 1219 965 1566 1197 1104 65 19 0 0 0 0 0 0 0 0 0 0 0 0 290 1002 1416 1680 1330 1494 910 0 0 0 0 0 0 0 0 0 0 0 0 0 32 1377 1540 1332 1459 1288 697 1 0 0 0 0 0 0 0 0 0 0 0 0 404 953 1684 1485 1276 1302 785 0 0 0 0 0 0 0 0 0 0 0 0 0 57 527 983 1388 1495 1407 1559 205 0 0 0 0 0 0 0 0 0 0 0 0 631 1058 1368 1129 893 722 48 0 0 0 0 0 0 0 0 0 0 0 0 0 0 3 479 558 833 1316 1247 869 0 0 0 0 0 0 0 0 0 0 0 0 622 991 762 545 59 28 0 0 0 0 0 0 0 0 0 0 0 0 0 0 0 0 3 92 869 1092 1325 901 0 0 0 0 0 0 0 0 0 0 0 0 99 315 547 156 5 0 16 0 0 0 0 0 0 0 0 0 0 0 0 0 0 0 0 24 398 681 871 413 0 0 0 0 0 0 0 0 0 0 0 0 0 74 74 72 22 32 0 0 0 0 0 0 0 0 0 0 0 0 0 0 0 0 0 0 267 450 593 0 0 0 0 0 0 0 0 0 0 0 0 0 0 1 77 55 40 0 0 0 0 0 0 0 0 0 0 0 0 0 0 0 0 0 0 0 81 459 283 0 0 0 0 0 0 0 0 0 0 0 0 0 0 0 0 73 68 0 0 0 0 0 0 0 0 0 0 0 0 0 0 0 0 0 0 0 74 158 0 0 0 0 0 0 0 0 0 0 0 0 0 0 0 0 105 56 8 0 0 0 0 0 0 0 0 0 0 0 0 0 0 0 0 0 0 0 36 22 0 0 0 0 0 0 0 0 0 0 0 0 0 0 0 0 0 4 0 0 0 0 0 0 0 0 0 0 0 0 0 0 0 0 0 0 30 32 30 0 0 0 0 0 0 0 0 0 0 0 0 0 0 0 0 0 0 0 0 58 148 24 0 0 0 0 0 0 0 0 0 0 0 0 0 167 361 178 0 0 0 0 0 0 0 0 0 0 0 0 0 0 0 0 0 0 0 0 0 220 1009 728 14 0 0 0 0 0 0 0 0 0 0 0 164 1199 1141 481 0 0 0 0 0 0 0 0 0 0 0 0 0 0 0 0 0 0 0 0 0 586 1616 2024 736 0 0 0 0 0 0 0 0 0 0 0 970 1442 1661 733 0 0 0 0 0 0 0 0 0 0 0 0 0 0 0 0 0 0 0 0 0 578 1903 1896 2008 372 0 0 0 0 0 0 0 0 0 26 1723 1773 1390 1017 0 0 0 0 0 0 0 0 0 0 0 0 0 0 0 0 0 0 0 0 0 479 1933 2614 2370 1165 0 0 0 0 0 0 0 0 0 0 1640 1592 1447 1065 0 0 0 0 0 0 0 0 0 0 0 0 0 0 0 0 0 0 0 0 0 164 1827 2608 2343 1294 0 0 0 0 0 0 0 0 0 0 584 1324 1223 309 0 0 0 0 0 0 0 0 0 0 0 0 0 0 0 0 0 0 0 0 0 0 622 1968 1794 46 0 0 0 0 0 0 0 0 0 0 0 170 138 0 0 0 0 0 0 0 0 0 0 0 0 0 0 0 0 0 0 0 0 0 0 0 0 0 48 0 0 0 0 0 0 0 0 0 0 0 0 0 0 0 0 0 0 0 0 0 0 0 0 0 0 0 0 0 0 0 0 0 0 0 0 0 0 0 0 0 0 0 0 0 0 0 0 0 0 0 0 0 0 0 0 0 0 0 0 0 0 0 0 0 0 0 0 0 0 0 0 0 0 0 0 0 0 0 0 0 0 0 0 0 0 0 0 0 0 0 0 0 0 0 0 0 0 0 0 0 0 0 0 0 0 0 0 0 0 0 0 0 0 0 0 0 0 0 0 0 0 0 0 0 0 0 0 0 0 0 0 0 0 0 0 0 0 0 0 0 0 0 0 0 0 0 0 0 0 0 0 0 0 0 0 0 0 0 0 0 0 0 0 0 0 0 0 0 0 0 0 0 0 0 0 0 0 0 0 0 0 0 0 0 0 0 0 0 0 0 0 0 0 0 0 0 0 0 0 0 0 0 0 0 0 0 0 0 0 0 0 0 0 0 0 0 0 0 0 0 0 0 0 0 0 0 0 0 0 0 0 0 0 0 0 0 0 0 0 0 0 0 0 0 0 0 0 0 0 0 0 0 0 0 0 0 0 0 0 0 0 0 0 0 0 0 0 0 0 0 0 0 0 0 0 0 0 0 0 0 0 0 0 0 0 0 0 0 0 0 0 0 0 0 0 0 0 0 0 0 0 0 0 
[12:55:34:940] 0 0 0 0 0 0 0 0 0 0 0 0 0 0 0 0 0 0 0 0 0 0 0 0 0 0 0 0 0 0 0 0 0 0 0 0 0 0 0 0 0 0 0 0 0 0 0 0 0 0 0 0 0 0 0 0 0 0 0 0 0 0 0 0 0 0 0 0 0 0 0 0 0 0 0 0 0 0 0 0 0 0 0 0 0 0 0 0 0 0 0 0 0 0 0 0 0 0 0 0 0 0 0 0 0 0 0 0 0 0 0 0 0 0 0 0 0 0 0 0 0 0 0 0 0 0 0 0 0 0 0 0 0 0 0 0 0 0 0 0 0 0 0 0 0 0 0 0 0 0 0 0 0 0 0 0 0 0 0 0 0 0 0 0 0 0 0 0 0 0 0 0 0 0 0 0 0 0 0 0 0 0 0 0 0 0 0 0 0 0 0 0 0 0 0 0 0 0 0 0 0 0 0 0 0 0 0 0 0 0 0 0 0 0 0 0 0 0 0 0 0 0 0 0 0 0 0 0 0 0 0 0 0 0 0 0 0 0 0 0 0 0 0 0 0 0 0 0 0 0 0 0 0 0 0 0 0 0 0 0 0 0 0 0 0 0 0 0 0 0 0 0 0 0 0 0 0 0 0 0 0 0 0 0 0 0 0 0 0 0 0 0 0 0 0 0 0 0 0 0 0 0 0 0 0 0 0 0 0 0 0 0 0 0 0 0 0 0 0 0 0 0 0 0 0 0 0 0 0 0 0 0 0 0 0 0 0 0 0 0 0 0 0 0 0 0 0 0 0 0 0 0 0 0 0 0 0 0 0 0 0 0 0 0 0 0 0 0 0 0 0 0 0 0 0 0 0 0 0 0 0 0 0 0 0 0 0 0 0 70 0 0 0 0 0 0 0 0 0 0 0 0 0 0 0 0 0 0 32 2 664 1067 0 0 0 0 0 0 0 0 0 0 0 0 0 0 0 0 515 939 248 238 25 0 0 0 0 0 0 0 0 0 0 0 0 0 0 60 260 0 606 1633 406 0 0 0 0 0 0 0 0 0 0 0 0 0 0 0 995 1209 198 507 212 0 0 0 0 0 0 0 0 0 0 0 0 0 0 118 52 21 97 355 186 0 0 0 0 0 0 0 0 0 0 0 0 0 0 0 116 238 41 16 291 47 19 0 0 0 0 0 0 0 0 0 0 0 0 18 32 384 338 624 698 0 0 0 0 0 0 0 0 0 0 0 0 0 0 0 687 1211 821 623 327 179 279 0 0 0 0 0 0 0 0 0 0 0 0 62 312 1381 1339 1319 1294 438 0 0 0 0 0 0 0 0 0 0 0 0 0 71 1219 965 1566 1197 1104 65 19 0 0 0 0 0 0 0 0 0 0 0 0 290 1002 1416 1680 1330 1494 910 0 0 0 0 0 0 0 0 0 0 0 0 0 32 1377 1540 1332 1459 1288 697 1 0 0 0 0 0 0 0 0 0 0 0 0 404 953 1684 1485 1276 1302 785 0 0 0 0 0 0 0 0 0 0 0 0 0 57 527 983 1388 1495 1407 1559 205 0 0 0 0 0 0 0 0 0 0 0 0 631 1058 1368 1129 893 722 48 0 0 0 0 0 0 0 0 0 0 0 0 0 0 3 479 558 833 1316 1247 869 0 0 0 0 0 0 0 0 0 0 0 0 622 991 762 545 59 28 0 0 0 0 0 0 0 0 0 0 0 0 0 0 0 0 3 92 869 1092 1325 901 0 0 0 0 0 0 0 0 0 0 0 0 99 315 547 156 5 0 16 0 0 0 0 0 0 0 0 0 0 0 0 0 0 0 0 24 398 681 871 413 0 0 0 0 0 0 0 0 0 0 0 0 0 74 74 72 22 32 0 0 0 0 0 0 0 0 0 0 0 0 0 0 0 0 0 0 267 450 593 0 0 0 0 0 0 0 0 0 0 0 0 0 0 1 77 55 40 0 0 0 0 0 0 0 0 0 0 0 0 0 0 0 0 0 0 0 81 459 283 0 0 0 0 0 0 0 0 0 0 0 0 0 0 0 0 73 68 0 0 0 0 0 0 0 0 0 0 0 0 0 0 0 0 0 0 0 74 158 0 0 0 0 0 0 0 0 0 0 0 0 0 0 0 0 105 56 8 0 0 0 0 0 0 0 0 0 0 0 0 0 0 0 0 0 0 0 36 22 0 0 0 0 0 0 0 0 0 0 0 0 0 0 0 0 0 4 0 0 0 0 0 0 0 0 0 0 0 0 0 0 0 0 0 0 30 32 30 0 0 0 0 0 0 0 0 0 0 0 0 0 0 0 0 0 0 0 0 58 148 24 0 0 0 0 0 0 0 0 0 0 0 0 0 167 361 178 0 0 0 0 0 0 0 0 0 0 0 0 0 0 0 0 0 0 0 0 0 220 1009 728 14 0 0 0 0 0 0 0 0 0 0 0 164 1199 1141 481 0 0 0 0 0 0 0 0 0 0 0 0 0 0 0 0 0 0 0 0 0 586 1616 2024 736 0 0 0 0 0 0 0 0 0 0 0 970 1442 1661 733 0 0 0 0 0 0 0 0 0 0 0 0 0 0 0 0 0 0 0 0 0 578 1903 1896 2008 372 0 0 0 0 0 0 0 0 0 26 1723 1773 1390 1017 0 0 0 0 0 0 0 0 0 0 0 0 0 0 0 0 0 0 0 0 0 479 1933 2614 2370 1165 0 0 0 0 0 0 0 0 0 0 1640 1592 1447 1065 0 0 0 0 0 0 0 0 0 0 0 0 0 0 0 0 0 0 0 0 0 164 1827 2608 2343 1294 0 0 0 0 0 0 0 0 0 0 584 1324 1223 309 0 0 0 0 0 0 0 0 0 0 0 0 0 0 0 0 0 0 0 0 0 0 622 1968 1794 46 0 0 0 0 0 0 0 0 0 0 0 170 138 0 0 0 0 0 0 0 0 0 0 0 0 0 0 0 0 0 0 0 0 0 0 0 0 0 48 0 0 0 0 0 0 0 0 0 0 0 0 0 0 0 0 0 0 0 0 0 0 0 0 0 0 0 0 0 0 0 0 0 0 0 0 0 0 0 0 0 0 0 0 0 0 0 0 0 0 0 0 0 0 0 0 0 0 0 0 0 0 0 0 0 0 0 0 0 0 0 0 0 0 0 0 0 0 0 0 0 0 0 0 0 0 0 0 0 0 0 0 0 0 0 0 0 0 0 0 0 0 0 0 0 0 0 0 0 0 0 0 0 0 0 0 0 0 0 0 0 0 0 0 0 0 0 0 0 0 0 0 0 0 0 0 0 0 0 0 0 0 0 0 0 0 0 0 0 0 0 0 0 0 0 0 0 0 0 0 0 0 0 0 0 0 0 0 0 0 0 0 0 0 0 0 0 0 0 0 0 0 0 0 0 0 0 0 0 0 0 0 0 0 0 0 0 0 0 0 0 0 0 0 0 0 0 0 0 0 0 0 0 0 0 0 0 0 0 0 0 0 0 0 0 0 0 0 0 0 0 0 0 0 0 0 0 0 0 0 0 0 0 0 0 0 0 0 0 0 0 0 0 0 0 0 0 0 0 0 0 0 0 0 0 0 0 0 0 0 0 0 0 0 0 0 0 0 0 0 0 0 0 0 0 0 0 0 0 0 0 0 0 0 0 0 0 0 0 0 0 0 0 0 
[12:55:35:065] 0 0 0 0 0 0 0 0 0 0 0 0 0 0 0 0 0 0 0 0 0 0 0 0 0 0 0 0 0 0 0 0 0 0 0 0 0 0 0 0 0 0 0 0 0 0 0 0 0 0 0 0 0 0 0 0 0 0 0 0 0 0 0 0 0 0 0 0 0 0 0 0 0 0 0 0 0 0 0 0 0 0 0 0 0 0 0 0 0 0 0 0 0 0 0 0 0 0 0 0 0 0 0 0 0 0 0 0 0 0 0 0 0 0 0 0 0 0 0 0 0 0 0 0 0 0 0 0 0 0 0 0 0 0 0 0 0 0 0 0 0 0 0 0 0 0 0 0 0 0 0 0 0 0 0 0 0 0 0 0 0 0 0 0 0 0 0 0 0 0 0 0 0 0 0 0 0 0 0 0 0 0 0 0 0 0 0 0 0 0 0 0 0 0 0 0 0 0 0 0 0 0 0 0 0 0 0 0 0 0 0 0 0 0 0 0 0 0 0 0 0 0 0 0 0 0 0 0 0 0 0 0 0 0 0 0 0 0 0 0 0 0 0 0 0 0 0 0 0 0 0 0 0 0 0 0 0 0 0 0 0 0 0 0 0 0 0 0 0 0 0 0 0 0 0 0 0 0 0 0 0 0 0 0 0 0 0 0 0 0 0 0 0 0 0 0 0 0 0 0 0 0 0 0 0 0 0 0 0 0 0 0 0 0 0 0 0 0 0 0 0 0 0 0 0 0 0 0 0 0 0 0 0 0 0 0 0 0 0 0 0 0 0 0 0 0 0 0 0 0 0 0 0 0 0 0 0 0 0 0 0 0 0 0 0 0 0 0 0 0 0 0 0 0 0 0 0 0 0 0 0 0 0 0 0 0 0 0 0 70 0 0 0 0 0 0 0 0 0 0 0 0 0 0 0 0 0 0 32 2 664 1067 0 0 0 0 0 0 0 0 0 0 0 0 0 0 0 0 515 939 248 238 25 0 0 0 0 0 0 0 0 0 0 0 0 0 0 60 260 0 606 1633 406 0 0 0 0 0 0 0 0 0 0 0 0 0 0 0 995 1209 198 507 212 0 0 0 0 0 0 0 0 0 0 0 0 0 0 118 52 21 97 355 186 0 0 0 0 0 0 0 0 0 0 0 0 0 0 0 116 238 41 16 291 47 19 0 0 0 0 0 0 0 0 0 0 0 0 18 32 384 338 624 698 0 0 0 0 0 0 0 0 0 0 0 0 0 0 0 687 1211 821 623 327 179 279 0 0 0 0 0 0 0 0 0 0 0 0 62 312 1381 1339 1319 1294 438 0 0 0 0 0 0 0 0 0 0 0 0 0 71 1219 965 1566 1197 1104 65 19 0 0 0 0 0 0 0 0 0 0 0 0 290 1002 1416 1680 1330 1494 910 0 0 0 0 0 0 0 0 0 0 0 0 0 32 1377 1540 1332 1459 1288 697 1 0 0 0 0 0 0 0 0 0 0 0 0 404 953 1684 1485 1276 1302 785 0 0 0 0 0 0 0 0 0 0 0 0 0 57 527 983 1388 1495 1407 1559 205 0 0 0 0 0 0 0 0 0 0 0 0 631 1058 1368 1129 893 722 48 0 0 0 0 0 0 0 0 0 0 0 0 0 0 3 479 558 833 1316 1247 869 0 0 0 0 0 0 0 0 0 0 0 0 622 991 762 545 59 28 0 0 0 0 0 0 0 0 0 0 0 0 0 0 0 0 3 92 869 1092 1325 901 0 0 0 0 0 0 0 0 0 0 0 0 99 315 547 156 5 0 16 0 0 0 0 0 0 0 0 0 0 0 0 0 0 0 0 24 398 681 871 413 0 0 0 0 0 0 0 0 0 0 0 0 0 74 74 72 22 32 0 0 0 0 0 0 0 0 0 0 0 0 0 0 0 0 0 0 267 450 593 0 0 0 0 0 0 0 0 0 0 0 0 0 0 1 77 55 40 0 0 0 0 0 0 0 0 0 0 0 0 0 0 0 0 0 0 0 81 459 283 0 0 0 0 0 0 0 0 0 0 0 0 0 0 0 0 73 68 0 0 0 0 0 0 0 0 0 0 0 0 0 0 0 0 0 0 0 74 158 0 0 0 0 0 0 0 0 0 0 0 0 0 0 0 0 105 56 8 0 0 0 0 0 0 0 0 0 0 0 0 0 0 0 0 0 0 0 36 22 0 0 0 0 0 0 0 0 0 0 0 0 0 0 0 0 0 4 0 0 0 0 0 0 0 0 0 0 0 0 0 0 0 0 0 0 30 32 30 0 0 0 0 0 0 0 0 0 0 0 0 0 0 0 0 0 0 0 0 58 148 24 0 0 0 0 0 0 0 0 0 0 0 0 0 167 361 178 0 0 0 0 0 0 0 0 0 0 0 0 0 0 0 0 0 0 0 0 0 220 1009 728 14 0 0 0 0 0 0 0 0 0 0 0 164 1199 1141 481 0 0 0 0 0 0 0 0 0 0 0 0 0 0 0 0 0 0 0 0 0 586 1616 2024 736 0 0 0 0 0 0 0 0 0 0 0 970 1442 1661 733 0 0 0 0 0 0 0 0 0 0 0 0 0 0 0 0 0 0 0 0 0 578 1903 1896 2008 372 0 0 0 0 0 0 0 0 0 26 1723 1773 1390 1017 0 0 0 0 0 0 0 0 0 0 0 0 0 0 0 0 0 0 0 0 0 479 1933 2614 2370 1165 0 0 0 0 0 0 0 0 0 0 1640 1592 1447 1065 0 0 0 0 0 0 0 0 0 0 0 0 0 0 0 0 0 0 0 0 0 164 1827 2608 2343 1294 0 0 0 0 0 0 0 0 0 0 584 1324 1223 309 0 0 0 0 0 0 0 0 0 0 0 0 0 0 0 0 0 0 0 0 0 0 622 1968 1794 46 0 0 0 0 0 0 0 0 0 0 0 170 138 0 0 0 0 0 0 0 0 0 0 0 0 0 0 0 0 0 0 0 0 0 0 0 0 0 48 0 0 0 0 0 0 0 0 0 0 0 0 0 0 0 0 0 0 0 0 0 0 0 0 0 0 0 0 0 0 0 0 0 0 0 0 0 0 0 0 0 0 0 0 0 0 0 0 0 0 0 0 0 0 0 0 0 0 0 0 0 0 0 0 0 0 0 0 0 0 0 0 0 0 0 0 0 0 0 0 0 0 0 0 0 0 0 0 0 0 0 0 0 0 0 0 0 0 0 0 0 0 0 0 0 0 0 0 0 0 0 0 0 0 0 0 0 0 0 0 0 0 0 0 0 0 0 0 0 0 0 0 0 0 0 0 0 0 0 0 0 0 0 0 0 0 0 0 0 0 0 0 0 0 0 0 0 0 0 0 0 0 0 0 0 0 0 0 0 0 0 0 0 0 0 0 0 0 0 0 0 0 0 0 0 0 0 0 0 0 0 0 0 0 0 0 0 0 0 0 0 0 0 0 0 0 0 0 0 0 0 0 0 0 0 0 0 0 0 0 0 0 0 0 0 0 0 0 0 0 0 0 0 0 0 0 0 0 0 0 0 0 0 0 0 0 0 0 0 0 0 0 0 0 0 0 0 0 0 0 0 0 0 0 0 0 0 0 0 0 0 0 0 0 0 0 0 0 0 0 0 0 0 0 0 0 0 0 0 0 0 0 0 0 0 0 0 0 0 0 0 0 0 0 
[12:55:35:189] 0 0 0 0 0 0 0 0 0 0 0 0 0 0 0 0 0 0 0 0 0 0 0 0 0 0 0 0 0 0 0 0 0 0 0 0 0 0 0 0 0 0 0 0 0 0 0 0 0 0 0 0 0 0 0 0 0 0 0 0 0 0 0 0 0 0 0 0 0 0 0 0 0 0 0 0 0 0 0 0 0 0 0 0 0 0 0 0 0 0 0 0 0 0 0 0 0 0 0 0 0 0 0 0 0 0 0 0 0 0 0 0 0 0 0 0 0 0 0 0 0 0 0 0 0 0 0 0 0 0 0 0 0 0 0 0 0 0 0 0 0 0 0 0 0 0 0 0 0 0 0 0 0 0 0 0 0 0 0 0 0 0 0 0 0 0 0 0 0 0 0 0 0 0 0 0 0 0 0 0 0 0 0 0 0 0 0 0 0 0 0 0 0 0 0 0 0 0 0 0 0 0 0 0 0 0 0 0 0 0 0 0 0 0 0 0 0 0 0 0 0 0 0 0 0 0 0 0 0 0 0 0 0 0 0 0 0 0 0 0 0 0 0 0 0 0 0 0 0 0 0 0 0 0 0 0 0 0 0 0 0 0 0 0 0 0 0 0 0 0 0 0 0 0 0 0 0 0 0 0 0 0 0 0 0 0 0 0 0 0 0 0 0 0 0 0 0 0 0 0 0 0 0 0 0 0 0 0 0 0 0 0 0 0 0 0 0 0 0 0 0 0 0 0 0 0 0 0 0 0 0 0 0 0 0 0 0 0 0 0 0 0 0 0 0 0 0 0 0 0 0 0 0 0 0 0 0 0 0 0 0 0 0 0 0 0 0 0 0 0 0 0 0 0 0 0 0 0 0 0 0 0 0 0 0 0 0 0 0 70 0 0 0 0 0 0 0 0 0 0 0 0 0 0 0 0 0 0 32 2 664 1067 0 0 0 0 0 0 0 0 0 0 0 0 0 0 0 0 515 939 248 238 25 0 0 0 0 0 0 0 0 0 0 0 0 0 0 60 260 0 606 1633 406 0 0 0 0 0 0 0 0 0 0 0 0 0 0 0 995 1209 198 507 212 0 0 0 0 0 0 0 0 0 0 0 0 0 0 118 52 21 97 355 186 0 0 0 0 0 0 0 0 0 0 0 0 0 0 0 116 238 41 16 291 47 19 0 0 0 0 0 0 0 0 0 0 0 0 18 32 384 338 624 698 0 0 0 0 0 0 0 0 0 0 0 0 0 0 0 687 1211 821 623 327 179 279 0 0 0 0 0 0 0 0 0 0 0 0 62 312 1381 1339 1319 1294 438 0 0 0 0 0 0 0 0 0 0 0 0 0 71 1219 965 1566 1197 1104 65 19 0 0 0 0 0 0 0 0 0 0 0 0 290 1002 1416 1680 1330 1494 910 0 0 0 0 0 0 0 0 0 0 0 0 0 32 1377 1540 1332 1459 1288 697 1 0 0 0 0 0 0 0 0 0 0 0 0 404 953 1684 1485 1276 1302 785 0 0 0 0 0 0 0 0 0 0 0 0 0 57 527 983 1388 1495 1407 1559 205 0 0 0 0 0 0 0 0 0 0 0 0 631 1058 1368 1129 893 722 48 0 0 0 0 0 0 0 0 0 0 0 0 0 0 3 479 558 833 1316 1247 869 0 0 0 0 0 0 0 0 0 0 0 0 622 991 762 545 59 28 0 0 0 0 0 0 0 0 0 0 0 0 0 0 0 0 3 92 869 1092 1325 901 0 0 0 0 0 0 0 0 0 0 0 0 99 315 547 156 5 0 16 0 0 0 0 0 0 0 0 0 0 0 0 0 0 0 0 24 398 681 871 413 0 0 0 0 0 0 0 0 0 0 0 0 0 74 74 72 22 32 0 0 0 0 0 0 0 0 0 0 0 0 0 0 0 0 0 0 267 450 593 0 0 0 0 0 0 0 0 0 0 0 0 0 0 1 77 55 40 0 0 0 0 0 0 0 0 0 0 0 0 0 0 0 0 0 0 0 81 459 283 0 0 0 0 0 0 0 0 0 0 0 0 0 0 0 0 73 68 0 0 0 0 0 0 0 0 0 0 0 0 0 0 0 0 0 0 0 74 158 0 0 0 0 0 0 0 0 0 0 0 0 0 0 0 0 105 56 8 0 0 0 0 0 0 0 0 0 0 0 0 0 0 0 0 0 0 0 36 22 0 0 0 0 0 0 0 0 0 0 0 0 0 0 0 0 0 4 0 0 0 0 0 0 0 0 0 0 0 0 0 0 0 0 0 0 30 32 30 0 0 0 0 0 0 0 0 0 0 0 0 0 0 0 0 0 0 0 0 58 148 24 0 0 0 0 0 0 0 0 0 0 0 0 0 167 361 178 0 0 0 0 0 0 0 0 0 0 0 0 0 0 0 0 0 0 0 0 0 220 1009 728 14 0 0 0 0 0 0 0 0 0 0 0 164 1199 1141 481 0 0 0 0 0 0 0 0 0 0 0 0 0 0 0 0 0 0 0 0 0 586 1616 2024 736 0 0 0 0 0 0 0 0 0 0 0 970 1442 1661 733 0 0 0 0 0 0 0 0 0 0 0 0 0 0 0 0 0 0 0 0 0 578 1903 1896 2008 372 0 0 0 0 0 0 0 0 0 26 1723 1773 1390 1017 0 0 0 0 0 0 0 0 0 0 0 0 0 0 0 0 0 0 0 0 0 479 1933 2614 2370 1165 0 0 0 0 0 0 0 0 0 0 1640 1592 1447 1065 0 0 0 0 0 0 0 0 0 0 0 0 0 0 0 0 0 0 0 0 0 164 1827 2608 2343 1294 0 0 0 0 0 0 0 0 0 0 584 1324 1223 309 0 0 0 0 0 0 0 0 0 0 0 0 0 0 0 0 0 0 0 0 0 0 622 1968 1794 46 0 0 0 0 0 0 0 0 0 0 0 170 138 0 0 0 0 0 0 0 0 0 0 0 0 0 0 0 0 0 0 0 0 0 0 0 0 0 48 0 0 0 0 0 0 0 0 0 0 0 0 0 0 0 0 0 0 0 0 0 0 0 0 0 0 0 0 0 0 0 0 0 0 0 0 0 0 0 0 0 0 0 0 0 0 0 0 0 0 0 0 0 0 0 0 0 0 0 0 0 0 0 0 0 0 0 0 0 0 0 0 0 0 0 0 0 0 0 0 0 0 0 0 0 0 0 0 0 0 0 0 0 0 0 0 0 0 0 0 0 0 0 0 0 0 0 0 0 0 0 0 0 0 0 0 0 0 0 0 0 0 0 0 0 0 0 0 0 0 0 0 0 0 0 0 0 0 0 0 0 0 0 0 0 0 0 0 0 0 0 0 0 0 0 0 0 0 0 0 0 0 0 0 0 0 0 0 0 0 0 0 0 0 0 0 0 0 0 0 0 0 0 0 0 0 0 0 0 0 0 0 0 0 0 0 0 0 0 0 0 0 0 0 0 0 0 0 0 0 0 0 0 0 0 0 0 0 0 0 0 0 0 0 0 0 0 0 0 0 0 0 0 0 0 0 0 0 0 0 0 0 0 0 0 0 0 0 0 0 0 0 0 0 0 0 0 0 0 0 0 0 0 0 0 0 0 0 0 0 0 0 0 0 0 0 0 0 0 0 0 0 0 0 0 0 0 0 0 0 0 0 0 0 0 0 0 0 0 0 0 0 0 0 
[12:55:35:312] 0 0 0 0 0 0 0 0 0 0 0 0 0 0 0 0 0 0 0 0 0 0 0 0 0 0 0 0 0 0 0 0 0 0 0 0 0 0 0 0 0 0 0 0 0 0 0 0 0 0 0 0 0 0 0 0 0 0 0 0 0 0 0 0 0 0 0 0 0 0 0 0 0 0 0 0 0 0 0 0 0 0 0 0 0 0 0 0 0 0 0 0 0 0 0 0 0 0 0 0 0 0 0 0 0 0 0 0 0 0 0 0 0 0 0 0 0 0 0 0 0 0 0 0 0 0 0 0 0 0 0 0 0 0 0 0 0 0 0 0 0 0 0 0 0 0 0 0 0 0 0 0 0 0 0 0 0 0 0 0 0 0 0 0 0 0 0 0 0 0 0 0 0 0 0 0 0 0 0 0 0 0 0 0 0 0 0 0 0 0 0 0 0 0 0 0 0 0 0 0 0 0 0 0 0 0 0 0 0 0 0 0 0 0 0 0 0 0 0 0 0 0 0 0 0 0 0 0 0 0 0 0 0 0 0 0 0 0 0 0 0 0 0 0 0 0 0 0 0 0 0 0 0 0 0 0 0 0 0 0 0 0 0 0 0 0 0 0 0 0 0 0 0 0 0 0 0 0 0 0 0 0 0 0 0 0 0 0 0 0 0 0 0 0 0 0 0 0 0 0 0 0 0 0 0 0 0 0 0 0 0 0 0 0 0 0 0 0 0 0 0 0 0 0 0 0 0 0 0 0 0 0 0 0 0 0 0 0 0 0 0 0 0 0 0 0 0 0 0 0 0 0 0 0 0 0 0 0 0 0 0 0 0 0 0 0 0 0 0 0 0 0 0 0 0 0 0 0 0 0 0 0 0 0 0 0 0 0 0 70 0 0 0 0 0 0 0 0 0 0 0 0 0 0 0 0 0 0 32 2 664 1067 0 0 0 0 0 0 0 0 0 0 0 0 0 0 0 0 515 939 248 238 25 0 0 0 0 0 0 0 0 0 0 0 0 0 0 60 260 0 606 1633 406 0 0 0 0 0 0 0 0 0 0 0 0 0 0 0 995 1209 198 507 212 0 0 0 0 0 0 0 0 0 0 0 0 0 0 118 52 21 97 355 186 0 0 0 0 0 0 0 0 0 0 0 0 0 0 0 116 238 41 16 291 47 19 0 0 0 0 0 0 0 0 0 0 0 0 18 32 384 338 624 698 0 0 0 0 0 0 0 0 0 0 0 0 0 0 0 687 1211 821 623 327 179 279 0 0 0 0 0 0 0 0 0 0 0 0 62 312 1381 1339 1319 1294 438 0 0 0 0 0 0 0 0 0 0 0 0 0 71 1219 965 1566 1197 1104 65 19 0 0 0 0 0 0 0 0 0 0 0 0 290 1002 1416 1680 1330 1494 910 0 0 0 0 0 0 0 0 0 0 0 0 0 32 1377 1540 1332 1459 1288 697 1 0 0 0 0 0 0 0 0 0 0 0 0 404 953 1684 1485 1276 1302 785 0 0 0 0 0 0 0 0 0 0 0 0 0 57 527 983 1388 1495 1407 1559 205 0 0 0 0 0 0 0 0 0 0 0 0 631 1058 1368 1129 893 722 48 0 0 0 0 0 0 0 0 0 0 0 0 0 0 3 479 558 833 1316 1247 869 0 0 0 0 0 0 0 0 0 0 0 0 622 991 762 545 59 28 0 0 0 0 0 0 0 0 0 0 0 0 0 0 0 0 3 92 869 1092 1325 901 0 0 0 0 0 0 0 0 0 0 0 0 99 315 547 156 5 0 16 0 0 0 0 0 0 0 0 0 0 0 0 0 0 0 0 24 398 681 871 413 0 0 0 0 0 0 0 0 0 0 0 0 0 74 74 72 22 32 0 0 0 0 0 0 0 0 0 0 0 0 0 0 0 0 0 0 267 450 593 0 0 0 0 0 0 0 0 0 0 0 0 0 0 1 77 55 40 0 0 0 0 0 0 0 0 0 0 0 0 0 0 0 0 0 0 0 81 459 283 0 0 0 0 0 0 0 0 0 0 0 0 0 0 0 0 73 68 0 0 0 0 0 0 0 0 0 0 0 0 0 0 0 0 0 0 0 74 158 0 0 0 0 0 0 0 0 0 0 0 0 0 0 0 0 105 56 8 0 0 0 0 0 0 0 0 0 0 0 0 0 0 0 0 0 0 0 36 22 0 0 0 0 0 0 0 0 0 0 0 0 0 0 0 0 0 4 0 0 0 0 0 0 0 0 0 0 0 0 0 0 0 0 0 0 30 32 30 0 0 0 0 0 0 0 0 0 0 0 0 0 0 0 0 0 0 0 0 58 148 24 0 0 0 0 0 0 0 0 0 0 0 0 0 167 361 178 0 0 0 0 0 0 0 0 0 0 0 0 0 0 0 0 0 0 0 0 0 220 1009 728 14 0 0 0 0 0 0 0 0 0 0 0 164 1199 1141 481 0 0 0 0 0 0 0 0 0 0 0 0 0 0 0 0 0 0 0 0 0 586 1616 2024 736 0 0 0 0 0 0 0 0 0 0 0 970 1442 1661 733 0 0 0 0 0 0 0 0 0 0 0 0 0 0 0 0 0 0 0 0 0 578 1903 1896 2008 372 0 0 0 0 0 0 0 0 0 26 1723 1773 1390 1017 0 0 0 0 0 0 0 0 0 0 0 0 0 0 0 0 0 0 0 0 0 479 1933 2614 2370 1165 0 0 0 0 0 0 0 0 0 0 1640 1592 1447 1065 0 0 0 0 0 0 0 0 0 0 0 0 0 0 0 0 0 0 0 0 0 164 1827 2608 2343 1294 0 0 0 0 0 0 0 0 0 0 584 1324 1223 309 0 0 0 0 0 0 0 0 0 0 0 0 0 0 0 0 0 0 0 0 0 0 622 1968 1794 46 0 0 0 0 0 0 0 0 0 0 0 170 138 0 0 0 0 0 0 0 0 0 0 0 0 0 0 0 0 0 0 0 0 0 0 0 0 0 48 0 0 0 0 0 0 0 0 0 0 0 0 0 0 0 0 0 0 0 0 0 0 0 0 0 0 0 0 0 0 0 0 0 0 0 0 0 0 0 0 0 0 0 0 0 0 0 0 0 0 0 0 0 0 0 0 0 0 0 0 0 0 0 0 0 0 0 0 0 0 0 0 0 0 0 0 0 0 0 0 0 0 0 0 0 0 0 0 0 0 0 0 0 0 0 0 0 0 0 0 0 0 0 0 0 0 0 0 0 0 0 0 0 0 0 0 0 0 0 0 0 0 0 0 0 0 0 0 0 0 0 0 0 0 0 0 0 0 0 0 0 0 0 0 0 0 0 0 0 0 0 0 0 0 0 0 0 0 0 0 0 0 0 0 0 0 0 0 0 0 0 0 0 0 0 0 0 0 0 0 0 0 0 0 0 0 0 0 0 0 0 0 0 0 0 0 0 0 0 0 0 0 0 0 0 0 0 0 0 0 0 0 0 0 0 0 0 0 0 0 0 0 0 0 0 0 0 0 0 0 0 0 0 0 0 0 0 0 0 0 0 0 0 0 0 0 0 0 0 0 0 0 0 0 0 0 0 0 0 0 0 0 0 0 0 0 0 0 0 0 0 0 0 0 0 0 0 0 0 0 0 0 0 0 0 0 0 0 0 0 0 0 0 0 0 0 0 0 0 0 0 0 0 0 
[12:55:35:438] 0 0 0 0 0 0 0 0 0 0 0 0 0 0 0 0 0 0 0 0 0 0 0 0 0 0 0 0 0 0 0 0 0 0 0 0 0 0 0 0 0 0 0 0 0 0 0 0 0 0 0 0 0 0 0 0 0 0 0 0 0 0 0 0 0 0 0 0 0 0 0 0 0 0 0 0 0 0 0 0 0 0 0 0 0 0 0 0 0 0 0 0 0 0 0 0 0 0 0 0 0 0 0 0 0 0 0 0 0 0 0 0 0 0 0 0 0 0 0 0 0 0 0 0 0 0 0 0 0 0 0 0 0 0 0 0 0 0 0 0 0 0 0 0 0 0 0 0 0 0 0 0 0 0 0 0 0 0 0 0 0 0 0 0 0 0 0 0 0 0 0 0 0 0 0 0 0 0 0 0 0 0 0 0 0 0 0 0 0 0 0 0 0 0 0 0 0 0 0 0 0 0 0 0 0 0 0 0 0 0 0 0 0 0 0 0 0 0 0 0 0 0 0 0 0 0 0 0 0 0 0 0 0 0 0 0 0 0 0 0 0 0 0 0 0 0 0 0 0 0 0 0 0 0 0 0 0 0 0 0 0 0 0 0 0 0 0 0 0 0 0 0 0 0 0 0 0 0 0 0 0 0 0 0 0 0 0 0 0 0 0 0 0 0 0 0 0 0 0 0 0 0 0 0 0 0 0 0 0 0 0 0 0 0 0 0 0 0 0 0 0 0 0 0 0 0 0 0 0 0 0 0 0 0 0 0 0 0 0 0 0 0 0 0 0 0 0 0 0 0 0 0 0 0 0 0 0 0 0 0 0 0 0 0 0 0 0 0 0 0 0 0 0 0 0 0 0 0 0 0 0 0 0 0 0 0 0 0 0 70 0 0 0 0 0 0 0 0 0 0 0 0 0 0 0 0 0 0 32 2 664 1067 0 0 0 0 0 0 0 0 0 0 0 0 0 0 0 0 515 939 248 238 25 0 0 0 0 0 0 0 0 0 0 0 0 0 0 60 260 0 606 1633 406 0 0 0 0 0 0 0 0 0 0 0 0 0 0 0 995 1209 198 507 212 0 0 0 0 0 0 0 0 0 0 0 0 0 0 118 52 21 97 355 186 0 0 0 0 0 0 0 0 0 0 0 0 0 0 0 116 238 41 16 291 47 19 0 0 0 0 0 0 0 0 0 0 0 0 18 32 384 338 624 698 0 0 0 0 0 0 0 0 0 0 0 0 0 0 0 687 1211 821 623 327 179 279 0 0 0 0 0 0 0 0 0 0 0 0 62 312 1381 1339 1319 1294 438 0 0 0 0 0 0 0 0 0 0 0 0 0 71 1219 965 1566 1197 1104 65 19 0 0 0 0 0 0 0 0 0 0 0 0 290 1002 1416 1680 1330 1494 910 0 0 0 0 0 0 0 0 0 0 0 0 0 32 1377 1540 1332 1459 1288 697 1 0 0 0 0 0 0 0 0 0 0 0 0 404 953 1684 1485 1276 1302 785 0 0 0 0 0 0 0 0 0 0 0 0 0 57 527 983 1388 1495 1407 1559 205 0 0 0 0 0 0 0 0 0 0 0 0 631 1058 1368 1129 893 722 48 0 0 0 0 0 0 0 0 0 0 0 0 0 0 3 479 558 833 1316 1247 869 0 0 0 0 0 0 0 0 0 0 0 0 622 991 762 545 59 28 0 0 0 0 0 0 0 0 0 0 0 0 0 0 0 0 3 92 869 1092 1325 901 0 0 0 0 0 0 0 0 0 0 0 0 99 315 547 156 5 0 16 0 0 0 0 0 0 0 0 0 0 0 0 0 0 0 0 24 398 681 871 413 0 0 0 0 0 0 0 0 0 0 0 0 0 74 74 72 22 32 0 0 0 0 0 0 0 0 0 0 0 0 0 0 0 0 0 0 267 450 593 0 0 0 0 0 0 0 0 0 0 0 0 0 0 1 77 55 40 0 0 0 0 0 0 0 0 0 0 0 0 0 0 0 0 0 0 0 81 459 283 0 0 0 0 0 0 0 0 0 0 0 0 0 0 0 0 73 68 0 0 0 0 0 0 0 0 0 0 0 0 0 0 0 0 0 0 0 74 158 0 0 0 0 0 0 0 0 0 0 0 0 0 0 0 0 105 56 8 0 0 0 0 0 0 0 0 0 0 0 0 0 0 0 0 0 0 0 36 22 0 0 0 0 0 0 0 0 0 0 0 0 0 0 0 0 0 4 0 0 0 0 0 0 0 0 0 0 0 0 0 0 0 0 0 0 30 32 30 0 0 0 0 0 0 0 0 0 0 0 0 0 0 0 0 0 0 0 0 58 148 24 0 0 0 0 0 0 0 0 0 0 0 0 0 167 361 178 0 0 0 0 0 0 0 0 0 0 0 0 0 0 0 0 0 0 0 0 0 220 1009 728 14 0 0 0 0 0 0 0 0 0 0 0 164 1199 1141 481 0 0 0 0 0 0 0 0 0 0 0 0 0 0 0 0 0 0 0 0 0 586 1616 2024 736 0 0 0 0 0 0 0 0 0 0 0 970 1442 1661 733 0 0 0 0 0 0 0 0 0 0 0 0 0 0 0 0 0 0 0 0 0 578 1903 1896 2008 372 0 0 0 0 0 0 0 0 0 26 1723 1773 1390 1017 0 0 0 0 0 0 0 0 0 0 0 0 0 0 0 0 0 0 0 0 0 479 1933 2614 2370 1165 0 0 0 0 0 0 0 0 0 0 1640 1592 1447 1065 0 0 0 0 0 0 0 0 0 0 0 0 0 0 0 0 0 0 0 0 0 164 1827 2608 2343 1294 0 0 0 0 0 0 0 0 0 0 584 1324 1223 309 0 0 0 0 0 0 0 0 0 0 0 0 0 0 0 0 0 0 0 0 0 0 622 1968 1794 46 0 0 0 0 0 0 0 0 0 0 0 170 138 0 0 0 0 0 0 0 0 0 0 0 0 0 0 0 0 0 0 0 0 0 0 0 0 0 48 0 0 0 0 0 0 0 0 0 0 0 0 0 0 0 0 0 0 0 0 0 0 0 0 0 0 0 0 0 0 0 0 0 0 0 0 0 0 0 0 0 0 0 0 0 0 0 0 0 0 0 0 0 0 0 0 0 0 0 0 0 0 0 0 0 0 0 0 0 0 0 0 0 0 0 0 0 0 0 0 0 0 0 0 0 0 0 0 0 0 0 0 0 0 0 0 0 0 0 0 0 0 0 0 0 0 0 0 0 0 0 0 0 0 0 0 0 0 0 0 0 0 0 0 0 0 0 0 0 0 0 0 0 0 0 0 0 0 0 0 0 0 0 0 0 0 0 0 0 0 0 0 0 0 0 0 0 0 0 0 0 0 0 0 0 0 0 0 0 0 0 0 0 0 0 0 0 0 0 0 0 0 0 0 0 0 0 0 0 0 0 0 0 0 0 0 0 0 0 0 0 0 0 0 0 0 0 0 0 0 0 0 0 0 0 0 0 0 0 0 0 0 0 0 0 0 0 0 0 0 0 0 0 0 0 0 0 0 0 0 0 0 0 0 0 0 0 0 0 0 0 0 0 0 0 0 0 0 0 0 0 0 0 0 0 0 0 0 0 0 0 0 0 0 0 0 0 0 0 0 0 0 0 0 0 0 0 0 0 0 0 0 0 0 0 0 0 0 0 0 0 0 0 0 
[12:55:35:561] 0 0 0 0 0 0 0 0 0 0 0 0 0 0 0 0 0 0 0 0 0 0 0 0 0 0 0 0 0 0 0 0 0 0 0 0 0 0 0 0 0 0 0 0 0 0 0 0 0 0 0 0 0 0 0 0 0 0 0 0 0 0 0 0 0 0 0 0 0 0 0 0 0 0 0 0 0 0 0 0 0 0 0 0 0 0 0 0 0 0 0 0 0 0 0 0 0 0 0 0 0 0 0 0 0 0 0 0 0 0 0 0 0 0 0 0 0 0 0 0 0 0 0 0 0 0 0 0 0 0 0 0 0 0 0 0 0 0 0 0 0 0 0 0 0 0 0 0 0 0 0 0 0 0 0 0 0 0 0 0 0 0 0 0 0 0 0 0 0 0 0 0 0 0 0 0 0 0 0 0 0 0 0 0 0 0 0 0 0 0 0 0 0 0 0 0 0 0 0 0 0 0 0 0 0 0 0 0 0 0 0 0 0 0 0 0 0 0 0 0 0 0 0 0 0 0 0 0 0 0 0 0 0 0 0 0 0 0 0 0 0 0 0 0 0 0 0 0 0 0 0 0 0 0 0 0 0 0 0 0 0 0 0 0 0 0 0 0 0 0 0 0 0 0 0 0 0 0 0 0 0 0 0 0 0 0 0 0 0 0 0 0 0 0 0 0 0 0 0 0 0 0 0 0 0 0 0 0 0 0 0 0 0 0 0 0 0 0 0 0 0 0 0 0 0 0 0 0 0 0 0 0 0 0 0 0 0 0 0 0 0 0 0 0 0 0 0 0 0 0 0 0 0 0 0 0 0 0 0 0 0 0 0 0 0 0 0 0 0 0 0 0 0 0 0 0 0 0 0 0 0 0 0 0 0 0 0 0 0 70 0 0 0 0 0 0 0 0 0 0 0 0 0 0 0 0 0 0 32 2 664 1067 0 0 0 0 0 0 0 0 0 0 0 0 0 0 0 0 515 939 248 238 25 0 0 0 0 0 0 0 0 0 0 0 0 0 0 60 260 0 606 1633 406 0 0 0 0 0 0 0 0 0 0 0 0 0 0 0 995 1209 198 507 212 0 0 0 0 0 0 0 0 0 0 0 0 0 0 118 52 21 97 355 186 0 0 0 0 0 0 0 0 0 0 0 0 0 0 0 116 238 41 16 291 47 19 0 0 0 0 0 0 0 0 0 0 0 0 18 32 384 338 624 698 0 0 0 0 0 0 0 0 0 0 0 0 0 0 0 687 1211 821 623 327 179 279 0 0 0 0 0 0 0 0 0 0 0 0 62 312 1381 1339 1319 1294 438 0 0 0 0 0 0 0 0 0 0 0 0 0 71 1219 965 1566 1197 1104 65 19 0 0 0 0 0 0 0 0 0 0 0 0 290 1002 1416 1680 1330 1494 910 0 0 0 0 0 0 0 0 0 0 0 0 0 32 1377 1540 1332 1459 1288 697 1 0 0 0 0 0 0 0 0 0 0 0 0 404 953 1684 1485 1276 1302 785 0 0 0 0 0 0 0 0 0 0 0 0 0 57 527 983 1388 1495 1407 1559 205 0 0 0 0 0 0 0 0 0 0 0 0 631 1058 1368 1129 893 722 48 0 0 0 0 0 0 0 0 0 0 0 0 0 0 3 479 558 833 1316 1247 869 0 0 0 0 0 0 0 0 0 0 0 0 622 991 762 545 59 28 0 0 0 0 0 0 0 0 0 0 0 0 0 0 0 0 3 92 869 1092 1325 901 0 0 0 0 0 0 0 0 0 0 0 0 99 315 547 156 5 0 16 0 0 0 0 0 0 0 0 0 0 0 0 0 0 0 0 24 398 681 871 413 0 0 0 0 0 0 0 0 0 0 0 0 0 74 74 72 22 32 0 0 0 0 0 0 0 0 0 0 0 0 0 0 0 0 0 0 267 450 593 0 0 0 0 0 0 0 0 0 0 0 0 0 0 1 77 55 40 0 0 0 0 0 0 0 0 0 0 0 0 0 0 0 0 0 0 0 81 459 283 0 0 0 0 0 0 0 0 0 0 0 0 0 0 0 0 73 68 0 0 0 0 0 0 0 0 0 0 0 0 0 0 0 0 0 0 0 74 158 0 0 0 0 0 0 0 0 0 0 0 0 0 0 0 0 105 56 8 0 0 0 0 0 0 0 0 0 0 0 0 0 0 0 0 0 0 0 36 22 0 0 0 0 0 0 0 0 0 0 0 0 0 0 0 0 0 4 0 0 0 0 0 0 0 0 0 0 0 0 0 0 0 0 0 0 30 32 30 0 0 0 0 0 0 0 0 0 0 0 0 0 0 0 0 0 0 0 0 58 148 24 0 0 0 0 0 0 0 0 0 0 0 0 0 167 361 178 0 0 0 0 0 0 0 0 0 0 0 0 0 0 0 0 0 0 0 0 0 220 1009 728 14 0 0 0 0 0 0 0 0 0 0 0 164 1199 1141 481 0 0 0 0 0 0 0 0 0 0 0 0 0 0 0 0 0 0 0 0 0 586 1616 2024 736 0 0 0 0 0 0 0 0 0 0 0 970 1442 1661 733 0 0 0 0 0 0 0 0 0 0 0 0 0 0 0 0 0 0 0 0 0 578 1903 1896 2008 372 0 0 0 0 0 0 0 0 0 26 1723 1773 1390 1017 0 0 0 0 0 0 0 0 0 0 0 0 0 0 0 0 0 0 0 0 0 479 1933 2614 2370 1165 0 0 0 0 0 0 0 0 0 0 1640 1592 1447 1065 0 0 0 0 0 0 0 0 0 0 0 0 0 0 0 0 0 0 0 0 0 164 1827 2608 2343 1294 0 0 0 0 0 0 0 0 0 0 584 1324 1223 309 0 0 0 0 0 0 0 0 0 0 0 0 0 0 0 0 0 0 0 0 0 0 622 1968 1794 46 0 0 0 0 0 0 0 0 0 0 0 170 138 0 0 0 0 0 0 0 0 0 0 0 0 0 0 0 0 0 0 0 0 0 0 0 0 0 48 0 0 0 0 0 0 0 0 0 0 0 0 0 0 0 0 0 0 0 0 0 0 0 0 0 0 0 0 0 0 0 0 0 0 0 0 0 0 0 0 0 0 0 0 0 0 0 0 0 0 0 0 0 0 0 0 0 0 0 0 0 0 0 0 0 0 0 0 0 0 0 0 0 0 0 0 0 0 0 0 0 0 0 0 0 0 0 0 0 0 0 0 0 0 0 0 0 0 0 0 0 0 0 0 0 0 0 0 0 0 0 0 0 0 0 0 0 0 0 0 0 0 0 0 0 0 0 0 0 0 0 0 0 0 0 0 0 0 0 0 0 0 0 0 0 0 0 0 0 0 0 0 0 0 0 0 0 0 0 0 0 0 0 0 0 0 0 0 0 0 0 0 0 0 0 0 0 0 0 0 0 0 0 0 0 0 0 0 0 0 0 0 0 0 0 0 0 0 0 0 0 0 0 0 0 0 0 0 0 0 0 0 0 0 0 0 0 0 0 0 0 0 0 0 0 0 0 0 0 0 0 0 0 0 0 0 0 0 0 0 0 0 0 0 0 0 0 0 0 0 0 0 0 0 0 0 0 0 0 0 0 0 0 0 0 0 0 0 0 0 0 0 0 0 0 0 0 0 0 0 0 0 0 0 0 0 0 0 0 0 0 0 0 0 0 0 0 0 0 0 0 0 0 0 
[12:55:35:687] 0 0 0 0 0 0 0 0 0 0 0 0 0 0 0 0 0 0 0 0 0 0 0 0 0 0 0 0 0 0 0 0 0 0 0 0 0 0 0 0 0 0 0 0 0 0 0 0 0 0 0 0 0 0 0 0 0 0 0 0 0 0 0 0 0 0 0 0 0 0 0 0 0 0 0 0 0 0 0 0 0 0 0 0 0 0 0 0 0 0 0 0 0 0 0 0 0 0 0 0 0 0 0 0 0 0 0 0 0 0 0 0 0 0 0 0 0 0 0 0 0 0 0 0 0 0 0 0 0 0 0 0 0 0 0 0 0 0 0 0 0 0 0 0 0 0 0 0 0 0 0 0 0 0 0 0 0 0 0 0 0 0 0 0 0 0 0 0 0 0 0 0 0 0 0 0 0 0 0 0 0 0 0 0 0 0 0 0 0 0 0 0 0 0 0 0 0 0 0 0 0 0 0 0 0 0 0 0 0 0 0 0 0 0 0 0 0 0 0 0 0 0 0 0 0 0 0 0 0 0 0 0 0 0 0 0 0 0 0 0 0 0 0 0 0 0 0 0 0 0 0 0 0 0 0 0 0 0 0 0 0 0 0 0 0 0 0 0 0 0 0 0 0 0 0 0 0 0 0 0 0 0 0 0 0 0 0 0 0 0 0 0 0 0 0 0 0 0 0 0 0 0 0 0 0 0 0 0 0 0 0 0 0 0 0 0 0 0 0 0 0 0 0 0 0 0 0 0 0 0 0 0 0 0 0 0 0 0 0 0 0 0 0 0 0 0 0 0 0 0 0 0 0 0 0 0 0 0 0 0 0 0 0 0 0 0 0 0 0 0 0 0 0 0 0 0 0 0 0 0 0 0 0 0 0 0 0 0 0 70 0 0 0 0 0 0 0 0 0 0 0 0 0 0 0 0 0 0 32 2 664 1067 0 0 0 0 0 0 0 0 0 0 0 0 0 0 0 0 515 939 248 238 25 0 0 0 0 0 0 0 0 0 0 0 0 0 0 60 260 0 606 1633 406 0 0 0 0 0 0 0 0 0 0 0 0 0 0 0 995 1209 198 507 212 0 0 0 0 0 0 0 0 0 0 0 0 0 0 118 52 21 97 355 186 0 0 0 0 0 0 0 0 0 0 0 0 0 0 0 116 238 41 16 291 47 19 0 0 0 0 0 0 0 0 0 0 0 0 18 32 384 338 624 698 0 0 0 0 0 0 0 0 0 0 0 0 0 0 0 687 1211 821 623 327 179 279 0 0 0 0 0 0 0 0 0 0 0 0 62 312 1381 1339 1319 1294 438 0 0 0 0 0 0 0 0 0 0 0 0 0 71 1219 965 1566 1197 1104 65 19 0 0 0 0 0 0 0 0 0 0 0 0 290 1002 1416 1680 1330 1494 910 0 0 0 0 0 0 0 0 0 0 0 0 0 32 1377 1540 1332 1459 1288 697 1 0 0 0 0 0 0 0 0 0 0 0 0 404 953 1684 1485 1276 1302 785 0 0 0 0 0 0 0 0 0 0 0 0 0 57 527 983 1388 1495 1407 1559 205 0 0 0 0 0 0 0 0 0 0 0 0 631 1058 1368 1129 893 722 48 0 0 0 0 0 0 0 0 0 0 0 0 0 0 3 479 558 833 1316 1247 869 0 0 0 0 0 0 0 0 0 0 0 0 622 991 762 545 59 28 0 0 0 0 0 0 0 0 0 0 0 0 0 0 0 0 3 92 869 1092 1325 901 0 0 0 0 0 0 0 0 0 0 0 0 99 315 547 156 5 0 16 0 0 0 0 0 0 0 0 0 0 0 0 0 0 0 0 24 398 681 871 413 0 0 0 0 0 0 0 0 0 0 0 0 0 74 74 72 22 32 0 0 0 0 0 0 0 0 0 0 0 0 0 0 0 0 0 0 267 450 593 0 0 0 0 0 0 0 0 0 0 0 0 0 0 1 77 55 40 0 0 0 0 0 0 0 0 0 0 0 0 0 0 0 0 0 0 0 81 459 283 0 0 0 0 0 0 0 0 0 0 0 0 0 0 0 0 73 68 0 0 0 0 0 0 0 0 0 0 0 0 0 0 0 0 0 0 0 74 158 0 0 0 0 0 0 0 0 0 0 0 0 0 0 0 0 105 56 8 0 0 0 0 0 0 0 0 0 0 0 0 0 0 0 0 0 0 0 36 22 0 0 0 0 0 0 0 0 0 0 0 0 0 0 0 0 0 4 0 0 0 0 0 0 0 0 0 0 0 0 0 0 0 0 0 0 30 32 30 0 0 0 0 0 0 0 0 0 0 0 0 0 0 0 0 0 0 0 0 58 148 24 0 0 0 0 0 0 0 0 0 0 0 0 0 167 361 178 0 0 0 0 0 0 0 0 0 0 0 0 0 0 0 0 0 0 0 0 0 220 1009 728 14 0 0 0 0 0 0 0 0 0 0 0 164 1199 1141 481 0 0 0 0 0 0 0 0 0 0 0 0 0 0 0 0 0 0 0 0 0 586 1616 2024 736 0 0 0 0 0 0 0 0 0 0 0 970 1442 1661 733 0 0 0 0 0 0 0 0 0 0 0 0 0 0 0 0 0 0 0 0 0 578 1903 1896 2008 372 0 0 0 0 0 0 0 0 0 26 1723 1773 1390 1017 0 0 0 0 0 0 0 0 0 0 0 0 0 0 0 0 0 0 0 0 0 479 1933 2614 2370 1165 0 0 0 0 0 0 0 0 0 0 1640 1592 1447 1065 0 0 0 0 0 0 0 0 0 0 0 0 0 0 0 0 0 0 0 0 0 164 1827 2608 2343 1294 0 0 0 0 0 0 0 0 0 0 584 1324 1223 309 0 0 0 0 0 0 0 0 0 0 0 0 0 0 0 0 0 0 0 0 0 0 622 1968 1794 46 0 0 0 0 0 0 0 0 0 0 0 170 138 0 0 0 0 0 0 0 0 0 0 0 0 0 0 0 0 0 0 0 0 0 0 0 0 0 48 0 0 0 0 0 0 0 0 0 0 0 0 0 0 0 0 0 0 0 0 0 0 0 0 0 0 0 0 0 0 0 0 0 0 0 0 0 0 0 0 0 0 0 0 0 0 0 0 0 0 0 0 0 0 0 0 0 0 0 0 0 0 0 0 0 0 0 0 0 0 0 0 0 0 0 0 0 0 0 0 0 0 0 0 0 0 0 0 0 0 0 0 0 0 0 0 0 0 0 0 0 0 0 0 0 0 0 0 0 0 0 0 0 0 0 0 0 0 0 0 0 0 0 0 0 0 0 0 0 0 0 0 0 0 0 0 0 0 0 0 0 0 0 0 0 0 0 0 0 0 0 0 0 0 0 0 0 0 0 0 0 0 0 0 0 0 0 0 0 0 0 0 0 0 0 0 0 0 0 0 0 0 0 0 0 0 0 0 0 0 0 0 0 0 0 0 0 0 0 0 0 0 0 0 0 0 0 0 0 0 0 0 0 0 0 0 0 0 0 0 0 0 0 0 0 0 0 0 0 0 0 0 0 0 0 0 0 0 0 0 0 0 0 0 0 0 0 0 0 0 0 0 0 0 0 0 0 0 0 0 0 0 0 0 0 0 0 0 0 0 0 0 0 0 0 0 0 0 0 0 0 0 0 0 0 0 0 0 0 0 0 0 0 0 0 0 0 0 0 0 0 0 0 0 
[12:55:35:810] 0 0 0 0 0 0 0 0 0 0 0 0 0 0 0 0 0 0 0 0 0 0 0 0 0 0 0 0 0 0 0 0 0 0 0 0 0 0 0 0 0 0 0 0 0 0 0 0 0 0 0 0 0 0 0 0 0 0 0 0 0 0 0 0 0 0 0 0 0 0 0 0 0 0 0 0 0 0 0 0 0 0 0 0 0 0 0 0 0 0 0 0 0 0 0 0 0 0 0 0 0 0 0 0 0 0 0 0 0 0 0 0 0 0 0 0 0 0 0 0 0 0 0 0 0 0 0 0 0 0 0 0 0 0 0 0 0 0 0 0 0 0 0 0 0 0 0 0 0 0 0 0 0 0 0 0 0 0 0 0 0 0 0 0 0 0 0 0 0 0 0 0 0 0 0 0 0 0 0 0 0 0 0 0 0 0 0 0 0 0 0 0 0 0 0 0 0 0 0 0 0 0 0 0 0 0 0 0 0 0 0 0 0 0 0 0 0 0 0 0 0 0 0 0 0 0 0 0 0 0 0 0 0 0 0 0 0 0 0 0 0 0 0 0 0 0 0 0 0 0 0 0 0 0 0 0 0 0 0 0 0 0 0 0 0 0 0 0 0 0 0 0 0 0 0 0 0 0 0 0 0 0 0 0 0 0 0 0 0 0 0 0 0 0 0 0 0 0 0 0 0 0 0 0 0 0 0 0 0 0 0 0 0 0 0 0 0 0 0 0 0 0 0 0 0 0 0 0 0 0 0 0 0 0 0 0 0 0 0 0 0 0 0 0 0 0 0 0 0 0 0 0 0 0 0 0 0 0 0 0 0 0 0 0 0 0 0 0 0 0 0 0 0 0 0 0 0 0 0 0 0 0 0 0 0 0 0 0 0 70 0 0 0 0 0 0 0 0 0 0 0 0 0 0 0 0 0 0 32 2 664 1067 0 0 0 0 0 0 0 0 0 0 0 0 0 0 0 0 515 939 248 238 25 0 0 0 0 0 0 0 0 0 0 0 0 0 0 60 260 0 606 1633 406 0 0 0 0 0 0 0 0 0 0 0 0 0 0 0 995 1209 198 507 212 0 0 0 0 0 0 0 0 0 0 0 0 0 0 118 52 21 97 355 186 0 0 0 0 0 0 0 0 0 0 0 0 0 0 0 116 238 41 16 291 47 19 0 0 0 0 0 0 0 0 0 0 0 0 18 32 384 338 624 698 0 0 0 0 0 0 0 0 0 0 0 0 0 0 0 687 1211 821 623 327 179 279 0 0 0 0 0 0 0 0 0 0 0 0 62 312 1381 1339 1319 1294 438 0 0 0 0 0 0 0 0 0 0 0 0 0 71 1219 965 1566 1197 1104 65 19 0 0 0 0 0 0 0 0 0 0 0 0 290 1002 1416 1680 1330 1494 910 0 0 0 0 0 0 0 0 0 0 0 0 0 32 1377 1540 1332 1459 1288 697 1 0 0 0 0 0 0 0 0 0 0 0 0 404 953 1684 1485 1276 1302 785 0 0 0 0 0 0 0 0 0 0 0 0 0 57 527 983 1388 1495 1407 1559 205 0 0 0 0 0 0 0 0 0 0 0 0 631 1058 1368 1129 893 722 48 0 0 0 0 0 0 0 0 0 0 0 0 0 0 3 479 558 833 1316 1247 869 0 0 0 0 0 0 0 0 0 0 0 0 622 991 762 545 59 28 0 0 0 0 0 0 0 0 0 0 0 0 0 0 0 0 3 92 869 1092 1325 901 0 0 0 0 0 0 0 0 0 0 0 0 99 315 547 156 5 0 16 0 0 0 0 0 0 0 0 0 0 0 0 0 0 0 0 24 398 681 871 413 0 0 0 0 0 0 0 0 0 0 0 0 0 74 74 72 22 32 0 0 0 0 0 0 0 0 0 0 0 0 0 0 0 0 0 0 267 450 593 0 0 0 0 0 0 0 0 0 0 0 0 0 0 1 77 55 40 0 0 0 0 0 0 0 0 0 0 0 0 0 0 0 0 0 0 0 81 459 283 0 0 0 0 0 0 0 0 0 0 0 0 0 0 0 0 73 68 0 0 0 0 0 0 0 0 0 0 0 0 0 0 0 0 0 0 0 74 158 0 0 0 0 0 0 0 0 0 0 0 0 0 0 0 0 105 56 8 0 0 0 0 0 0 0 0 0 0 0 0 0 0 0 0 0 0 0 36 22 0 0 0 0 0 0 0 0 0 0 0 0 0 0 0 0 0 4 0 0 0 0 0 0 0 0 0 0 0 0 0 0 0 0 0 0 30 32 30 0 0 0 0 0 0 0 0 0 0 0 0 0 0 0 0 0 0 0 0 58 148 24 0 0 0 0 0 0 0 0 0 0 0 0 0 167 361 178 0 0 0 0 0 0 0 0 0 0 0 0 0 0 0 0 0 0 0 0 0 220 1009 728 14 0 0 0 0 0 0 0 0 0 0 0 164 1199 1141 481 0 0 0 0 0 0 0 0 0 0 0 0 0 0 0 0 0 0 0 0 0 586 1616 2024 736 0 0 0 0 0 0 0 0 0 0 0 970 1442 1661 733 0 0 0 0 0 0 0 0 0 0 0 0 0 0 0 0 0 0 0 0 0 578 1903 1896 2008 372 0 0 0 0 0 0 0 0 0 26 1723 1773 1390 1017 0 0 0 0 0 0 0 0 0 0 0 0 0 0 0 0 0 0 0 0 0 479 1933 2614 2370 1165 0 0 0 0 0 0 0 0 0 0 1640 1592 1447 1065 0 0 0 0 0 0 0 0 0 0 0 0 0 0 0 0 0 0 0 0 0 164 1827 2608 2343 1294 0 0 0 0 0 0 0 0 0 0 584 1324 1223 309 0 0 0 0 0 0 0 0 0 0 0 0 0 0 0 0 0 0 0 0 0 0 622 1968 1794 46 0 0 0 0 0 0 0 0 0 0 0 170 138 0 0 0 0 0 0 0 0 0 0 0 0 0 0 0 0 0 0 0 0 0 0 0 0 0 48 0 0 0 0 0 0 0 0 0 0 0 0 0 0 0 0 0 0 0 0 0 0 0 0 0 0 0 0 0 0 0 0 0 0 0 0 0 0 0 0 0 0 0 0 0 0 0 0 0 0 0 0 0 0 0 0 0 0 0 0 0 0 0 0 0 0 0 0 0 0 0 0 0 0 0 0 0 0 0 0 0 0 0 0 0 0 0 0 0 0 0 0 0 0 0 0 0 0 0 0 0 0 0 0 0 0 0 0 0 0 0 0 0 0 0 0 0 0 0 0 0 0 0 0 0 0 0 0 0 0 0 0 0 0 0 0 0 0 0 0 0 0 0 0 0 0 0 0 0 0 0 0 0 0 0 0 0 0 0 0 0 0 0 0 0 0 0 0 0 0 0 0 0 0 0 0 0 0 0 0 0 0 0 0 0 0 0 0 0 0 0 0 0 0 0 0 0 0 0 0 0 0 0 0 0 0 0 0 0 0 0 0 0 0 0 0 0 0 0 0 0 0 0 0 0 0 0 0 0 0 0 0 0 0 0 0 0 0 0 0 0 0 0 0 0 0 0 0 0 0 0 0 0 0 0 0 0 0 0 0 0 0 0 0 0 0 0 0 0 0 0 0 0 0 0 0 0 0 0 0 0 0 0 0 0 0 0 0 0 0 0 0 0 0 0 0 0 0 0 0 0 0 0 0 
[12:55:35:930] 0 0 0 0 0 0 0 0 0 0 0 0 0 0 0 0 0 0 0 0 0 0 0 0 0 0 0 0 0 0 0 0 0 0 0 0 0 0 0 0 0 0 0 0 0 0 0 0 0 0 0 0 0 0 0 0 0 0 0 0 0 0 0 0 0 0 0 0 0 0 0 0 0 0 0 0 0 0 0 0 0 0 0 0 0 0 0 0 0 0 0 0 0 0 0 0 0 0 0 0 0 0 0 0 0 0 0 0 0 0 0 0 0 0 0 0 0 0 0 0 0 0 0 0 0 0 0 0 0 0 0 0 0 0 0 0 0 0 0 0 0 0 0 0 0 0 0 0 0 0 0 0 0 0 0 0 0 0 0 0 0 0 0 0 0 0 0 0 0 0 0 0 0 0 0 0 0 0 0 0 0 0 0 0 0 0 0 0 0 0 0 0 0 0 0 0 0 0 0 0 0 0 0 0 0 0 0 0 0 0 0 0 0 0 0 0 0 0 0 0 0 0 0 0 0 0 0 0 0 0 0 0 0 0 0 0 0 0 0 0 0 0 0 0 0 0 0 0 0 0 0 0 0 0 0 0 0 0 0 0 0 0 0 0 0 0 0 0 0 0 0 0 0 0 0 0 0 0 0 0 0 0 0 0 0 0 0 0 0 0 0 0 0 0 0 0 0 0 0 0 0 0 0 0 0 0 0 0 0 0 0 0 0 0 0 0 0 0 0 0 0 0 0 0 0 0 0 0 0 0 0 0 0 0 0 0 0 0 0 0 0 0 0 0 0 0 0 0 0 0 0 0 0 0 0 0 0 0 0 0 0 0 0 0 0 0 0 0 0 0 0 0 0 0 0 0 0 0 0 0 0 0 0 0 0 0 0 0 0 70 0 0 0 0 0 0 0 0 0 0 0 0 0 0 0 0 0 0 32 2 664 1067 0 0 0 0 0 0 0 0 0 0 0 0 0 0 0 0 515 939 248 238 25 0 0 0 0 0 0 0 0 0 0 0 0 0 0 60 260 0 606 1633 406 0 0 0 0 0 0 0 0 0 0 0 0 0 0 0 995 1209 198 507 212 0 0 0 0 0 0 0 0 0 0 0 0 0 0 118 52 21 97 355 186 0 0 0 0 0 0 0 0 0 0 0 0 0 0 0 116 238 41 16 291 47 19 0 0 0 0 0 0 0 0 0 0 0 0 18 32 384 338 624 698 0 0 0 0 0 0 0 0 0 0 0 0 0 0 0 687 1211 821 623 327 179 279 0 0 0 0 0 0 0 0 0 0 0 0 62 312 1381 1339 1319 1294 438 0 0 0 0 0 0 0 0 0 0 0 0 0 71 1219 965 1566 1197 1104 65 19 0 0 0 0 0 0 0 0 0 0 0 0 290 1002 1416 1680 1330 1494 910 0 0 0 0 0 0 0 0 0 0 0 0 0 32 1377 1540 1332 1459 1288 697 1 0 0 0 0 0 0 0 0 0 0 0 0 404 953 1684 1485 1276 1302 785 0 0 0 0 0 0 0 0 0 0 0 0 0 57 527 983 1388 1495 1407 1559 205 0 0 0 0 0 0 0 0 0 0 0 0 631 1058 1368 1129 893 722 48 0 0 0 0 0 0 0 0 0 0 0 0 0 0 3 479 558 833 1316 1247 869 0 0 0 0 0 0 0 0 0 0 0 0 622 991 762 545 59 28 0 0 0 0 0 0 0 0 0 0 0 0 0 0 0 0 3 92 869 1092 1325 901 0 0 0 0 0 0 0 0 0 0 0 0 99 315 547 156 5 0 16 0 0 0 0 0 0 0 0 0 0 0 0 0 0 0 0 24 398 681 871 413 0 0 0 0 0 0 0 0 0 0 0 0 0 74 74 72 22 32 0 0 0 0 0 0 0 0 0 0 0 0 0 0 0 0 0 0 267 450 593 0 0 0 0 0 0 0 0 0 0 0 0 0 0 1 77 55 40 0 0 0 0 0 0 0 0 0 0 0 0 0 0 0 0 0 0 0 81 459 283 0 0 0 0 0 0 0 0 0 0 0 0 0 0 0 0 73 68 0 0 0 0 0 0 0 0 0 0 0 0 0 0 0 0 0 0 0 74 158 0 0 0 0 0 0 0 0 0 0 0 0 0 0 0 0 105 56 8 0 0 0 0 0 0 0 0 0 0 0 0 0 0 0 0 0 0 0 36 22 0 0 0 0 0 0 0 0 0 0 0 0 0 0 0 0 0 4 0 0 0 0 0 0 0 0 0 0 0 0 0 0 0 0 0 0 30 32 30 0 0 0 0 0 0 0 0 0 0 0 0 0 0 0 0 0 0 0 0 58 148 24 0 0 0 0 0 0 0 0 0 0 0 0 0 167 361 178 0 0 0 0 0 0 0 0 0 0 0 0 0 0 0 0 0 0 0 0 0 220 1009 728 14 0 0 0 0 0 0 0 0 0 0 0 164 1199 1141 481 0 0 0 0 0 0 0 0 0 0 0 0 0 0 0 0 0 0 0 0 0 586 1616 2024 736 0 0 0 0 0 0 0 0 0 0 0 970 1442 1661 733 0 0 0 0 0 0 0 0 0 0 0 0 0 0 0 0 0 0 0 0 0 578 1903 1896 2008 372 0 0 0 0 0 0 0 0 0 26 1723 1773 1390 1017 0 0 0 0 0 0 0 0 0 0 0 0 0 0 0 0 0 0 0 0 0 479 1933 2614 2370 1165 0 0 0 0 0 0 0 0 0 0 1640 1592 1447 1065 0 0 0 0 0 0 0 0 0 0 0 0 0 0 0 0 0 0 0 0 0 164 1827 2608 2343 1294 0 0 0 0 0 0 0 0 0 0 584 1324 1223 309 0 0 0 0 0 0 0 0 0 0 0 0 0 0 0 0 0 0 0 0 0 0 622 1968 1794 46 0 0 0 0 0 0 0 0 0 0 0 170 138 0 0 0 0 0 0 0 0 0 0 0 0 0 0 0 0 0 0 0 0 0 0 0 0 0 48 0 0 0 0 0 0 0 0 0 0 0 0 0 0 0 0 0 0 0 0 0 0 0 0 0 0 0 0 0 0 0 0 0 0 0 0 0 0 0 0 0 0 0 0 0 0 0 0 0 0 0 0 0 0 0 0 0 0 0 0 0 0 0 0 0 0 0 0 0 0 0 0 0 0 0 0 0 0 0 0 0 0 0 0 0 0 0 0 0 0 0 0 0 0 0 0 0 0 0 0 0 0 0 0 0 0 0 0 0 0 0 0 0 0 0 0 0 0 0 0 0 0 0 0 0 0 0 0 0 0 0 0 0 0 0 0 0 0 0 0 0 0 0 0 0 0 0 0 0 0 0 0 0 0 0 0 0 0 0 0 0 0 0 0 0 0 0 0 0 0 0 0 0 0 0 0 0 0 0 0 0 0 0 0 0 0 0 0 0 0 0 0 0 0 0 0 0 0 0 0 0 0 0 0 0 0 0 0 0 0 0 0 0 0 0 0 0 0 0 0 0 0 0 0 0 0 0 0 0 0 0 0 0 0 0 0 0 0 0 0 0 0 0 0 0 0 0 0 0 0 0 0 0 0 0 0 0 0 0 0 0 0 0 0 0 0 0 0 0 0 0 0 0 0 0 0 0 0 0 0 0 0 0 0 0 0 0 0 0 0 0 0 0 0 0 0 0 0 0 0 0 0 0 0 
[12:55:36:054] 0 0 0 0 0 0 0 0 0 0 0 0 0 0 0 0 0 0 0 0 0 0 0 0 0 0 0 0 0 0 0 0 0 0 0 0 0 0 0 0 0 0 0 0 0 0 0 0 0 0 0 0 0 0 0 0 0 0 0 0 0 0 0 0 0 0 0 0 0 0 0 0 0 0 0 0 0 0 0 0 0 0 0 0 0 0 0 0 0 0 0 0 0 0 0 0 0 0 0 0 0 0 0 0 0 0 0 0 0 0 0 0 0 0 0 0 0 0 0 0 0 0 0 0 0 0 0 0 0 0 0 0 0 0 0 0 0 0 0 0 0 0 0 0 0 0 0 0 0 0 0 0 0 0 0 0 0 0 0 0 0 0 0 0 0 0 0 0 0 0 0 0 0 0 0 0 0 0 0 0 0 0 0 0 0 0 0 0 0 0 0 0 0 0 0 0 0 0 0 0 0 0 0 0 0 0 0 0 0 0 0 0 0 0 0 0 0 0 0 0 0 0 0 0 0 0 0 0 0 0 0 0 0 0 0 0 0 0 0 0 0 0 0 0 0 0 0 0 0 0 0 0 0 0 0 0 0 0 0 0 0 0 0 0 0 0 0 0 0 0 0 0 0 0 0 0 0 0 0 0 0 0 0 0 0 0 0 0 0 0 0 0 0 0 0 0 0 0 0 0 0 0 0 0 0 0 0 0 0 0 0 0 0 0 0 0 0 0 0 0 0 0 0 0 0 0 0 0 0 0 0 0 0 0 0 0 0 0 0 0 0 0 0 0 0 0 0 0 0 0 0 0 0 0 0 0 0 0 0 0 0 0 0 0 0 0 0 0 0 0 0 0 0 0 0 0 0 0 0 0 0 0 0 0 0 0 0 0 0 70 0 0 0 0 0 0 0 0 0 0 0 0 0 0 0 0 0 0 32 2 664 1067 0 0 0 0 0 0 0 0 0 0 0 0 0 0 0 0 515 939 248 238 25 0 0 0 0 0 0 0 0 0 0 0 0 0 0 60 260 0 606 1633 406 0 0 0 0 0 0 0 0 0 0 0 0 0 0 0 995 1209 198 507 212 0 0 0 0 0 0 0 0 0 0 0 0 0 0 118 52 21 97 355 186 0 0 0 0 0 0 0 0 0 0 0 0 0 0 0 116 238 41 16 291 47 19 0 0 0 0 0 0 0 0 0 0 0 0 18 32 384 338 624 698 0 0 0 0 0 0 0 0 0 0 0 0 0 0 0 687 1211 821 623 327 179 279 0 0 0 0 0 0 0 0 0 0 0 0 62 312 1381 1339 1319 1294 438 0 0 0 0 0 0 0 0 0 0 0 0 0 71 1219 965 1566 1197 1104 65 19 0 0 0 0 0 0 0 0 0 0 0 0 290 1002 1416 1680 1330 1494 910 0 0 0 0 0 0 0 0 0 0 0 0 0 32 1377 1540 1332 1459 1288 697 1 0 0 0 0 0 0 0 0 0 0 0 0 404 953 1684 1485 1276 1302 785 0 0 0 0 0 0 0 0 0 0 0 0 0 57 527 983 1388 1495 1407 1559 205 0 0 0 0 0 0 0 0 0 0 0 0 631 1058 1368 1129 893 722 48 0 0 0 0 0 0 0 0 0 0 0 0 0 0 3 479 558 833 1316 1247 869 0 0 0 0 0 0 0 0 0 0 0 0 622 991 762 545 59 28 0 0 0 0 0 0 0 0 0 0 0 0 0 0 0 0 3 92 869 1092 1325 901 0 0 0 0 0 0 0 0 0 0 0 0 99 315 547 156 5 0 16 0 0 0 0 0 0 0 0 0 0 0 0 0 0 0 0 24 398 681 871 413 0 0 0 0 0 0 0 0 0 0 0 0 0 74 74 72 22 32 0 0 0 0 0 0 0 0 0 0 0 0 0 0 0 0 0 0 267 450 593 0 0 0 0 0 0 0 0 0 0 0 0 0 0 1 77 55 40 0 0 0 0 0 0 0 0 0 0 0 0 0 0 0 0 0 0 0 81 459 283 0 0 0 0 0 0 0 0 0 0 0 0 0 0 0 0 73 68 0 0 0 0 0 0 0 0 0 0 0 0 0 0 0 0 0 0 0 74 158 0 0 0 0 0 0 0 0 0 0 0 0 0 0 0 0 105 56 8 0 0 0 0 0 0 0 0 0 0 0 0 0 0 0 0 0 0 0 36 22 0 0 0 0 0 0 0 0 0 0 0 0 0 0 0 0 0 4 0 0 0 0 0 0 0 0 0 0 0 0 0 0 0 0 0 0 30 32 30 0 0 0 0 0 0 0 0 0 0 0 0 0 0 0 0 0 0 0 0 58 148 24 0 0 0 0 0 0 0 0 0 0 0 0 0 167 361 178 0 0 0 0 0 0 0 0 0 0 0 0 0 0 0 0 0 0 0 0 0 220 1009 728 14 0 0 0 0 0 0 0 0 0 0 0 164 1199 1141 481 0 0 0 0 0 0 0 0 0 0 0 0 0 0 0 0 0 0 0 0 0 586 1616 2024 736 0 0 0 0 0 0 0 0 0 0 0 970 1442 1661 733 0 0 0 0 0 0 0 0 0 0 0 0 0 0 0 0 0 0 0 0 0 578 1903 1896 2008 372 0 0 0 0 0 0 0 0 0 26 1723 1773 1390 1017 0 0 0 0 0 0 0 0 0 0 0 0 0 0 0 0 0 0 0 0 0 479 1933 2614 2370 1165 0 0 0 0 0 0 0 0 0 0 1640 1592 1447 1065 0 0 0 0 0 0 0 0 0 0 0 0 0 0 0 0 0 0 0 0 0 164 1827 2608 2343 1294 0 0 0 0 0 0 0 0 0 0 584 1324 1223 309 0 0 0 0 0 0 0 0 0 0 0 0 0 0 0 0 0 0 0 0 0 0 622 1968 1794 46 0 0 0 0 0 0 0 0 0 0 0 170 138 0 0 0 0 0 0 0 0 0 0 0 0 0 0 0 0 0 0 0 0 0 0 0 0 0 48 0 0 0 0 0 0 0 0 0 0 0 0 0 0 0 0 0 0 0 0 0 0 0 0 0 0 0 0 0 0 0 0 0 0 0 0 0 0 0 0 0 0 0 0 0 0 0 0 0 0 0 0 0 0 0 0 0 0 0 0 0 0 0 0 0 0 0 0 0 0 0 0 0 0 0 0 0 0 0 0 0 0 0 0 0 0 0 0 0 0 0 0 0 0 0 0 0 0 0 0 0 0 0 0 0 0 0 0 0 0 0 0 0 0 0 0 0 0 0 0 0 0 0 0 0 0 0 0 0 0 0 0 0 0 0 0 0 0 0 0 0 0 0 0 0 0 0 0 0 0 0 0 0 0 0 0 0 0 0 0 0 0 0 0 0 0 0 0 0 0 0 0 0 0 0 0 0 0 0 0 0 0 0 0 0 0 0 0 0 0 0 0 0 0 0 0 0 0 0 0 0 0 0 0 0 0 0 0 0 0 0 0 0 0 0 0 0 0 0 0 0 0 0 0 0 0 0 0 0 0 0 0 0 0 0 0 0 0 0 0 0 0 0 0 0 0 0 0 0 0 0 0 0 0 0 0 0 0 0 0 0 0 0 0 0 0 0 0 0 0 0 0 0 0 0 0 0 0 0 0 0 0 0 0 0 0 0 0 0 0 0 0 0 0 0 0 0 0 0 0 0 0 0 0 
[12:55:36:179] 0 0 0 0 0 0 0 0 0 0 0 0 0 0 0 0 0 0 0 0 0 0 0 0 0 0 0 0 0 0 0 0 0 0 0 0 0 0 0 0 0 0 0 0 0 0 0 0 0 0 0 0 0 0 0 0 0 0 0 0 0 0 0 0 0 0 0 0 0 0 0 0 0 0 0 0 0 0 0 0 0 0 0 0 0 0 0 0 0 0 0 0 0 0 0 0 0 0 0 0 0 0 0 0 0 0 0 0 0 0 0 0 0 0 0 0 0 0 0 0 0 0 0 0 0 0 0 0 0 0 0 0 0 0 0 0 0 0 0 0 0 0 0 0 0 0 0 0 0 0 0 0 0 0 0 0 0 0 0 0 0 0 0 0 0 0 0 0 0 0 0 0 0 0 0 0 0 0 0 0 0 0 0 0 0 0 0 0 0 0 0 0 0 0 0 0 0 0 0 0 0 0 0 0 0 0 0 0 0 0 0 0 0 0 0 0 0 0 0 0 0 0 0 0 0 0 0 0 0 0 0 0 0 0 0 0 0 0 0 0 0 0 0 0 0 0 0 0 0 0 0 0 0 0 0 0 0 0 0 0 0 0 0 0 0 0 0 0 0 0 0 0 0 0 0 0 0 0 0 0 0 0 0 0 0 0 0 0 0 0 0 0 0 0 0 0 0 0 0 0 0 0 0 0 0 0 0 0 0 0 0 0 0 0 0 0 0 0 0 0 0 0 0 0 0 0 0 0 0 0 0 0 0 0 0 0 0 0 0 0 0 0 0 0 0 0 0 0 0 0 0 0 0 0 0 0 0 0 0 0 0 0 0 0 0 0 0 0 0 0 0 0 0 0 0 0 0 0 0 0 0 0 0 0 0 0 0 0 0 70 0 0 0 0 0 0 0 0 0 0 0 0 0 0 0 0 0 0 32 2 664 1067 0 0 0 0 0 0 0 0 0 0 0 0 0 0 0 0 515 939 248 238 25 0 0 0 0 0 0 0 0 0 0 0 0 0 0 60 260 0 606 1633 406 0 0 0 0 0 0 0 0 0 0 0 0 0 0 0 995 1209 198 507 212 0 0 0 0 0 0 0 0 0 0 0 0 0 0 118 52 21 97 355 186 0 0 0 0 0 0 0 0 0 0 0 0 0 0 0 116 238 41 16 291 47 19 0 0 0 0 0 0 0 0 0 0 0 0 18 32 384 338 624 698 0 0 0 0 0 0 0 0 0 0 0 0 0 0 0 687 1211 821 623 327 179 279 0 0 0 0 0 0 0 0 0 0 0 0 62 312 1381 1339 1319 1294 438 0 0 0 0 0 0 0 0 0 0 0 0 0 71 1219 965 1566 1197 1104 65 19 0 0 0 0 0 0 0 0 0 0 0 0 290 1002 1416 1680 1330 1494 910 0 0 0 0 0 0 0 0 0 0 0 0 0 32 1377 1540 1332 1459 1288 697 1 0 0 0 0 0 0 0 0 0 0 0 0 404 953 1684 1485 1276 1302 785 0 0 0 0 0 0 0 0 0 0 0 0 0 57 527 983 1388 1495 1407 1559 205 0 0 0 0 0 0 0 0 0 0 0 0 631 1058 1368 1129 893 722 48 0 0 0 0 0 0 0 0 0 0 0 0 0 0 3 479 558 833 1316 1247 869 0 0 0 0 0 0 0 0 0 0 0 0 622 991 762 545 59 28 0 0 0 0 0 0 0 0 0 0 0 0 0 0 0 0 3 92 869 1092 1325 901 0 0 0 0 0 0 0 0 0 0 0 0 99 315 547 156 5 0 16 0 0 0 0 0 0 0 0 0 0 0 0 0 0 0 0 24 398 681 871 413 0 0 0 0 0 0 0 0 0 0 0 0 0 74 74 72 22 32 0 0 0 0 0 0 0 0 0 0 0 0 0 0 0 0 0 0 267 450 593 0 0 0 0 0 0 0 0 0 0 0 0 0 0 1 77 55 40 0 0 0 0 0 0 0 0 0 0 0 0 0 0 0 0 0 0 0 81 459 283 0 0 0 0 0 0 0 0 0 0 0 0 0 0 0 0 73 68 0 0 0 0 0 0 0 0 0 0 0 0 0 0 0 0 0 0 0 74 158 0 0 0 0 0 0 0 0 0 0 0 0 0 0 0 0 105 56 8 0 0 0 0 0 0 0 0 0 0 0 0 0 0 0 0 0 0 0 36 22 0 0 0 0 0 0 0 0 0 0 0 0 0 0 0 0 0 4 0 0 0 0 0 0 0 0 0 0 0 0 0 0 0 0 0 0 30 32 30 0 0 0 0 0 0 0 0 0 0 0 0 0 0 0 0 0 0 0 0 58 148 24 0 0 0 0 0 0 0 0 0 0 0 0 0 167 361 178 0 0 0 0 0 0 0 0 0 0 0 0 0 0 0 0 0 0 0 0 0 220 1009 728 14 0 0 0 0 0 0 0 0 0 0 0 164 1199 1141 481 0 0 0 0 0 0 0 0 0 0 0 0 0 0 0 0 0 0 0 0 0 586 1616 2024 736 0 0 0 0 0 0 0 0 0 0 0 970 1442 1661 733 0 0 0 0 0 0 0 0 0 0 0 0 0 0 0 0 0 0 0 0 0 578 1903 1896 2008 372 0 0 0 0 0 0 0 0 0 26 1723 1773 1390 1017 0 0 0 0 0 0 0 0 0 0 0 0 0 0 0 0 0 0 0 0 0 479 1933 2614 2370 1165 0 0 0 0 0 0 0 0 0 0 1640 1592 1447 1065 0 0 0 0 0 0 0 0 0 0 0 0 0 0 0 0 0 0 0 0 0 164 1827 2608 2343 1294 0 0 0 0 0 0 0 0 0 0 584 1324 1223 309 0 0 0 0 0 0 0 0 0 0 0 0 0 0 0 0 0 0 0 0 0 0 622 1968 1794 46 0 0 0 0 0 0 0 0 0 0 0 170 138 0 0 0 0 0 0 0 0 0 0 0 0 0 0 0 0 0 0 0 0 0 0 0 0 0 48 0 0 0 0 0 0 0 0 0 0 0 0 0 0 0 0 0 0 0 0 0 0 0 0 0 0 0 0 0 0 0 0 0 0 0 0 0 0 0 0 0 0 0 0 0 0 0 0 0 0 0 0 0 0 0 0 0 0 0 0 0 0 0 0 0 0 0 0 0 0 0 0 0 0 0 0 0 0 0 0 0 0 0 0 0 0 0 0 0 0 0 0 0 0 0 0 0 0 0 0 0 0 0 0 0 0 0 0 0 0 0 0 0 0 0 0 0 0 0 0 0 0 0 0 0 0 0 0 0 0 0 0 0 0 0 0 0 0 0 0 0 0 0 0 0 0 0 0 0 0 0 0 0 0 0 0 0 0 0 0 0 0 0 0 0 0 0 0 0 0 0 0 0 0 0 0 0 0 0 0 0 0 0 0 0 0 0 0 0 0 0 0 0 0 0 0 0 0 0 0 0 0 0 0 0 0 0 0 0 0 0 0 0 0 0 0 0 0 0 0 0 0 0 0 0 0 0 0 0 0 0 0 0 0 0 0 0 0 0 0 0 0 0 0 0 0 0 0 0 0 0 0 0 0 0 0 0 0 0 0 0 0 0 0 0 0 0 0 0 0 0 0 0 0 0 0 0 0 0 0 0 0 0 0 0 0 0 0 0 0 0 0 0 0 0 0 0 0 0 0 0 0 0 0 
[12:55:36:305] 0 0 0 0 0 0 0 0 0 0 0 0 0 0 0 0 0 0 0 0 0 0 0 0 0 0 0 0 0 0 0 0 0 0 0 0 0 0 0 0 0 0 0 0 0 0 0 0 0 0 0 0 0 0 0 0 0 0 0 0 0 0 0 0 0 0 0 0 0 0 0 0 0 0 0 0 0 0 0 0 0 0 0 0 0 0 0 0 0 0 0 0 0 0 0 0 0 0 0 0 0 0 0 0 0 0 0 0 0 0 0 0 0 0 0 0 0 0 0 0 0 0 0 0 0 0 0 0 0 0 0 0 0 0 0 0 0 0 0 0 0 0 0 0 0 0 0 0 0 0 0 0 0 0 0 0 0 0 0 0 0 0 0 0 0 0 0 0 0 0 0 0 0 0 0 0 0 0 0 0 0 0 0 0 0 0 0 0 0 0 0 0 0 0 0 0 0 0 0 0 0 0 0 0 0 0 0 0 0 0 0 0 0 0 0 0 0 0 0 0 0 0 0 0 0 0 0 0 0 0 0 0 0 0 0 0 0 0 0 0 0 0 0 0 0 0 0 0 0 0 0 0 0 0 0 0 0 0 0 0 0 0 0 0 0 0 0 0 0 0 0 0 0 0 0 0 0 0 0 0 0 0 0 0 0 0 0 0 0 0 0 0 0 0 0 0 0 0 0 0 0 0 0 0 0 0 0 0 0 0 0 0 0 0 0 0 0 0 0 0 0 0 0 0 0 0 0 0 0 0 0 0 0 0 0 0 0 0 0 0 0 0 0 0 0 0 0 0 0 0 0 0 0 0 0 0 0 0 0 0 0 0 0 0 0 0 0 0 0 0 0 0 0 0 0 0 0 0 0 0 0 0 0 0 0 0 0 0 0 70 0 0 0 0 0 0 0 0 0 0 0 0 0 0 0 0 0 0 32 2 664 1067 0 0 0 0 0 0 0 0 0 0 0 0 0 0 0 0 515 939 248 238 25 0 0 0 0 0 0 0 0 0 0 0 0 0 0 60 260 0 606 1633 406 0 0 0 0 0 0 0 0 0 0 0 0 0 0 0 995 1209 198 507 212 0 0 0 0 0 0 0 0 0 0 0 0 0 0 118 52 21 97 355 186 0 0 0 0 0 0 0 0 0 0 0 0 0 0 0 116 238 41 16 291 47 19 0 0 0 0 0 0 0 0 0 0 0 0 18 32 384 338 624 698 0 0 0 0 0 0 0 0 0 0 0 0 0 0 0 687 1211 821 623 327 179 279 0 0 0 0 0 0 0 0 0 0 0 0 62 312 1381 1339 1319 1294 438 0 0 0 0 0 0 0 0 0 0 0 0 0 71 1219 965 1566 1197 1104 65 19 0 0 0 0 0 0 0 0 0 0 0 0 290 1002 1416 1680 1330 1494 910 0 0 0 0 0 0 0 0 0 0 0 0 0 32 1377 1540 1332 1459 1288 697 1 0 0 0 0 0 0 0 0 0 0 0 0 404 953 1684 1485 1276 1302 785 0 0 0 0 0 0 0 0 0 0 0 0 0 57 527 983 1388 1495 1407 1559 205 0 0 0 0 0 0 0 0 0 0 0 0 631 1058 1368 1129 893 722 48 0 0 0 0 0 0 0 0 0 0 0 0 0 0 3 479 558 833 1316 1247 869 0 0 0 0 0 0 0 0 0 0 0 0 622 991 762 545 59 28 0 0 0 0 0 0 0 0 0 0 0 0 0 0 0 0 3 92 869 1092 1325 901 0 0 0 0 0 0 0 0 0 0 0 0 99 315 547 156 5 0 16 0 0 0 0 0 0 0 0 0 0 0 0 0 0 0 0 24 398 681 871 413 0 0 0 0 0 0 0 0 0 0 0 0 0 74 74 72 22 32 0 0 0 0 0 0 0 0 0 0 0 0 0 0 0 0 0 0 267 450 593 0 0 0 0 0 0 0 0 0 0 0 0 0 0 1 77 55 40 0 0 0 0 0 0 0 0 0 0 0 0 0 0 0 0 0 0 0 81 459 283 0 0 0 0 0 0 0 0 0 0 0 0 0 0 0 0 73 68 0 0 0 0 0 0 0 0 0 0 0 0 0 0 0 0 0 0 0 74 158 0 0 0 0 0 0 0 0 0 0 0 0 0 0 0 0 105 56 8 0 0 0 0 0 0 0 0 0 0 0 0 0 0 0 0 0 0 0 36 22 0 0 0 0 0 0 0 0 0 0 0 0 0 0 0 0 0 4 0 0 0 0 0 0 0 0 0 0 0 0 0 0 0 0 0 0 30 32 30 0 0 0 0 0 0 0 0 0 0 0 0 0 0 0 0 0 0 0 0 58 148 24 0 0 0 0 0 0 0 0 0 0 0 0 0 167 361 178 0 0 0 0 0 0 0 0 0 0 0 0 0 0 0 0 0 0 0 0 0 220 1009 728 14 0 0 0 0 0 0 0 0 0 0 0 164 1199 1141 481 0 0 0 0 0 0 0 0 0 0 0 0 0 0 0 0 0 0 0 0 0 586 1616 2024 736 0 0 0 0 0 0 0 0 0 0 0 970 1442 1661 733 0 0 0 0 0 0 0 0 0 0 0 0 0 0 0 0 0 0 0 0 0 578 1903 1896 2008 372 0 0 0 0 0 0 0 0 0 26 1723 1773 1390 1017 0 0 0 0 0 0 0 0 0 0 0 0 0 0 0 0 0 0 0 0 0 479 1933 2614 2370 1165 0 0 0 0 0 0 0 0 0 0 1640 1592 1447 1065 0 0 0 0 0 0 0 0 0 0 0 0 0 0 0 0 0 0 0 0 0 164 1827 2608 2343 1294 0 0 0 0 0 0 0 0 0 0 584 1324 1223 309 0 0 0 0 0 0 0 0 0 0 0 0 0 0 0 0 0 0 0 0 0 0 622 1968 1794 46 0 0 0 0 0 0 0 0 0 0 0 170 138 0 0 0 0 0 0 0 0 0 0 0 0 0 0 0 0 0 0 0 0 0 0 0 0 0 48 0 0 0 0 0 0 0 0 0 0 0 0 0 0 0 0 0 0 0 0 0 0 0 0 0 0 0 0 0 0 0 0 0 0 0 0 0 0 0 0 0 0 0 0 0 0 0 0 0 0 0 0 0 0 0 0 0 0 0 0 0 0 0 0 0 0 0 0 0 0 0 0 0 0 0 0 0 0 0 0 0 0 0 0 0 0 0 0 0 0 0 0 0 0 0 0 0 0 0 0 0 0 0 0 0 0 0 0 0 0 0 0 0 0 0 0 0 0 0 0 0 0 0 0 0 0 0 0 0 0 0 0 0 0 0 0 0 0 0 0 0 0 0 0 0 0 0 0 0 0 0 0 0 0 0 0 0 0 0 0 0 0 0 0 0 0 0 0 0 0 0 0 0 0 0 0 0 0 0 0 0 0 0 0 0 0 0 0 0 0 0 0 0 0 0 0 0 0 0 0 0 0 0 0 0 0 0 0 0 0 0 0 0 0 0 0 0 0 0 0 0 0 0 0 0 0 0 0 0 0 0 0 0 0 0 0 0 0 0 0 0 0 0 0 0 0 0 0 0 0 0 0 0 0 0 0 0 0 0 0 0 0 0 0 0 0 0 0 0 0 0 0 0 0 0 0 0 0 0 0 0 0 0 0 0 0 0 0 0 0 0 0 0 0 0 0 0 0 0 0 0 0 0 0 
[12:55:36:432] 0 0 0 0 0 0 0 0 0 0 0 0 0 0 0 0 0 0 0 0 0 0 0 0 0 0 0 0 0 0 0 0 0 0 0 0 0 0 0 0 0 0 0 0 0 0 0 0 0 0 0 0 0 0 0 0 0 0 0 0 0 0 0 0 0 0 0 0 0 0 0 0 0 0 0 0 0 0 0 0 0 0 0 0 0 0 0 0 0 0 0 0 0 0 0 0 0 0 0 0 0 0 0 0 0 0 0 0 0 0 0 0 0 0 0 0 0 0 0 0 0 0 0 0 0 0 0 0 0 0 0 0 0 0 0 0 0 0 0 0 0 0 0 0 0 0 0 0 0 0 0 0 0 0 0 0 0 0 0 0 0 0 0 0 0 0 0 0 0 0 0 0 0 0 0 0 0 0 0 0 0 0 0 0 0 0 0 0 0 0 0 0 0 0 0 0 0 0 0 0 0 0 0 0 0 0 0 0 0 0 0 0 0 0 0 0 0 0 0 0 0 0 0 0 0 0 0 0 0 0 0 0 0 0 0 0 0 0 0 0 0 0 0 0 0 0 0 0 0 0 0 0 0 0 0 0 0 0 0 0 0 0 0 0 0 0 0 0 0 0 0 0 0 0 0 0 0 0 0 0 0 0 0 0 0 0 0 0 0 0 0 0 0 0 0 0 0 0 0 0 0 0 0 0 0 0 0 0 0 0 0 0 0 0 0 0 0 0 0 0 0 0 0 0 0 0 0 0 0 0 0 0 0 0 0 0 0 0 0 0 0 0 0 0 0 0 0 0 0 0 0 0 0 0 0 0 0 0 0 0 0 0 0 0 0 0 0 0 0 0 0 0 0 0 0 0 0 0 0 0 0 0 0 0 0 0 0 0 0 70 0 0 0 0 0 0 0 0 0 0 0 0 0 0 0 0 0 0 32 2 664 1067 0 0 0 0 0 0 0 0 0 0 0 0 0 0 0 0 515 939 248 238 25 0 0 0 0 0 0 0 0 0 0 0 0 0 0 60 260 0 606 1633 406 0 0 0 0 0 0 0 0 0 0 0 0 0 0 0 995 1209 198 507 212 0 0 0 0 0 0 0 0 0 0 0 0 0 0 118 52 21 97 355 186 0 0 0 0 0 0 0 0 0 0 0 0 0 0 0 116 238 41 16 291 47 19 0 0 0 0 0 0 0 0 0 0 0 0 18 32 384 338 624 698 0 0 0 0 0 0 0 0 0 0 0 0 0 0 0 687 1211 821 623 327 179 279 0 0 0 0 0 0 0 0 0 0 0 0 62 312 1381 1339 1319 1294 438 0 0 0 0 0 0 0 0 0 0 0 0 0 71 1219 965 1566 1197 1104 65 19 0 0 0 0 0 0 0 0 0 0 0 0 290 1002 1416 1680 1330 1494 910 0 0 0 0 0 0 0 0 0 0 0 0 0 32 1377 1540 1332 1459 1288 697 1 0 0 0 0 0 0 0 0 0 0 0 0 404 953 1684 1485 1276 1302 785 0 0 0 0 0 0 0 0 0 0 0 0 0 57 527 983 1388 1495 1407 1559 205 0 0 0 0 0 0 0 0 0 0 0 0 631 1058 1368 1129 893 722 48 0 0 0 0 0 0 0 0 0 0 0 0 0 0 3 479 558 833 1316 1247 869 0 0 0 0 0 0 0 0 0 0 0 0 622 991 762 545 59 28 0 0 0 0 0 0 0 0 0 0 0 0 0 0 0 0 3 92 869 1092 1325 901 0 0 0 0 0 0 0 0 0 0 0 0 99 315 547 156 5 0 16 0 0 0 0 0 0 0 0 0 0 0 0 0 0 0 0 24 398 681 871 413 0 0 0 0 0 0 0 0 0 0 0 0 0 74 74 72 22 32 0 0 0 0 0 0 0 0 0 0 0 0 0 0 0 0 0 0 267 450 593 0 0 0 0 0 0 0 0 0 0 0 0 0 0 1 77 55 40 0 0 0 0 0 0 0 0 0 0 0 0 0 0 0 0 0 0 0 81 459 283 0 0 0 0 0 0 0 0 0 0 0 0 0 0 0 0 73 68 0 0 0 0 0 0 0 0 0 0 0 0 0 0 0 0 0 0 0 74 158 0 0 0 0 0 0 0 0 0 0 0 0 0 0 0 0 105 56 8 0 0 0 0 0 0 0 0 0 0 0 0 0 0 0 0 0 0 0 36 22 0 0 0 0 0 0 0 0 0 0 0 0 0 0 0 0 0 4 0 0 0 0 0 0 0 0 0 0 0 0 0 0 0 0 0 0 30 32 30 0 0 0 0 0 0 0 0 0 0 0 0 0 0 0 0 0 0 0 0 58 148 24 0 0 0 0 0 0 0 0 0 0 0 0 0 167 361 178 0 0 0 0 0 0 0 0 0 0 0 0 0 0 0 0 0 0 0 0 0 220 1009 728 14 0 0 0 0 0 0 0 0 0 0 0 164 1199 1141 481 0 0 0 0 0 0 0 0 0 0 0 0 0 0 0 0 0 0 0 0 0 586 1616 2024 736 0 0 0 0 0 0 0 0 0 0 0 970 1442 1661 733 0 0 0 0 0 0 0 0 0 0 0 0 0 0 0 0 0 0 0 0 0 578 1903 1896 2008 372 0 0 0 0 0 0 0 0 0 26 1723 1773 1390 1017 0 0 0 0 0 0 0 0 0 0 0 0 0 0 0 0 0 0 0 0 0 479 1933 2614 2370 1165 0 0 0 0 0 0 0 0 0 0 1640 1592 1447 1065 0 0 0 0 0 0 0 0 0 0 0 0 0 0 0 0 0 0 0 0 0 164 1827 2608 2343 1294 0 0 0 0 0 0 0 0 0 0 584 1324 1223 309 0 0 0 0 0 0 0 0 0 0 0 0 0 0 0 0 0 0 0 0 0 0 622 1968 1794 46 0 0 0 0 0 0 0 0 0 0 0 170 138 0 0 0 0 0 0 0 0 0 0 0 0 0 0 0 0 0 0 0 0 0 0 0 0 0 48 0 0 0 0 0 0 0 0 0 0 0 0 0 0 0 0 0 0 0 0 0 0 0 0 0 0 0 0 0 0 0 0 0 0 0 0 0 0 0 0 0 0 0 0 0 0 0 0 0 0 0 0 0 0 0 0 0 0 0 0 0 0 0 0 0 0 0 0 0 0 0 0 0 0 0 0 0 0 0 0 0 0 0 0 0 0 0 0 0 0 0 0 0 0 0 0 0 0 0 0 0 0 0 0 0 0 0 0 0 0 0 0 0 0 0 0 0 0 0 0 0 0 0 0 0 0 0 0 0 0 0 0 0 0 0 0 0 0 0 0 0 0 0 0 0 0 0 0 0 0 0 0 0 0 0 0 0 0 0 0 0 0 0 0 0 0 0 0 0 0 0 0 0 0 0 0 0 0 0 0 0 0 0 0 0 0 0 0 0 0 0 0 0 0 0 0 0 0 0 0 0 0 0 0 0 0 0 0 0 0 0 0 0 0 0 0 0 0 0 0 0 0 0 0 0 0 0 0 0 0 0 0 0 0 0 0 0 0 0 0 0 0 0 0 0 0 0 0 0 0 0 0 0 0 0 0 0 0 0 0 0 0 0 0 0 0 0 0 0 0 0 0 0 0 0 0 0 0 0 0 0 0 0 0 0 0 0 0 0 0 0 0 0 0 0 0 0 0 0 0 0 0 0 0 
[12:55:36:554] 0 0 0 0 0 0 0 0 0 0 0 0 0 0 0 0 0 0 0 0 0 0 0 0 0 0 0 0 0 0 0 0 0 0 0 0 0 0 0 0 0 0 0 0 0 0 0 0 0 0 0 0 0 0 0 0 0 0 0 0 0 0 0 0 0 0 0 0 0 0 0 0 0 0 0 0 0 0 0 0 0 0 0 0 0 0 0 0 0 0 0 0 0 0 0 0 0 0 0 0 0 0 0 0 0 0 0 0 0 0 0 0 0 0 0 0 0 0 0 0 0 0 0 0 0 0 0 0 0 0 0 0 0 0 0 0 0 0 0 0 0 0 0 0 0 0 0 0 0 0 0 0 0 0 0 0 0 0 0 0 0 0 0 0 0 0 0 0 0 0 0 0 0 0 0 0 0 0 0 0 0 0 0 0 0 0 0 0 0 0 0 0 0 0 0 0 0 0 0 0 0 0 0 0 0 0 0 0 0 0 0 0 0 0 0 0 0 0 0 0 0 0 0 0 0 0 0 0 0 0 0 0 0 0 0 0 0 0 0 0 0 0 0 0 0 0 0 0 0 0 0 0 0 0 0 0 0 0 0 0 0 0 0 0 0 0 0 0 0 0 0 0 0 0 0 0 0 0 0 0 0 0 0 0 0 0 0 0 0 0 0 0 0 0 0 0 0 0 0 0 0 0 0 0 0 0 0 0 0 0 0 0 0 0 0 0 0 0 0 0 0 0 0 0 0 0 0 0 0 0 0 0 0 0 0 0 0 0 0 0 0 0 0 0 0 0 0 0 0 0 0 0 0 0 0 0 0 0 0 0 0 0 0 0 0 0 0 0 0 0 0 0 0 0 0 0 0 0 0 0 0 0 0 0 0 0 0 0 0 70 0 0 0 0 0 0 0 0 0 0 0 0 0 0 0 0 0 0 32 2 664 1067 0 0 0 0 0 0 0 0 0 0 0 0 0 0 0 0 515 939 248 238 25 0 0 0 0 0 0 0 0 0 0 0 0 0 0 60 260 0 606 1633 406 0 0 0 0 0 0 0 0 0 0 0 0 0 0 0 995 1209 198 507 212 0 0 0 0 0 0 0 0 0 0 0 0 0 0 118 52 21 97 355 186 0 0 0 0 0 0 0 0 0 0 0 0 0 0 0 116 238 41 16 291 47 19 0 0 0 0 0 0 0 0 0 0 0 0 18 32 384 338 624 698 0 0 0 0 0 0 0 0 0 0 0 0 0 0 0 687 1211 821 623 327 179 279 0 0 0 0 0 0 0 0 0 0 0 0 62 312 1381 1339 1319 1294 438 0 0 0 0 0 0 0 0 0 0 0 0 0 71 1219 965 1566 1197 1104 65 19 0 0 0 0 0 0 0 0 0 0 0 0 290 1002 1416 1680 1330 1494 910 0 0 0 0 0 0 0 0 0 0 0 0 0 32 1377 1540 1332 1459 1288 697 1 0 0 0 0 0 0 0 0 0 0 0 0 404 953 1684 1485 1276 1302 785 0 0 0 0 0 0 0 0 0 0 0 0 0 57 527 983 1388 1495 1407 1559 205 0 0 0 0 0 0 0 0 0 0 0 0 631 1058 1368 1129 893 722 48 0 0 0 0 0 0 0 0 0 0 0 0 0 0 3 479 558 833 1316 1247 869 0 0 0 0 0 0 0 0 0 0 0 0 622 991 762 545 59 28 0 0 0 0 0 0 0 0 0 0 0 0 0 0 0 0 3 92 869 1092 1325 901 0 0 0 0 0 0 0 0 0 0 0 0 99 315 547 156 5 0 16 0 0 0 0 0 0 0 0 0 0 0 0 0 0 0 0 24 398 681 871 413 0 0 0 0 0 0 0 0 0 0 0 0 0 74 74 72 22 32 0 0 0 0 0 0 0 0 0 0 0 0 0 0 0 0 0 0 267 450 593 0 0 0 0 0 0 0 0 0 0 0 0 0 0 1 77 55 40 0 0 0 0 0 0 0 0 0 0 0 0 0 0 0 0 0 0 0 81 459 283 0 0 0 0 0 0 0 0 0 0 0 0 0 0 0 0 73 68 0 0 0 0 0 0 0 0 0 0 0 0 0 0 0 0 0 0 0 74 158 0 0 0 0 0 0 0 0 0 0 0 0 0 0 0 0 105 56 8 0 0 0 0 0 0 0 0 0 0 0 0 0 0 0 0 0 0 0 36 22 0 0 0 0 0 0 0 0 0 0 0 0 0 0 0 0 0 4 0 0 0 0 0 0 0 0 0 0 0 0 0 0 0 0 0 0 30 32 30 0 0 0 0 0 0 0 0 0 0 0 0 0 0 0 0 0 0 0 0 58 148 24 0 0 0 0 0 0 0 0 0 0 0 0 0 167 361 178 0 0 0 0 0 0 0 0 0 0 0 0 0 0 0 0 0 0 0 0 0 220 1009 728 14 0 0 0 0 0 0 0 0 0 0 0 164 1199 1141 481 0 0 0 0 0 0 0 0 0 0 0 0 0 0 0 0 0 0 0 0 0 586 1616 2024 736 0 0 0 0 0 0 0 0 0 0 0 970 1442 1661 733 0 0 0 0 0 0 0 0 0 0 0 0 0 0 0 0 0 0 0 0 0 578 1903 1896 2008 372 0 0 0 0 0 0 0 0 0 26 1723 1773 1390 1017 0 0 0 0 0 0 0 0 0 0 0 0 0 0 0 0 0 0 0 0 0 479 1933 2614 2370 1165 0 0 0 0 0 0 0 0 0 0 1640 1592 1447 1065 0 0 0 0 0 0 0 0 0 0 0 0 0 0 0 0 0 0 0 0 0 164 1827 2608 2343 1294 0 0 0 0 0 0 0 0 0 0 584 1324 1223 309 0 0 0 0 0 0 0 0 0 0 0 0 0 0 0 0 0 0 0 0 0 0 622 1968 1794 46 0 0 0 0 0 0 0 0 0 0 0 170 138 0 0 0 0 0 0 0 0 0 0 0 0 0 0 0 0 0 0 0 0 0 0 0 0 0 48 0 0 0 0 0 0 0 0 0 0 0 0 0 0 0 0 0 0 0 0 0 0 0 0 0 0 0 0 0 0 0 0 0 0 0 0 0 0 0 0 0 0 0 0 0 0 0 0 0 0 0 0 0 0 0 0 0 0 0 0 0 0 0 0 0 0 0 0 0 0 0 0 0 0 0 0 0 0 0 0 0 0 0 0 0 0 0 0 0 0 0 0 0 0 0 0 0 0 0 0 0 0 0 0 0 0 0 0 0 0 0 0 0 0 0 0 0 0 0 0 0 0 0 0 0 0 0 0 0 0 0 0 0 0 0 0 0 0 0 0 0 0 0 0 0 0 0 0 0 0 0 0 0 0 0 0 0 0 0 0 0 0 0 0 0 0 0 0 0 0 0 0 0 0 0 0 0 0 0 0 0 0 0 0 0 0 0 0 0 0 0 0 0 0 0 0 0 0 0 0 0 0 0 0 0 0 0 0 0 0 0 0 0 0 0 0 0 0 0 0 0 0 0 0 0 0 0 0 0 0 0 0 0 0 0 0 0 0 0 0 0 0 0 0 0 0 0 0 0 0 0 0 0 0 0 0 0 0 0 0 0 0 0 0 0 0 0 0 0 0 0 0 0 0 0 0 0 0 0 0 0 0 0 0 0 0 0 0 0 0 0 0 0 0 0 0 0 0 0 0 0 0 0 0 
[12:55:36:680] 0 0 0 0 0 0 0 0 0 0 0 0 0 0 0 0 0 0 0 0 0 0 0 0 0 0 0 0 0 0 0 0 0 0 0 0 0 0 0 0 0 0 0 0 0 0 0 0 0 0 0 0 0 0 0 0 0 0 0 0 0 0 0 0 0 0 0 0 0 0 0 0 0 0 0 0 0 0 0 0 0 0 0 0 0 0 0 0 0 0 0 0 0 0 0 0 0 0 0 0 0 0 0 0 0 0 0 0 0 0 0 0 0 0 0 0 0 0 0 0 0 0 0 0 0 0 0 0 0 0 0 0 0 0 0 0 0 0 0 0 0 0 0 0 0 0 0 0 0 0 0 0 0 0 0 0 0 0 0 0 0 0 0 0 0 0 0 0 0 0 0 0 0 0 0 0 0 0 0 0 0 0 0 0 0 0 0 0 0 0 0 0 0 0 0 0 0 0 0 0 0 0 0 0 0 0 0 0 0 0 0 0 0 0 0 0 0 0 0 0 0 0 0 0 0 0 0 0 0 0 0 0 0 0 0 0 0 0 0 0 0 0 0 0 0 0 0 0 0 0 0 0 0 0 0 0 0 0 0 0 0 0 0 0 0 0 0 0 0 0 0 0 0 0 0 0 0 0 0 0 0 0 0 0 0 0 0 0 0 0 0 0 0 0 0 0 0 0 0 0 0 0 0 0 0 0 0 0 0 0 0 0 0 0 0 0 0 0 0 0 0 0 0 0 0 0 0 0 0 0 0 0 0 0 0 0 0 0 0 0 0 0 0 0 0 0 0 0 0 0 0 0 0 0 0 0 0 0 0 0 0 0 0 0 0 0 0 0 0 0 0 0 0 0 0 0 0 0 0 0 0 0 0 0 0 0 0 0 0 70 0 0 0 0 0 0 0 0 0 0 0 0 0 0 0 0 0 0 32 2 664 1067 0 0 0 0 0 0 0 0 0 0 0 0 0 0 0 0 515 939 248 238 25 0 0 0 0 0 0 0 0 0 0 0 0 0 0 60 260 0 606 1633 406 0 0 0 0 0 0 0 0 0 0 0 0 0 0 0 995 1209 198 507 212 0 0 0 0 0 0 0 0 0 0 0 0 0 0 118 52 21 97 355 186 0 0 0 0 0 0 0 0 0 0 0 0 0 0 0 116 238 41 16 291 47 19 0 0 0 0 0 0 0 0 0 0 0 0 18 32 384 338 624 698 0 0 0 0 0 0 0 0 0 0 0 0 0 0 0 687 1211 821 623 327 179 279 0 0 0 0 0 0 0 0 0 0 0 0 62 312 1381 1339 1319 1294 438 0 0 0 0 0 0 0 0 0 0 0 0 0 71 1219 965 1566 1197 1104 65 19 0 0 0 0 0 0 0 0 0 0 0 0 290 1002 1416 1680 1330 1494 910 0 0 0 0 0 0 0 0 0 0 0 0 0 32 1377 1540 1332 1459 1288 697 1 0 0 0 0 0 0 0 0 0 0 0 0 404 953 1684 1485 1276 1302 785 0 0 0 0 0 0 0 0 0 0 0 0 0 57 527 983 1388 1495 1407 1559 205 0 0 0 0 0 0 0 0 0 0 0 0 631 1058 1368 1129 893 722 48 0 0 0 0 0 0 0 0 0 0 0 0 0 0 3 479 558 833 1316 1247 869 0 0 0 0 0 0 0 0 0 0 0 0 622 991 762 545 59 28 0 0 0 0 0 0 0 0 0 0 0 0 0 0 0 0 3 92 869 1092 1325 901 0 0 0 0 0 0 0 0 0 0 0 0 99 315 547 156 5 0 16 0 0 0 0 0 0 0 0 0 0 0 0 0 0 0 0 24 398 681 871 413 0 0 0 0 0 0 0 0 0 0 0 0 0 74 74 72 22 32 0 0 0 0 0 0 0 0 0 0 0 0 0 0 0 0 0 0 267 450 593 0 0 0 0 0 0 0 0 0 0 0 0 0 0 1 77 55 40 0 0 0 0 0 0 0 0 0 0 0 0 0 0 0 0 0 0 0 81 459 283 0 0 0 0 0 0 0 0 0 0 0 0 0 0 0 0 73 68 0 0 0 0 0 0 0 0 0 0 0 0 0 0 0 0 0 0 0 74 158 0 0 0 0 0 0 0 0 0 0 0 0 0 0 0 0 105 56 8 0 0 0 0 0 0 0 0 0 0 0 0 0 0 0 0 0 0 0 36 22 0 0 0 0 0 0 0 0 0 0 0 0 0 0 0 0 0 4 0 0 0 0 0 0 0 0 0 0 0 0 0 0 0 0 0 0 30 32 30 0 0 0 0 0 0 0 0 0 0 0 0 0 0 0 0 0 0 0 0 58 148 24 0 0 0 0 0 0 0 0 0 0 0 0 0 167 361 178 0 0 0 0 0 0 0 0 0 0 0 0 0 0 0 0 0 0 0 0 0 220 1009 728 14 0 0 0 0 0 0 0 0 0 0 0 164 1199 1141 481 0 0 0 0 0 0 0 0 0 0 0 0 0 0 0 0 0 0 0 0 0 586 1616 2024 736 0 0 0 0 0 0 0 0 0 0 0 970 1442 1661 733 0 0 0 0 0 0 0 0 0 0 0 0 0 0 0 0 0 0 0 0 0 578 1903 1896 2008 372 0 0 0 0 0 0 0 0 0 26 1723 1773 1390 1017 0 0 0 0 0 0 0 0 0 0 0 0 0 0 0 0 0 0 0 0 0 479 1933 2614 2370 1165 0 0 0 0 0 0 0 0 0 0 1640 1592 1447 1065 0 0 0 0 0 0 0 0 0 0 0 0 0 0 0 0 0 0 0 0 0 164 1827 2608 2343 1294 0 0 0 0 0 0 0 0 0 0 584 1324 1223 309 0 0 0 0 0 0 0 0 0 0 0 0 0 0 0 0 0 0 0 0 0 0 622 1968 1794 46 0 0 0 0 0 0 0 0 0 0 0 170 138 0 0 0 0 0 0 0 0 0 0 0 0 0 0 0 0 0 0 0 0 0 0 0 0 0 48 0 0 0 0 0 0 0 0 0 0 0 0 0 0 0 0 0 0 0 0 0 0 0 0 0 0 0 0 0 0 0 0 0 0 0 0 0 0 0 0 0 0 0 0 0 0 0 0 0 0 0 0 0 0 0 0 0 0 0 0 0 0 0 0 0 0 0 0 0 0 0 0 0 0 0 0 0 0 0 0 0 0 0 0 0 0 0 0 0 0 0 0 0 0 0 0 0 0 0 0 0 0 0 0 0 0 0 0 0 0 0 0 0 0 0 0 0 0 0 0 0 0 0 0 0 0 0 0 0 0 0 0 0 0 0 0 0 0 0 0 0 0 0 0 0 0 0 0 0 0 0 0 0 0 0 0 0 0 0 0 0 0 0 0 0 0 0 0 0 0 0 0 0 0 0 0 0 0 0 0 0 0 0 0 0 0 0 0 0 0 0 0 0 0 0 0 0 0 0 0 0 0 0 0 0 0 0 0 0 0 0 0 0 0 0 0 0 0 0 0 0 0 0 0 0 0 0 0 0 0 0 0 0 0 0 0 0 0 0 0 0 0 0 0 0 0 0 0 0 0 0 0 0 0 0 0 0 0 0 0 0 0 0 0 0 0 0 0 0 0 0 0 0 0 0 0 0 0 0 0 0 0 0 0 0 0 0 0 0 0 0 0 0 0 0 0 0 0 0 0 0 0 0 0 
[12:55:36:802] 0 0 0 0 0 0 0 0 0 0 0 0 0 0 0 0 0 0 0 0 0 0 0 0 0 0 0 0 0 0 0 0 0 0 0 0 0 0 0 0 0 0 0 0 0 0 0 0 0 0 0 0 0 0 0 0 0 0 0 0 0 0 0 0 0 0 0 0 0 0 0 0 0 0 0 0 0 0 0 0 0 0 0 0 0 0 0 0 0 0 0 0 0 0 0 0 0 0 0 0 0 0 0 0 0 0 0 0 0 0 0 0 0 0 0 0 0 0 0 0 0 0 0 0 0 0 0 0 0 0 0 0 0 0 0 0 0 0 0 0 0 0 0 0 0 0 0 0 0 0 0 0 0 0 0 0 0 0 0 0 0 0 0 0 0 0 0 0 0 0 0 0 0 0 0 0 0 0 0 0 0 0 0 0 0 0 0 0 0 0 0 0 0 0 0 0 0 0 0 0 0 0 0 0 0 0 0 0 0 0 0 0 0 0 0 0 0 0 0 0 0 0 0 0 0 0 0 0 0 0 0 0 0 0 0 0 0 0 0 0 0 0 0 0 0 0 0 0 0 0 0 0 0 0 0 0 0 0 0 0 0 0 0 0 0 0 0 0 0 0 0 0 0 0 0 0 0 0 0 0 0 0 0 0 0 0 0 0 0 0 0 0 0 0 0 0 0 0 0 0 0 0 0 0 0 0 0 0 0 0 0 0 0 0 0 0 0 0 0 0 0 0 0 0 0 0 0 0 0 0 0 0 0 0 0 0 0 0 0 0 0 0 0 0 0 0 0 0 0 0 0 0 0 0 0 0 0 0 0 0 0 0 0 0 0 0 0 0 0 0 0 0 0 0 0 0 0 0 0 0 0 0 0 0 0 0 0 0 0 70 0 0 0 0 0 0 0 0 0 0 0 0 0 0 0 0 0 0 32 2 664 1067 0 0 0 0 0 0 0 0 0 0 0 0 0 0 0 0 515 939 248 238 25 0 0 0 0 0 0 0 0 0 0 0 0 0 0 60 260 0 606 1633 406 0 0 0 0 0 0 0 0 0 0 0 0 0 0 0 995 1209 198 507 212 0 0 0 0 0 0 0 0 0 0 0 0 0 0 118 52 21 97 355 186 0 0 0 0 0 0 0 0 0 0 0 0 0 0 0 116 238 41 16 291 47 19 0 0 0 0 0 0 0 0 0 0 0 0 18 32 384 338 624 698 0 0 0 0 0 0 0 0 0 0 0 0 0 0 0 687 1211 821 623 327 179 279 0 0 0 0 0 0 0 0 0 0 0 0 62 312 1381 1339 1319 1294 438 0 0 0 0 0 0 0 0 0 0 0 0 0 71 1219 965 1566 1197 1104 65 19 0 0 0 0 0 0 0 0 0 0 0 0 290 1002 1416 1680 1330 1494 910 0 0 0 0 0 0 0 0 0 0 0 0 0 32 1377 1540 1332 1459 1288 697 1 0 0 0 0 0 0 0 0 0 0 0 0 404 953 1684 1485 1276 1302 785 0 0 0 0 0 0 0 0 0 0 0 0 0 57 527 983 1388 1495 1407 1559 205 0 0 0 0 0 0 0 0 0 0 0 0 631 1058 1368 1129 893 722 48 0 0 0 0 0 0 0 0 0 0 0 0 0 0 3 479 558 833 1316 1247 869 0 0 0 0 0 0 0 0 0 0 0 0 622 991 762 545 59 28 0 0 0 0 0 0 0 0 0 0 0 0 0 0 0 0 3 92 869 1092 1325 901 0 0 0 0 0 0 0 0 0 0 0 0 99 315 547 156 5 0 16 0 0 0 0 0 0 0 0 0 0 0 0 0 0 0 0 24 398 681 871 413 0 0 0 0 0 0 0 0 0 0 0 0 0 74 74 72 22 32 0 0 0 0 0 0 0 0 0 0 0 0 0 0 0 0 0 0 267 450 593 0 0 0 0 0 0 0 0 0 0 0 0 0 0 1 77 55 40 0 0 0 0 0 0 0 0 0 0 0 0 0 0 0 0 0 0 0 81 459 283 0 0 0 0 0 0 0 0 0 0 0 0 0 0 0 0 73 68 0 0 0 0 0 0 0 0 0 0 0 0 0 0 0 0 0 0 0 74 158 0 0 0 0 0 0 0 0 0 0 0 0 0 0 0 0 105 56 8 0 0 0 0 0 0 0 0 0 0 0 0 0 0 0 0 0 0 0 36 22 0 0 0 0 0 0 0 0 0 0 0 0 0 0 0 0 0 4 0 0 0 0 0 0 0 0 0 0 0 0 0 0 0 0 0 0 30 32 30 0 0 0 0 0 0 0 0 0 0 0 0 0 0 0 0 0 0 0 0 58 148 24 0 0 0 0 0 0 0 0 0 0 0 0 0 167 361 178 0 0 0 0 0 0 0 0 0 0 0 0 0 0 0 0 0 0 0 0 0 220 1009 728 14 0 0 0 0 0 0 0 0 0 0 0 164 1199 1141 481 0 0 0 0 0 0 0 0 0 0 0 0 0 0 0 0 0 0 0 0 0 586 1616 2024 736 0 0 0 0 0 0 0 0 0 0 0 970 1442 1661 733 0 0 0 0 0 0 0 0 0 0 0 0 0 0 0 0 0 0 0 0 0 578 1903 1896 2008 372 0 0 0 0 0 0 0 0 0 26 1723 1773 1390 1017 0 0 0 0 0 0 0 0 0 0 0 0 0 0 0 0 0 0 0 0 0 479 1933 2614 2370 1165 0 0 0 0 0 0 0 0 0 0 1640 1592 1447 1065 0 0 0 0 0 0 0 0 0 0 0 0 0 0 0 0 0 0 0 0 0 164 1827 2608 2343 1294 0 0 0 0 0 0 0 0 0 0 584 1324 1223 309 0 0 0 0 0 0 0 0 0 0 0 0 0 0 0 0 0 0 0 0 0 0 622 1968 1794 46 0 0 0 0 0 0 0 0 0 0 0 170 138 0 0 0 0 0 0 0 0 0 0 0 0 0 0 0 0 0 0 0 0 0 0 0 0 0 48 0 0 0 0 0 0 0 0 0 0 0 0 0 0 0 0 0 0 0 0 0 0 0 0 0 0 0 0 0 0 0 0 0 0 0 0 0 0 0 0 0 0 0 0 0 0 0 0 0 0 0 0 0 0 0 0 0 0 0 0 0 0 0 0 0 0 0 0 0 0 0 0 0 0 0 0 0 0 0 0 0 0 0 0 0 0 0 0 0 0 0 0 0 0 0 0 0 0 0 0 0 0 0 0 0 0 0 0 0 0 0 0 0 0 0 0 0 0 0 0 0 0 0 0 0 0 0 0 0 0 0 0 0 0 0 0 0 0 0 0 0 0 0 0 0 0 0 0 0 0 0 0 0 0 0 0 0 0 0 0 0 0 0 0 0 0 0 0 0 0 0 0 0 0 0 0 0 0 0 0 0 0 0 0 0 0 0 0 0 0 0 0 0 0 0 0 0 0 0 0 0 0 0 0 0 0 0 0 0 0 0 0 0 0 0 0 0 0 0 0 0 0 0 0 0 0 0 0 0 0 0 0 0 0 0 0 0 0 0 0 0 0 0 0 0 0 0 0 0 0 0 0 0 0 0 0 0 0 0 0 0 0 0 0 0 0 0 0 0 0 0 0 0 0 0 0 0 0 0 0 0 0 0 0 0 0 0 0 0 0 0 0 0 0 0 0 0 0 0 0 0 0 0 0 
[12:55:36:927] 0 0 0 0 0 0 0 0 0 0 0 0 0 0 0 0 0 0 0 0 0 0 0 0 0 0 0 0 0 0 0 0 0 0 0 0 0 0 0 0 0 0 0 0 0 0 0 0 0 0 0 0 0 0 0 0 0 0 0 0 0 0 0 0 0 0 0 0 0 0 0 0 0 0 0 0 0 0 0 0 0 0 0 0 0 0 0 0 0 0 0 0 0 0 0 0 0 0 0 0 0 0 0 0 0 0 0 0 0 0 0 0 0 0 0 0 0 0 0 0 0 0 0 0 0 0 0 0 0 0 0 0 0 0 0 0 0 0 0 0 0 0 0 0 0 0 0 0 0 0 0 0 0 0 0 0 0 0 0 0 0 0 0 0 0 0 0 0 0 0 0 0 0 0 0 0 0 0 0 0 0 0 0 0 0 0 0 0 0 0 0 0 0 0 0 0 0 0 0 0 0 0 0 0 0 0 0 0 0 0 0 0 0 0 0 0 0 0 0 0 0 0 0 0 0 0 0 0 0 0 0 0 0 0 0 0 0 0 0 0 0 0 0 0 0 0 0 0 0 0 0 0 0 0 0 0 0 0 0 0 0 0 0 0 0 0 0 0 0 0 0 0 0 0 0 0 0 0 0 0 0 0 0 0 0 0 0 0 0 0 0 0 0 0 0 0 0 0 0 0 0 0 0 0 0 0 0 0 0 0 0 0 0 0 0 0 0 0 0 0 0 0 0 0 0 0 0 0 0 0 0 0 0 0 0 0 0 0 0 0 0 0 0 0 0 0 0 0 0 0 0 0 0 0 0 0 0 0 0 0 0 0 0 0 0 0 0 0 0 0 0 0 0 0 0 0 0 0 0 0 0 0 0 0 0 0 0 0 0 70 0 0 0 0 0 0 0 0 0 0 0 0 0 0 0 0 0 0 32 2 664 1067 0 0 0 0 0 0 0 0 0 0 0 0 0 0 0 0 515 939 248 238 25 0 0 0 0 0 0 0 0 0 0 0 0 0 0 60 260 0 606 1633 406 0 0 0 0 0 0 0 0 0 0 0 0 0 0 0 995 1209 198 507 212 0 0 0 0 0 0 0 0 0 0 0 0 0 0 118 52 21 97 355 186 0 0 0 0 0 0 0 0 0 0 0 0 0 0 0 116 238 41 16 291 47 19 0 0 0 0 0 0 0 0 0 0 0 0 18 32 384 338 624 698 0 0 0 0 0 0 0 0 0 0 0 0 0 0 0 687 1211 821 623 327 179 279 0 0 0 0 0 0 0 0 0 0 0 0 62 312 1381 1339 1319 1294 438 0 0 0 0 0 0 0 0 0 0 0 0 0 71 1219 965 1566 1197 1104 65 19 0 0 0 0 0 0 0 0 0 0 0 0 290 1002 1416 1680 1330 1494 910 0 0 0 0 0 0 0 0 0 0 0 0 0 32 1377 1540 1332 1459 1288 697 1 0 0 0 0 0 0 0 0 0 0 0 0 404 953 1684 1485 1276 1302 785 0 0 0 0 0 0 0 0 0 0 0 0 0 57 527 983 1388 1495 1407 1559 205 0 0 0 0 0 0 0 0 0 0 0 0 631 1058 1368 1129 893 722 48 0 0 0 0 0 0 0 0 0 0 0 0 0 0 3 479 558 833 1316 1247 869 0 0 0 0 0 0 0 0 0 0 0 0 622 991 762 545 59 28 0 0 0 0 0 0 0 0 0 0 0 0 0 0 0 0 3 92 869 1092 1325 901 0 0 0 0 0 0 0 0 0 0 0 0 99 315 547 156 5 0 16 0 0 0 0 0 0 0 0 0 0 0 0 0 0 0 0 24 398 681 871 413 0 0 0 0 0 0 0 0 0 0 0 0 0 74 74 72 22 32 0 0 0 0 0 0 0 0 0 0 0 0 0 0 0 0 0 0 267 450 593 0 0 0 0 0 0 0 0 0 0 0 0 0 0 1 77 55 40 0 0 0 0 0 0 0 0 0 0 0 0 0 0 0 0 0 0 0 81 459 283 0 0 0 0 0 0 0 0 0 0 0 0 0 0 0 0 73 68 0 0 0 0 0 0 0 0 0 0 0 0 0 0 0 0 0 0 0 74 158 0 0 0 0 0 0 0 0 0 0 0 0 0 0 0 0 105 56 8 0 0 0 0 0 0 0 0 0 0 0 0 0 0 0 0 0 0 0 36 22 0 0 0 0 0 0 0 0 0 0 0 0 0 0 0 0 0 4 0 0 0 0 0 0 0 0 0 0 0 0 0 0 0 0 0 0 30 32 30 0 0 0 0 0 0 0 0 0 0 0 0 0 0 0 0 0 0 0 0 58 148 24 0 0 0 0 0 0 0 0 0 0 0 0 0 167 361 178 0 0 0 0 0 0 0 0 0 0 0 0 0 0 0 0 0 0 0 0 0 220 1009 728 14 0 0 0 0 0 0 0 0 0 0 0 164 1199 1141 481 0 0 0 0 0 0 0 0 0 0 0 0 0 0 0 0 0 0 0 0 0 586 1616 2024 736 0 0 0 0 0 0 0 0 0 0 0 970 1442 1661 733 0 0 0 0 0 0 0 0 0 0 0 0 0 0 0 0 0 0 0 0 0 578 1903 1896 2008 372 0 0 0 0 0 0 0 0 0 26 1723 1773 1390 1017 0 0 0 0 0 0 0 0 0 0 0 0 0 0 0 0 0 0 0 0 0 479 1933 2614 2370 1165 0 0 0 0 0 0 0 0 0 0 1640 1592 1447 1065 0 0 0 0 0 0 0 0 0 0 0 0 0 0 0 0 0 0 0 0 0 164 1827 2608 2343 1294 0 0 0 0 0 0 0 0 0 0 584 1324 1223 309 0 0 0 0 0 0 0 0 0 0 0 0 0 0 0 0 0 0 0 0 0 0 622 1968 1794 46 0 0 0 0 0 0 0 0 0 0 0 170 138 0 0 0 0 0 0 0 0 0 0 0 0 0 0 0 0 0 0 0 0 0 0 0 0 0 48 0 0 0 0 0 0 0 0 0 0 0 0 0 0 0 0 0 0 0 0 0 0 0 0 0 0 0 0 0 0 0 0 0 0 0 0 0 0 0 0 0 0 0 0 0 0 0 0 0 0 0 0 0 0 0 0 0 0 0 0 0 0 0 0 0 0 0 0 0 0 0 0 0 0 0 0 0 0 0 0 0 0 0 0 0 0 0 0 0 0 0 0 0 0 0 0 0 0 0 0 0 0 0 0 0 0 0 0 0 0 0 0 0 0 0 0 0 0 0 0 0 0 0 0 0 0 0 0 0 0 0 0 0 0 0 0 0 0 0 0 0 0 0 0 0 0 0 0 0 0 0 0 0 0 0 0 0 0 0 0 0 0 0 0 0 0 0 0 0 0 0 0 0 0 0 0 0 0 0 0 0 0 0 0 0 0 0 0 0 0 0 0 0 0 0 0 0 0 0 0 0 0 0 0 0 0 0 0 0 0 0 0 0 0 0 0 0 0 0 0 0 0 0 0 0 0 0 0 0 0 0 0 0 0 0 0 0 0 0 0 0 0 0 0 0 0 0 0 0 0 0 0 0 0 0 0 0 0 0 0 0 0 0 0 0 0 0 0 0 0 0 0 0 0 0 0 0 0 0 0 0 0 0 0 0 0 0 0 0 0 0 0 0 0 0 0 0 0 0 0 0 0 0 0 
[12:55:37:065] 0 0 0 0 0 0 0 0 0 0 0 0 0 0 0 0 0 0 0 0 0 0 0 0 0 0 0 0 0 0 0 0 0 0 0 0 0 0 0 0 0 0 0 0 0 0 0 0 0 0 0 0 0 0 0 0 0 0 0 0 0 0 0 0 0 0 0 0 0 0 0 0 0 0 0 0 0 0 0 0 0 0 0 0 0 0 0 0 0 0 0 0 0 0 0 0 0 0 0 0 0 0 0 0 0 0 0 0 0 0 0 0 0 0 0 0 0 0 0 0 0 0 0 0 0 0 0 0 0 0 0 0 0 0 0 0 0 0 0 0 0 0 0 0 0 0 0 0 0 0 0 0 0 0 0 0 0 0 0 0 0 0 0 0 0 0 0 0 0 0 0 0 0 0 0 0 0 0 0 0 0 0 0 0 0 0 0 0 0 0 0 0 0 0 0 0 0 0 0 0 0 0 0 0 0 0 0 0 0 0 0 0 0 0 0 0 0 0 0 0 0 0 0 0 0 0 0 0 0 0 0 0 0 0 0 0 0 0 0 0 0 0 0 0 0 0 0 0 0 0 0 0 0 0 0 0 0 0 0 0 0 0 0 0 0 0 0 0 0 0 0 0 0 0 0 0 0 0 0 0 0 0 0 0 0 0 0 0 0 0 0 0 0 0 0 0 0 0 0 0 0 0 0 0 0 0 0 0 0 0 0 0 0 0 0 0 0 0 0 0 0 0 0 0 0 0 0 0 0 0 0 0 0 0 0 0 0 0 0 0 0 0 0 0 0 0 0 0 0 0 0 0 0 0 0 0 0 0 0 0 0 0 0 0 0 0 0 0 0 0 0 0 0 0 0 0 0 0 0 0 0 0 0 0 0 0 0 0 0 70 0 0 0 0 0 0 0 0 0 0 0 0 0 0 0 0 0 0 32 2 664 1067 0 0 0 0 0 0 0 0 0 0 0 0 0 0 0 0 515 939 248 238 25 0 0 0 0 0 0 0 0 0 0 0 0 0 0 60 260 0 606 1633 406 0 0 0 0 0 0 0 0 0 0 0 0 0 0 0 995 1209 198 507 212 0 0 0 0 0 0 0 0 0 0 0 0 0 0 118 52 21 97 355 186 0 0 0 0 0 0 0 0 0 0 0 0 0 0 0 116 238 41 16 291 47 19 0 0 0 0 0 0 0 0 0 0 0 0 18 32 384 338 624 698 0 0 0 0 0 0 0 0 0 0 0 0 0 0 0 687 1211 821 623 327 179 279 0 0 0 0 0 0 0 0 0 0 0 0 62 312 1381 1339 1319 1294 438 0 0 0 0 0 0 0 0 0 0 0 0 0 71 1219 965 1566 1197 1104 65 19 0 0 0 0 0 0 0 0 0 0 0 0 290 1002 1416 1680 1330 1494 910 0 0 0 0 0 0 0 0 0 0 0 0 0 32 1377 1540 1332 1459 1288 697 1 0 0 0 0 0 0 0 0 0 0 0 0 404 953 1684 1485 1276 1302 785 0 0 0 0 0 0 0 0 0 0 0 0 0 57 527 983 1388 1495 1407 1559 205 0 0 0 0 0 0 0 0 0 0 0 0 631 1058 1368 1129 893 722 48 0 0 0 0 0 0 0 0 0 0 0 0 0 0 3 479 558 833 1316 1247 869 0 0 0 0 0 0 0 0 0 0 0 0 622 991 762 545 59 28 0 0 0 0 0 0 0 0 0 0 0 0 0 0 0 0 3 92 869 1092 1325 901 0 0 0 0 0 0 0 0 0 0 0 0 99 315 547 156 5 0 16 0 0 0 0 0 0 0 0 0 0 0 0 0 0 0 0 24 398 681 871 413 0 0 0 0 0 0 0 0 0 0 0 0 0 74 74 72 22 32 0 0 0 0 0 0 0 0 0 0 0 0 0 0 0 0 0 0 267 450 593 0 0 0 0 0 0 0 0 0 0 0 0 0 0 1 77 55 40 0 0 0 0 0 0 0 0 0 0 0 0 0 0 0 0 0 0 0 81 459 283 0 0 0 0 0 0 0 0 0 0 0 0 0 0 0 0 73 68 0 0 0 0 0 0 0 0 0 0 0 0 0 0 0 0 0 0 0 74 158 0 0 0 0 0 0 0 0 0 0 0 0 0 0 0 0 105 56 8 0 0 0 0 0 0 0 0 0 0 0 0 0 0 0 0 0 0 0 36 22 0 0 0 0 0 0 0 0 0 0 0 0 0 0 0 0 0 4 0 0 0 0 0 0 0 0 0 0 0 0 0 0 0 0 0 0 30 32 30 0 0 0 0 0 0 0 0 0 0 0 0 0 0 0 0 0 0 0 0 58 148 24 0 0 0 0 0 0 0 0 0 0 0 0 0 167 361 178 0 0 0 0 0 0 0 0 0 0 0 0 0 0 0 0 0 0 0 0 0 220 1009 728 14 0 0 0 0 0 0 0 0 0 0 0 164 1199 1141 481 0 0 0 0 0 0 0 0 0 0 0 0 0 0 0 0 0 0 0 0 0 586 1616 2024 736 0 0 0 0 0 0 0 0 0 0 0 970 1442 1661 733 0 0 0 0 0 0 0 0 0 0 0 0 0 0 0 0 0 0 0 0 0 578 1903 1896 2008 372 0 0 0 0 0 0 0 0 0 26 1723 1773 1390 1017 0 0 0 0 0 0 0 0 0 0 0 0 0 0 0 0 0 0 0 0 0 479 1933 2614 2370 1165 0 0 0 0 0 0 0 0 0 0 1640 1592 1447 1065 0 0 0 0 0 0 0 0 0 0 0 0 0 0 0 0 0 0 0 0 0 164 1827 2608 2343 1294 0 0 0 0 0 0 0 0 0 0 584 1324 1223 309 0 0 0 0 0 0 0 0 0 0 0 0 0 0 0 0 0 0 0 0 0 0 622 1968 1794 46 0 0 0 0 0 0 0 0 0 0 0 170 138 0 0 0 0 0 0 0 0 0 0 0 0 0 0 0 0 0 0 0 0 0 0 0 0 0 48 0 0 0 0 0 0 0 0 0 0 0 0 0 0 0 0 0 0 0 0 0 0 0 0 0 0 0 0 0 0 0 0 0 0 0 0 0 0 0 0 0 0 0 0 0 0 0 0 0 0 0 0 0 0 0 0 0 0 0 0 0 0 0 0 0 0 0 0 0 0 0 0 0 0 0 0 0 0 0 0 0 0 0 0 0 0 0 0 0 0 0 0 0 0 0 0 0 0 0 0 0 0 0 0 0 0 0 0 0 0 0 0 0 0 0 0 0 0 0 0 0 0 0 0 0 0 0 0 0 0 0 0 0 0 0 0 0 0 0 0 0 0 0 0 0 0 0 0 0 0 0 0 0 0 0 0 0 0 0 0 0 0 0 0 0 0 0 0 0 0 0 0 0 0 0 0 0 0 0 0 0 0 0 0 0 0 0 0 0 0 0 0 0 0 0 0 0 0 0 0 0 0 0 0 0 0 0 0 0 0 0 0 0 0 0 0 0 0 0 0 0 0 0 0 0 0 0 0 0 0 0 0 0 0 0 0 0 0 0 0 0 0 0 0 0 0 0 0 0 0 0 0 0 0 0 0 0 0 0 0 0 0 0 0 0 0 0 0 0 0 0 0 0 0 0 0 0 0 0 0 0 0 0 0 0 0 0 0 0 0 0 0 0 0 0 0 0 0 0 0 0 0 0 0 
[12:55:37:192] 0 0 0 0 0 0 0 0 0 0 0 0 0 0 0 0 0 0 0 0 0 0 0 0 0 0 0 0 0 0 0 0 0 0 0 0 0 0 0 0 0 0 0 0 0 0 0 0 0 0 0 0 0 0 0 0 0 0 0 0 0 0 0 0 0 0 0 0 0 0 0 0 0 0 0 0 0 0 0 0 0 0 0 0 0 0 0 0 0 0 0 0 0 0 0 0 0 0 0 0 0 0 0 0 0 0 0 0 0 0 0 0 0 0 0 0 0 0 0 0 0 0 0 0 0 0 0 0 0 0 0 0 0 0 0 0 0 0 0 0 0 0 0 0 0 0 0 0 0 0 0 0 0 0 0 0 0 0 0 0 0 0 0 0 0 0 0 0 0 0 0 0 0 0 0 0 0 0 0 0 0 0 0 0 0 0 0 0 0 0 0 0 0 0 0 0 0 0 0 0 0 0 0 0 0 0 0 0 0 0 0 0 0 0 0 0 0 0 0 0 0 0 0 0 0 0 0 0 0 0 0 0 0 0 0 0 0 0 0 0 0 0 0 0 0 0 0 0 0 0 0 0 0 0 0 0 0 0 0 0 0 0 0 0 0 0 0 0 0 0 0 0 0 0 0 0 0 0 0 0 0 0 0 0 0 0 0 0 0 0 0 0 0 0 0 0 0 0 0 0 0 0 0 0 0 0 0 0 0 0 0 0 0 0 0 0 0 0 0 0 0 0 0 0 0 0 0 0 0 0 0 0 0 0 0 0 0 0 0 0 0 0 0 0 0 0 0 0 0 0 0 0 0 0 0 0 0 0 0 0 0 0 0 0 0 0 0 0 0 0 0 0 0 0 0 0 0 0 0 0 0 0 0 0 0 0 0 0 0 70 0 0 0 0 0 0 0 0 0 0 0 0 0 0 0 0 0 0 32 2 664 1067 0 0 0 0 0 0 0 0 0 0 0 0 0 0 0 0 515 939 248 238 25 0 0 0 0 0 0 0 0 0 0 0 0 0 0 60 260 0 606 1633 406 0 0 0 0 0 0 0 0 0 0 0 0 0 0 0 995 1209 198 507 212 0 0 0 0 0 0 0 0 0 0 0 0 0 0 118 52 21 97 355 186 0 0 0 0 0 0 0 0 0 0 0 0 0 0 0 116 238 41 16 291 47 19 0 0 0 0 0 0 0 0 0 0 0 0 18 32 384 338 624 698 0 0 0 0 0 0 0 0 0 0 0 0 0 0 0 687 1211 821 623 327 179 279 0 0 0 0 0 0 0 0 0 0 0 0 62 312 1381 1339 1319 1294 438 0 0 0 0 0 0 0 0 0 0 0 0 0 71 1219 965 1566 1197 1104 65 19 0 0 0 0 0 0 0 0 0 0 0 0 290 1002 1416 1680 1330 1494 910 0 0 0 0 0 0 0 0 0 0 0 0 0 32 1377 1540 1332 1459 1288 697 1 0 0 0 0 0 0 0 0 0 0 0 0 404 953 1684 1485 1276 1302 785 0 0 0 0 0 0 0 0 0 0 0 0 0 57 527 983 1388 1495 1407 1559 205 0 0 0 0 0 0 0 0 0 0 0 0 631 1058 1368 1129 893 722 48 0 0 0 0 0 0 0 0 0 0 0 0 0 0 3 479 558 833 1316 1247 869 0 0 0 0 0 0 0 0 0 0 0 0 622 991 762 545 59 28 0 0 0 0 0 0 0 0 0 0 0 0 0 0 0 0 3 92 869 1092 1325 901 0 0 0 0 0 0 0 0 0 0 0 0 99 315 547 156 5 0 16 0 0 0 0 0 0 0 0 0 0 0 0 0 0 0 0 24 398 681 871 413 0 0 0 0 0 0 0 0 0 0 0 0 0 74 74 72 22 32 0 0 0 0 0 0 0 0 0 0 0 0 0 0 0 0 0 0 267 450 593 0 0 0 0 0 0 0 0 0 0 0 0 0 0 1 77 55 40 0 0 0 0 0 0 0 0 0 0 0 0 0 0 0 0 0 0 0 81 459 283 0 0 0 0 0 0 0 0 0 0 0 0 0 0 0 0 73 68 0 0 0 0 0 0 0 0 0 0 0 0 0 0 0 0 0 0 0 74 158 0 0 0 0 0 0 0 0 0 0 0 0 0 0 0 0 105 56 8 0 0 0 0 0 0 0 0 0 0 0 0 0 0 0 0 0 0 0 36 22 0 0 0 0 0 0 0 0 0 0 0 0 0 0 0 0 0 4 0 0 0 0 0 0 0 0 0 0 0 0 0 0 0 0 0 0 30 32 30 0 0 0 0 0 0 0 0 0 0 0 0 0 0 0 0 0 0 0 0 58 148 24 0 0 0 0 0 0 0 0 0 0 0 0 0 167 361 178 0 0 0 0 0 0 0 0 0 0 0 0 0 0 0 0 0 0 0 0 0 220 1009 728 14 0 0 0 0 0 0 0 0 0 0 0 164 1199 1141 481 0 0 0 0 0 0 0 0 0 0 0 0 0 0 0 0 0 0 0 0 0 586 1616 2024 736 0 0 0 0 0 0 0 0 0 0 0 970 1442 1661 733 0 0 0 0 0 0 0 0 0 0 0 0 0 0 0 0 0 0 0 0 0 578 1903 1896 2008 372 0 0 0 0 0 0 0 0 0 26 1723 1773 1390 1017 0 0 0 0 0 0 0 0 0 0 0 0 0 0 0 0 0 0 0 0 0 479 1933 2614 2370 1165 0 0 0 0 0 0 0 0 0 0 1640 1592 1447 1065 0 0 0 0 0 0 0 0 0 0 0 0 0 0 0 0 0 0 0 0 0 164 1827 2608 2343 1294 0 0 0 0 0 0 0 0 0 0 584 1324 1223 309 0 0 0 0 0 0 0 0 0 0 0 0 0 0 0 0 0 0 0 0 0 0 622 1968 1794 46 0 0 0 0 0 0 0 0 0 0 0 170 138 0 0 0 0 0 0 0 0 0 0 0 0 0 0 0 0 0 0 0 0 0 0 0 0 0 48 0 0 0 0 0 0 0 0 0 0 0 0 0 0 0 0 0 0 0 0 0 0 0 0 0 0 0 0 0 0 0 0 0 0 0 0 0 0 0 0 0 0 0 0 0 0 0 0 0 0 0 0 0 0 0 0 0 0 0 0 0 0 0 0 0 0 0 0 0 0 0 0 0 0 0 0 0 0 0 0 0 0 0 0 0 0 0 0 0 0 0 0 0 0 0 0 0 0 0 0 0 0 0 0 0 0 0 0 0 0 0 0 0 0 0 0 0 0 0 0 0 0 0 0 0 0 0 0 0 0 0 0 0 0 0 0 0 0 0 0 0 0 0 0 0 0 0 0 0 0 0 0 0 0 0 0 0 0 0 0 0 0 0 0 0 0 0 0 0 0 0 0 0 0 0 0 0 0 0 0 0 0 0 0 0 0 0 0 0 0 0 0 0 0 0 0 0 0 0 0 0 0 0 0 0 0 0 0 0 0 0 0 0 0 0 0 0 0 0 0 0 0 0 0 0 0 0 0 0 0 0 0 0 0 0 0 0 0 0 0 0 0 0 0 0 0 0 0 0 0 0 0 0 0 0 0 0 0 0 0 0 0 0 0 0 0 0 0 0 0 0 0 0 0 0 0 0 0 0 0 0 0 0 0 0 0 0 0 0 0 0 0 0 0 0 0 0 0 0 0 0 0 0 0 
[12:55:37:332] 0 0 0 0 0 0 0 0 0 0 0 0 0 0 0 0 0 0 0 0 0 0 0 0 0 0 0 0 0 0 0 0 0 0 0 0 0 0 0 0 0 0 0 0 0 0 0 0 0 0 0 0 0 0 0 0 0 0 0 0 0 0 0 0 0 0 0 0 0 0 0 0 0 0 0 0 0 0 0 0 0 0 0 0 0 0 0 0 0 0 0 0 0 0 0 0 0 0 0 0 0 0 0 0 0 0 0 0 0 0 0 0 0 0 0 0 0 0 0 0 0 0 0 0 0 0 0 0 0 0 0 0 0 0 0 0 0 0 0 0 0 0 0 0 0 0 0 0 0 0 0 0 0 0 0 0 0 0 0 0 0 0 0 0 0 0 0 0 0 0 0 0 0 0 0 0 0 0 0 0 0 0 0 0 0 0 0 0 0 0 0 0 0 0 0 0 0 0 0 0 0 0 0 0 0 0 0 0 0 0 0 0 0 0 0 0 0 0 0 0 0 0 0 0 0 0 0 0 0 0 0 0 0 0 0 0 0 0 0 0 0 0 0 0 0 0 0 0 0 0 0 0 0 0 0 0 0 0 0 0 0 0 0 0 0 0 0 0 0 0 0 0 0 0 0 0 0 0 0 0 0 0 0 0 0 0 0 0 0 0 0 0 0 0 0 0 0 0 0 0 0 0 0 0 0 0 0 0 0 0 0 0 0 0 0 0 0 0 0 0 0 0 0 0 0 0 0 0 0 0 0 0 0 0 0 0 0 0 0 0 0 0 0 0 0 0 0 0 0 0 0 0 0 0 0 0 0 0 0 0 0 0 0 0 0 0 0 0 0 0 0 0 0 0 0 0 0 0 0 0 0 0 0 0 0 0 0 0 0 70 0 0 0 0 0 0 0 0 0 0 0 0 0 0 0 0 0 0 32 2 664 1067 0 0 0 0 0 0 0 0 0 0 0 0 0 0 0 0 515 939 248 238 25 0 0 0 0 0 0 0 0 0 0 0 0 0 0 60 260 0 606 1633 406 0 0 0 0 0 0 0 0 0 0 0 0 0 0 0 995 1209 198 507 212 0 0 0 0 0 0 0 0 0 0 0 0 0 0 118 52 21 97 355 186 0 0 0 0 0 0 0 0 0 0 0 0 0 0 0 116 238 41 16 291 47 19 0 0 0 0 0 0 0 0 0 0 0 0 18 32 384 338 624 698 0 0 0 0 0 0 0 0 0 0 0 0 0 0 0 687 1211 821 623 327 179 279 0 0 0 0 0 0 0 0 0 0 0 0 62 312 1381 1339 1319 1294 438 0 0 0 0 0 0 0 0 0 0 0 0 0 71 1219 965 1566 1197 1104 65 19 0 0 0 0 0 0 0 0 0 0 0 0 290 1002 1416 1680 1330 1494 910 0 0 0 0 0 0 0 0 0 0 0 0 0 32 1377 1540 1332 1459 1288 697 1 0 0 0 0 0 0 0 0 0 0 0 0 404 953 1684 1485 1276 1302 785 0 0 0 0 0 0 0 0 0 0 0 0 0 57 527 983 1388 1495 1407 1559 205 0 0 0 0 0 0 0 0 0 0 0 0 631 1058 1368 1129 893 722 48 0 0 0 0 0 0 0 0 0 0 0 0 0 0 3 479 558 833 1316 1247 869 0 0 0 0 0 0 0 0 0 0 0 0 622 991 762 545 59 28 0 0 0 0 0 0 0 0 0 0 0 0 0 0 0 0 3 92 869 1092 1325 901 0 0 0 0 0 0 0 0 0 0 0 0 99 315 547 156 5 0 16 0 0 0 0 0 0 0 0 0 0 0 0 0 0 0 0 24 398 681 871 413 0 0 0 0 0 0 0 0 0 0 0 0 0 74 74 72 22 32 0 0 0 0 0 0 0 0 0 0 0 0 0 0 0 0 0 0 267 450 593 0 0 0 0 0 0 0 0 0 0 0 0 0 0 1 77 55 40 0 0 0 0 0 0 0 0 0 0 0 0 0 0 0 0 0 0 0 81 459 283 0 0 0 0 0 0 0 0 0 0 0 0 0 0 0 0 73 68 0 0 0 0 0 0 0 0 0 0 0 0 0 0 0 0 0 0 0 74 158 0 0 0 0 0 0 0 0 0 0 0 0 0 0 0 0 105 56 8 0 0 0 0 0 0 0 0 0 0 0 0 0 0 0 0 0 0 0 36 22 0 0 0 0 0 0 0 0 0 0 0 0 0 0 0 0 0 4 0 0 0 0 0 0 0 0 0 0 0 0 0 0 0 0 0 0 30 32 30 0 0 0 0 0 0 0 0 0 0 0 0 0 0 0 0 0 0 0 0 58 148 24 0 0 0 0 0 0 0 0 0 0 0 0 0 167 361 178 0 0 0 0 0 0 0 0 0 0 0 0 0 0 0 0 0 0 0 0 0 220 1009 728 14 0 0 0 0 0 0 0 0 0 0 0 164 1199 1141 481 0 0 0 0 0 0 0 0 0 0 0 0 0 0 0 0 0 0 0 0 0 586 1616 2024 736 0 0 0 0 0 0 0 0 0 0 0 970 1442 1661 733 0 0 0 0 0 0 0 0 0 0 0 0 0 0 0 0 0 0 0 0 0 578 1903 1896 2008 372 0 0 0 0 0 0 0 0 0 26 1723 1773 1390 1017 0 0 0 0 0 0 0 0 0 0 0 0 0 0 0 0 0 0 0 0 0 479 1933 2614 2370 1165 0 0 0 0 0 0 0 0 0 0 1640 1592 1447 1065 0 0 0 0 0 0 0 0 0 0 0 0 0 0 0 0 0 0 0 0 0 164 1827 2608 2343 1294 0 0 0 0 0 0 0 0 0 0 584 1324 1223 309 0 0 0 0 0 0 0 0 0 0 0 0 0 0 0 0 0 0 0 0 0 0 622 1968 1794 46 0 0 0 0 0 0 0 0 0 0 0 170 138 0 0 0 0 0 0 0 0 0 0 0 0 0 0 0 0 0 0 0 0 0 0 0 0 0 48 0 0 0 0 0 0 0 0 0 0 0 0 0 0 0 0 0 0 0 0 0 0 0 0 0 0 0 0 0 0 0 0 0 0 0 0 0 0 0 0 0 0 0 0 0 0 0 0 0 0 0 0 0 0 0 0 0 0 0 0 0 0 0 0 0 0 0 0 0 0 0 0 0 0 0 0 0 0 0 0 0 0 0 0 0 0 0 0 0 0 0 0 0 0 0 0 0 0 0 0 0 0 0 0 0 0 0 0 0 0 0 0 0 0 0 0 0 0 0 0 0 0 0 0 0 0 0 0 0 0 0 0 0 0 0 0 0 0 0 0 0 0 0 0 0 0 0 0 0 0 0 0 0 0 0 0 0 0 0 0 0 0 0 0 0 0 0 0 0 0 0 0 0 0 0 0 0 0 0 0 0 0 0 0 0 0 0 0 0 0 0 0 0 0 0 0 0 0 0 0 0 0 0 0 0 0 0 0 0 0 0 0 0 0 0 0 0 0 0 0 0 0 0 0 0 0 0 0 0 0 0 0 0 0 0 0 0 0 0 0 0 0 0 0 0 0 0 0 0 0 0 0 0 0 0 0 0 0 0 0 0 0 0 0 0 0 0 0 0 0 0 0 0 0 0 0 0 0 0 0 0 0 0 0 0 0 0 0 0 0 0 0 0 0 0 0 0 0 0 0 0 0 0 0 
[12:55:37:456] 0 0 0 0 0 0 0 0 0 0 0 0 0 0 0 0 0 0 0 0 0 0 0 0 0 0 0 0 0 0 0 0 0 0 0 0 0 0 0 0 0 0 0 0 0 0 0 0 0 0 0 0 0 0 0 0 0 0 0 0 0 0 0 0 0 0 0 0 0 0 0 0 0 0 0 0 0 0 0 0 0 0 0 0 0 0 0 0 0 0 0 0 0 0 0 0 0 0 0 0 0 0 0 0 0 0 0 0 0 0 0 0 0 0 0 0 0 0 0 0 0 0 0 0 0 0 0 0 0 0 0 0 0 0 0 0 0 0 0 0 0 0 0 0 0 0 0 0 0 0 0 0 0 0 0 0 0 0 0 0 0 0 0 0 0 0 0 0 0 0 0 0 0 0 0 0 0 0 0 0 0 0 0 0 0 0 0 0 0 0 0 0 0 0 0 0 0 0 0 0 0 0 0 0 0 0 0 0 0 0 0 0 0 0 0 0 0 0 0 0 0 0 0 0 0 0 0 0 0 0 0 0 0 0 0 0 0 0 0 0 0 0 0 0 0 0 0 0 0 0 0 0 0 0 0 0 0 0 0 0 0 0 0 0 0 0 0 0 0 0 0 0 0 0 0 0 0 0 0 0 0 0 0 0 0 0 0 0 0 0 0 0 0 0 0 0 0 0 0 0 0 0 0 0 0 0 0 0 0 0 0 0 0 0 0 0 0 0 0 0 0 0 0 0 0 0 0 0 0 0 0 0 0 0 0 0 0 0 0 0 0 0 0 0 0 0 0 0 0 0 0 0 0 0 0 0 0 0 0 0 0 0 0 0 0 0 0 0 0 0 0 0 0 0 0 0 0 0 0 0 0 0 0 0 0 0 0 0 0 70 0 0 0 0 0 0 0 0 0 0 0 0 0 0 0 0 0 0 32 2 664 1067 0 0 0 0 0 0 0 0 0 0 0 0 0 0 0 0 515 939 248 238 25 0 0 0 0 0 0 0 0 0 0 0 0 0 0 60 260 0 606 1633 406 0 0 0 0 0 0 0 0 0 0 0 0 0 0 0 995 1209 198 507 212 0 0 0 0 0 0 0 0 0 0 0 0 0 0 118 52 21 97 355 186 0 0 0 0 0 0 0 0 0 0 0 0 0 0 0 116 238 41 16 291 47 19 0 0 0 0 0 0 0 0 0 0 0 0 18 32 384 338 624 698 0 0 0 0 0 0 0 0 0 0 0 0 0 0 0 687 1211 821 623 327 179 279 0 0 0 0 0 0 0 0 0 0 0 0 62 312 1381 1339 1319 1294 438 0 0 0 0 0 0 0 0 0 0 0 0 0 71 1219 965 1566 1197 1104 65 19 0 0 0 0 0 0 0 0 0 0 0 0 290 1002 1416 1680 1330 1494 910 0 0 0 0 0 0 0 0 0 0 0 0 0 32 1377 1540 1332 1459 1288 697 1 0 0 0 0 0 0 0 0 0 0 0 0 404 953 1684 1485 1276 1302 785 0 0 0 0 0 0 0 0 0 0 0 0 0 57 527 983 1388 1495 1407 1559 205 0 0 0 0 0 0 0 0 0 0 0 0 631 1058 1368 1129 893 722 48 0 0 0 0 0 0 0 0 0 0 0 0 0 0 3 479 558 833 1316 1247 869 0 0 0 0 0 0 0 0 0 0 0 0 622 991 762 545 59 28 0 0 0 0 0 0 0 0 0 0 0 0 0 0 0 0 3 92 869 1092 1325 901 0 0 0 0 0 0 0 0 0 0 0 0 99 315 547 156 5 0 16 0 0 0 0 0 0 0 0 0 0 0 0 0 0 0 0 24 398 681 871 413 0 0 0 0 0 0 0 0 0 0 0 0 0 74 74 72 22 32 0 0 0 0 0 0 0 0 0 0 0 0 0 0 0 0 0 0 267 450 593 0 0 0 0 0 0 0 0 0 0 0 0 0 0 1 77 55 40 0 0 0 0 0 0 0 0 0 0 0 0 0 0 0 0 0 0 0 81 459 283 0 0 0 0 0 0 0 0 0 0 0 0 0 0 0 0 73 68 0 0 0 0 0 0 0 0 0 0 0 0 0 0 0 0 0 0 0 74 158 0 0 0 0 0 0 0 0 0 0 0 0 0 0 0 0 105 56 8 0 0 0 0 0 0 0 0 0 0 0 0 0 0 0 0 0 0 0 36 22 0 0 0 0 0 0 0 0 0 0 0 0 0 0 0 0 0 4 0 0 0 0 0 0 0 0 0 0 0 0 0 0 0 0 0 0 30 32 30 0 0 0 0 0 0 0 0 0 0 0 0 0 0 0 0 0 0 0 0 58 148 24 0 0 0 0 0 0 0 0 0 0 0 0 0 167 361 178 0 0 0 0 0 0 0 0 0 0 0 0 0 0 0 0 0 0 0 0 0 220 1009 728 14 0 0 0 0 0 0 0 0 0 0 0 164 1199 1141 481 0 0 0 0 0 0 0 0 0 0 0 0 0 0 0 0 0 0 0 0 0 586 1616 2024 736 0 0 0 0 0 0 0 0 0 0 0 970 1442 1661 733 0 0 0 0 0 0 0 0 0 0 0 0 0 0 0 0 0 0 0 0 0 578 1903 1896 2008 372 0 0 0 0 0 0 0 0 0 26 1723 1773 1390 1017 0 0 0 0 0 0 0 0 0 0 0 0 0 0 0 0 0 0 0 0 0 479 1933 2614 2370 1165 0 0 0 0 0 0 0 0 0 0 1640 1592 1447 1065 0 0 0 0 0 0 0 0 0 0 0 0 0 0 0 0 0 0 0 0 0 164 1827 2608 2343 1294 0 0 0 0 0 0 0 0 0 0 584 1324 1223 309 0 0 0 0 0 0 0 0 0 0 0 0 0 0 0 0 0 0 0 0 0 0 622 1968 1794 46 0 0 0 0 0 0 0 0 0 0 0 170 138 0 0 0 0 0 0 0 0 0 0 0 0 0 0 0 0 0 0 0 0 0 0 0 0 0 48 0 0 0 0 0 0 0 0 0 0 0 0 0 0 0 0 0 0 0 0 0 0 0 0 0 0 0 0 0 0 0 0 0 0 0 0 0 0 0 0 0 0 0 0 0 0 0 0 0 0 0 0 0 0 0 0 0 0 0 0 0 0 0 0 0 0 0 0 0 0 0 0 0 0 0 0 0 0 0 0 0 0 0 0 0 0 0 0 0 0 0 0 0 0 0 0 0 0 0 0 0 0 0 0 0 0 0 0 0 0 0 0 0 0 0 0 0 0 0 0 0 0 0 0 0 0 0 0 0 0 0 0 0 0 0 0 0 0 0 0 0 0 0 0 0 0 0 0 0 0 0 0 0 0 0 0 0 0 0 0 0 0 0 0 0 0 0 0 0 0 0 0 0 0 0 0 0 0 0 0 0 0 0 0 0 0 0 0 0 0 0 0 0 0 0 0 0 0 0 0 0 0 0 0 0 0 0 0 0 0 0 0 0 0 0 0 0 0 0 0 0 0 0 0 0 0 0 0 0 0 0 0 0 0 0 0 0 0 0 0 0 0 0 0 0 0 0 0 0 0 0 0 0 0 0 0 0 0 0 0 0 0 0 0 0 0 0 0 0 0 0 0 0 0 0 0 0 0 0 0 0 0 0 0 0 0 0 0 0 0 0 0 0 0 0 0 0 0 0 0 0 0 0 0 
[12:55:37:583] 0 0 0 0 0 0 0 0 0 0 0 0 0 0 0 0 0 0 0 0 0 0 0 0 0 0 0 0 0 0 0 0 0 0 0 0 0 0 0 0 0 0 0 0 0 0 0 0 0 0 0 0 0 0 0 0 0 0 0 0 0 0 0 0 0 0 0 0 0 0 0 0 0 0 0 0 0 0 0 0 0 0 0 0 0 0 0 0 0 0 0 0 0 0 0 0 0 0 0 0 0 0 0 0 0 0 0 0 0 0 0 0 0 0 0 0 0 0 0 0 0 0 0 0 0 0 0 0 0 0 0 0 0 0 0 0 0 0 0 0 0 0 0 0 0 0 0 0 0 0 0 0 0 0 0 0 0 0 0 0 0 0 0 0 0 0 0 0 0 0 0 0 0 0 0 0 0 0 0 0 0 0 0 0 0 0 0 0 0 0 0 0 0 0 0 0 0 0 0 0 0 0 0 0 0 0 0 0 0 0 0 0 0 0 0 0 0 0 0 0 0 0 0 0 0 0 0 0 0 0 0 0 0 0 0 0 0 0 0 0 0 0 0 0 0 0 0 0 0 0 0 0 0 0 0 0 0 0 0 0 0 0 0 0 0 0 0 0 0 0 0 0 0 0 0 0 0 0 0 0 0 0 0 0 0 0 0 0 0 0 0 0 0 0 0 0 0 0 0 0 0 0 0 0 0 0 0 0 0 0 0 0 0 0 0 0 0 0 0 0 0 0 0 0 0 0 0 0 0 0 0 0 0 0 0 0 0 0 0 0 0 0 0 0 0 0 0 0 0 0 0 0 0 0 0 0 0 0 0 0 0 0 0 0 0 0 0 0 0 0 0 0 0 0 0 0 0 0 0 0 0 0 0 0 0 0 0 0 0 70 0 0 0 0 0 0 0 0 0 0 0 0 0 0 0 0 0 0 32 2 664 1067 0 0 0 0 0 0 0 0 0 0 0 0 0 0 0 0 515 939 248 238 25 0 0 0 0 0 0 0 0 0 0 0 0 0 0 60 260 0 606 1633 406 0 0 0 0 0 0 0 0 0 0 0 0 0 0 0 995 1209 198 507 212 0 0 0 0 0 0 0 0 0 0 0 0 0 0 118 52 21 97 355 186 0 0 0 0 0 0 0 0 0 0 0 0 0 0 0 116 238 41 16 291 47 19 0 0 0 0 0 0 0 0 0 0 0 0 18 32 384 338 624 698 0 0 0 0 0 0 0 0 0 0 0 0 0 0 0 687 1211 821 623 327 179 279 0 0 0 0 0 0 0 0 0 0 0 0 62 312 1381 1339 1319 1294 438 0 0 0 0 0 0 0 0 0 0 0 0 0 71 1219 965 1566 1197 1104 65 19 0 0 0 0 0 0 0 0 0 0 0 0 290 1002 1416 1680 1330 1494 910 0 0 0 0 0 0 0 0 0 0 0 0 0 32 1377 1540 1332 1459 1288 697 1 0 0 0 0 0 0 0 0 0 0 0 0 404 953 1684 1485 1276 1302 785 0 0 0 0 0 0 0 0 0 0 0 0 0 57 527 983 1388 1495 1407 1559 205 0 0 0 0 0 0 0 0 0 0 0 0 631 1058 1368 1129 893 722 48 0 0 0 0 0 0 0 0 0 0 0 0 0 0 3 479 558 833 1316 1247 869 0 0 0 0 0 0 0 0 0 0 0 0 622 991 762 545 59 28 0 0 0 0 0 0 0 0 0 0 0 0 0 0 0 0 3 92 869 1092 1325 901 0 0 0 0 0 0 0 0 0 0 0 0 99 315 547 156 5 0 16 0 0 0 0 0 0 0 0 0 0 0 0 0 0 0 0 24 398 681 871 413 0 0 0 0 0 0 0 0 0 0 0 0 0 74 74 72 22 32 0 0 0 0 0 0 0 0 0 0 0 0 0 0 0 0 0 0 267 450 593 0 0 0 0 0 0 0 0 0 0 0 0 0 0 1 77 55 40 0 0 0 0 0 0 0 0 0 0 0 0 0 0 0 0 0 0 0 81 459 283 0 0 0 0 0 0 0 0 0 0 0 0 0 0 0 0 73 68 0 0 0 0 0 0 0 0 0 0 0 0 0 0 0 0 0 0 0 74 158 0 0 0 0 0 0 0 0 0 0 0 0 0 0 0 0 105 56 8 0 0 0 0 0 0 0 0 0 0 0 0 0 0 0 0 0 0 0 36 22 0 0 0 0 0 0 0 0 0 0 0 0 0 0 0 0 0 4 0 0 0 0 0 0 0 0 0 0 0 0 0 0 0 0 0 0 30 32 30 0 0 0 0 0 0 0 0 0 0 0 0 0 0 0 0 0 0 0 0 58 148 24 0 0 0 0 0 0 0 0 0 0 0 0 0 167 361 178 0 0 0 0 0 0 0 0 0 0 0 0 0 0 0 0 0 0 0 0 0 220 1009 728 14 0 0 0 0 0 0 0 0 0 0 0 164 1199 1141 481 0 0 0 0 0 0 0 0 0 0 0 0 0 0 0 0 0 0 0 0 0 586 1616 2024 736 0 0 0 0 0 0 0 0 0 0 0 970 1442 1661 733 0 0 0 0 0 0 0 0 0 0 0 0 0 0 0 0 0 0 0 0 0 578 1903 1896 2008 372 0 0 0 0 0 0 0 0 0 26 1723 1773 1390 1017 0 0 0 0 0 0 0 0 0 0 0 0 0 0 0 0 0 0 0 0 0 479 1933 2614 2370 1165 0 0 0 0 0 0 0 0 0 0 1640 1592 1447 1065 0 0 0 0 0 0 0 0 0 0 0 0 0 0 0 0 0 0 0 0 0 164 1827 2608 2343 1294 0 0 0 0 0 0 0 0 0 0 584 1324 1223 309 0 0 0 0 0 0 0 0 0 0 0 0 0 0 0 0 0 0 0 0 0 0 622 1968 1794 46 0 0 0 0 0 0 0 0 0 0 0 170 138 0 0 0 0 0 0 0 0 0 0 0 0 0 0 0 0 0 0 0 0 0 0 0 0 0 48 0 0 0 0 0 0 0 0 0 0 0 0 0 0 0 0 0 0 0 0 0 0 0 0 0 0 0 0 0 0 0 0 0 0 0 0 0 0 0 0 0 0 0 0 0 0 0 0 0 0 0 0 0 0 0 0 0 0 0 0 0 0 0 0 0 0 0 0 0 0 0 0 0 0 0 0 0 0 0 0 0 0 0 0 0 0 0 0 0 0 0 0 0 0 0 0 0 0 0 0 0 0 0 0 0 0 0 0 0 0 0 0 0 0 0 0 0 0 0 0 0 0 0 0 0 0 0 0 0 0 0 0 0 0 0 0 0 0 0 0 0 0 0 0 0 0 0 0 0 0 0 0 0 0 0 0 0 0 0 0 0 0 0 0 0 0 0 0 0 0 0 0 0 0 0 0 0 0 0 0 0 0 0 0 0 0 0 0 0 0 0 0 0 0 0 0 0 0 0 0 0 0 0 0 0 0 0 0 0 0 0 0 0 0 0 0 0 0 0 0 0 0 0 0 0 0 0 0 0 0 0 0 0 0 0 0 0 0 0 0 0 0 0 0 0 0 0 0 0 0 0 0 0 0 0 0 0 0 0 0 0 0 0 0 0 0 0 0 0 0 0 0 0 0 0 0 0 0 0 0 0 0 0 0 0 0 0 0 0 0 0 0 0 0 0 0 0 0 0 0 0 0 0 0 
[12:55:37:711] 0 0 0 0 0 0 0 0 0 0 0 0 0 0 0 0 0 0 0 0 0 0 0 0 0 0 0 0 0 0 0 0 0 0 0 0 0 0 0 0 0 0 0 0 0 0 0 0 0 0 0 0 0 0 0 0 0 0 0 0 0 0 0 0 0 0 0 0 0 0 0 0 0 0 0 0 0 0 0 0 0 0 0 0 0 0 0 0 0 0 0 0 0 0 0 0 0 0 0 0 0 0 0 0 0 0 0 0 0 0 0 0 0 0 0 0 0 0 0 0 0 0 0 0 0 0 0 0 0 0 0 0 0 0 0 0 0 0 0 0 0 0 0 0 0 0 0 0 0 0 0 0 0 0 0 0 0 0 0 0 0 0 0 0 0 0 0 0 0 0 0 0 0 0 0 0 0 0 0 0 0 0 0 0 0 0 0 0 0 0 0 0 0 0 0 0 0 0 0 0 0 0 0 0 0 0 0 0 0 0 0 0 0 0 0 0 0 0 0 0 0 0 0 0 0 0 0 0 0 0 0 0 0 0 0 0 0 0 0 0 0 0 0 0 0 0 0 0 0 0 0 0 0 0 0 0 0 0 0 0 0 0 0 0 0 0 0 0 0 0 0 0 0 0 0 0 0 0 0 0 0 0 0 0 0 0 0 0 0 0 0 0 0 0 0 0 0 0 0 0 0 0 0 0 0 0 0 0 0 0 0 0 0 0 0 0 0 0 0 0 0 0 0 0 0 0 0 0 0 0 0 0 0 0 0 0 0 0 0 0 0 0 0 0 0 0 0 0 0 0 0 0 0 0 0 0 0 0 0 0 0 0 0 0 0 0 0 0 0 0 0 0 0 0 0 0 0 0 0 0 0 0 0 0 0 0 0 0 0 70 0 0 0 0 0 0 0 0 0 0 0 0 0 0 0 0 0 0 32 2 664 1067 0 0 0 0 0 0 0 0 0 0 0 0 0 0 0 0 515 939 248 238 25 0 0 0 0 0 0 0 0 0 0 0 0 0 0 60 260 0 606 1633 406 0 0 0 0 0 0 0 0 0 0 0 0 0 0 0 995 1209 198 507 212 0 0 0 0 0 0 0 0 0 0 0 0 0 0 118 52 21 97 355 186 0 0 0 0 0 0 0 0 0 0 0 0 0 0 0 116 238 41 16 291 47 19 0 0 0 0 0 0 0 0 0 0 0 0 18 32 384 338 624 698 0 0 0 0 0 0 0 0 0 0 0 0 0 0 0 687 1211 821 623 327 179 279 0 0 0 0 0 0 0 0 0 0 0 0 62 312 1381 1339 1319 1294 438 0 0 0 0 0 0 0 0 0 0 0 0 0 71 1219 965 1566 1197 1104 65 19 0 0 0 0 0 0 0 0 0 0 0 0 290 1002 1416 1680 1330 1494 910 0 0 0 0 0 0 0 0 0 0 0 0 0 32 1377 1540 1332 1459 1288 697 1 0 0 0 0 0 0 0 0 0 0 0 0 404 953 1684 1485 1276 1302 785 0 0 0 0 0 0 0 0 0 0 0 0 0 57 527 983 1388 1495 1407 1559 205 0 0 0 0 0 0 0 0 0 0 0 0 631 1058 1368 1129 893 722 48 0 0 0 0 0 0 0 0 0 0 0 0 0 0 3 479 558 833 1316 1247 869 0 0 0 0 0 0 0 0 0 0 0 0 622 991 762 545 59 28 0 0 0 0 0 0 0 0 0 0 0 0 0 0 0 0 3 92 869 1092 1325 901 0 0 0 0 0 0 0 0 0 0 0 0 99 315 547 156 5 0 16 0 0 0 0 0 0 0 0 0 0 0 0 0 0 0 0 24 398 681 871 413 0 0 0 0 0 0 0 0 0 0 0 0 0 74 74 72 22 32 0 0 0 0 0 0 0 0 0 0 0 0 0 0 0 0 0 0 267 450 593 0 0 0 0 0 0 0 0 0 0 0 0 0 0 1 77 55 40 0 0 0 0 0 0 0 0 0 0 0 0 0 0 0 0 0 0 0 81 459 283 0 0 0 0 0 0 0 0 0 0 0 0 0 0 0 0 73 68 0 0 0 0 0 0 0 0 0 0 0 0 0 0 0 0 0 0 0 74 158 0 0 0 0 0 0 0 0 0 0 0 0 0 0 0 0 105 56 8 0 0 0 0 0 0 0 0 0 0 0 0 0 0 0 0 0 0 0 36 22 0 0 0 0 0 0 0 0 0 0 0 0 0 0 0 0 0 4 0 0 0 0 0 0 0 0 0 0 0 0 0 0 0 0 0 0 30 32 30 0 0 0 0 0 0 0 0 0 0 0 0 0 0 0 0 0 0 0 0 58 148 24 0 0 0 0 0 0 0 0 0 0 0 0 0 167 361 178 0 0 0 0 0 0 0 0 0 0 0 0 0 0 0 0 0 0 0 0 0 220 1009 728 14 0 0 0 0 0 0 0 0 0 0 0 164 1199 1141 481 0 0 0 0 0 0 0 0 0 0 0 0 0 0 0 0 0 0 0 0 0 586 1616 2024 736 0 0 0 0 0 0 0 0 0 0 0 970 1442 1661 733 0 0 0 0 0 0 0 0 0 0 0 0 0 0 0 0 0 0 0 0 0 578 1903 1896 2008 372 0 0 0 0 0 0 0 0 0 26 1723 1773 1390 1017 0 0 0 0 0 0 0 0 0 0 0 0 0 0 0 0 0 0 0 0 0 479 1933 2614 2370 1165 0 0 0 0 0 0 0 0 0 0 1640 1592 1447 1065 0 0 0 0 0 0 0 0 0 0 0 0 0 0 0 0 0 0 0 0 0 164 1827 2608 2343 1294 0 0 0 0 0 0 0 0 0 0 584 1324 1223 309 0 0 0 0 0 0 0 0 0 0 0 0 0 0 0 0 0 0 0 0 0 0 622 1968 1794 46 0 0 0 0 0 0 0 0 0 0 0 170 138 0 0 0 0 0 0 0 0 0 0 0 0 0 0 0 0 0 0 0 0 0 0 0 0 0 48 0 0 0 0 0 0 0 0 0 0 0 0 0 0 0 0 0 0 0 0 0 0 0 0 0 0 0 0 0 0 0 0 0 0 0 0 0 0 0 0 0 0 0 0 0 0 0 0 0 0 0 0 0 0 0 0 0 0 0 0 0 0 0 0 0 0 0 0 0 0 0 0 0 0 0 0 0 0 0 0 0 0 0 0 0 0 0 0 0 0 0 0 0 0 0 0 0 0 0 0 0 0 0 0 0 0 0 0 0 0 0 0 0 0 0 0 0 0 0 0 0 0 0 0 0 0 0 0 0 0 0 0 0 0 0 0 0 0 0 0 0 0 0 0 0 0 0 0 0 0 0 0 0 0 0 0 0 0 0 0 0 0 0 0 0 0 0 0 0 0 0 0 0 0 0 0 0 0 0 0 0 0 0 0 0 0 0 0 0 0 0 0 0 0 0 0 0 0 0 0 0 0 0 0 0 0 0 0 0 0 0 0 0 0 0 0 0 0 0 0 0 0 0 0 0 0 0 0 0 0 0 0 0 0 0 0 0 0 0 0 0 0 0 0 0 0 0 0 0 0 0 0 0 0 0 0 0 0 0 0 0 0 0 0 0 0 0 0 0 0 0 0 0 0 0 0 0 0 0 0 0 0 0 0 0 0 0 0 0 0 0 0 0 0 0 0 0 0 0 0 0 0 0 0 
[12:55:37:832] 0 0 0 0 0 0 0 0 0 0 0 0 0 0 0 0 0 0 0 0 0 0 0 0 0 0 0 0 0 0 0 0 0 0 0 0 0 0 0 0 0 0 0 0 0 0 0 0 0 0 0 0 0 0 0 0 0 0 0 0 0 0 0 0 0 0 0 0 0 0 0 0 0 0 0 0 0 0 0 0 0 0 0 0 0 0 0 0 0 0 0 0 0 0 0 0 0 0 0 0 0 0 0 0 0 0 0 0 0 0 0 0 0 0 0 0 0 0 0 0 0 0 0 0 0 0 0 0 0 0 0 0 0 0 0 0 0 0 0 0 0 0 0 0 0 0 0 0 0 0 0 0 0 0 0 0 0 0 0 0 0 0 0 0 0 0 0 0 0 0 0 0 0 0 0 0 0 0 0 0 0 0 0 0 0 0 0 0 0 0 0 0 0 0 0 0 0 0 0 0 0 0 0 0 0 0 0 0 0 0 0 0 0 0 0 0 0 0 0 0 0 0 0 0 0 0 0 0 0 0 0 0 0 0 0 0 0 0 0 0 0 0 0 0 0 0 0 0 0 0 0 0 0 0 0 0 0 0 0 0 0 0 0 0 0 0 0 0 0 0 0 0 0 0 0 0 0 0 0 0 0 0 0 0 0 0 0 0 0 0 0 0 0 0 0 0 0 0 0 0 0 0 0 0 0 0 0 0 0 0 0 0 0 0 0 0 0 0 0 0 0 0 0 0 0 0 0 0 0 0 0 0 0 0 0 0 0 0 0 0 0 0 0 0 0 0 0 0 0 0 0 0 0 0 0 0 0 0 0 0 0 0 0 0 0 0 0 0 0 0 0 0 0 0 0 0 0 0 0 0 0 0 0 0 0 0 0 0 0 70 0 0 0 0 0 0 0 0 0 0 0 0 0 0 0 0 0 0 32 2 664 1067 0 0 0 0 0 0 0 0 0 0 0 0 0 0 0 0 515 939 248 238 25 0 0 0 0 0 0 0 0 0 0 0 0 0 0 60 260 0 606 1633 406 0 0 0 0 0 0 0 0 0 0 0 0 0 0 0 995 1209 198 507 212 0 0 0 0 0 0 0 0 0 0 0 0 0 0 118 52 21 97 355 186 0 0 0 0 0 0 0 0 0 0 0 0 0 0 0 116 238 41 16 291 47 19 0 0 0 0 0 0 0 0 0 0 0 0 18 32 384 338 624 698 0 0 0 0 0 0 0 0 0 0 0 0 0 0 0 687 1211 821 623 327 179 279 0 0 0 0 0 0 0 0 0 0 0 0 62 312 1381 1339 1319 1294 438 0 0 0 0 0 0 0 0 0 0 0 0 0 71 1219 965 1566 1197 1104 65 19 0 0 0 0 0 0 0 0 0 0 0 0 290 1002 1416 1680 1330 1494 910 0 0 0 0 0 0 0 0 0 0 0 0 0 32 1377 1540 1332 1459 1288 697 1 0 0 0 0 0 0 0 0 0 0 0 0 404 953 1684 1485 1276 1302 785 0 0 0 0 0 0 0 0 0 0 0 0 0 57 527 983 1388 1495 1407 1559 205 0 0 0 0 0 0 0 0 0 0 0 0 631 1058 1368 1129 893 722 48 0 0 0 0 0 0 0 0 0 0 0 0 0 0 3 479 558 833 1316 1247 869 0 0 0 0 0 0 0 0 0 0 0 0 622 991 762 545 59 28 0 0 0 0 0 0 0 0 0 0 0 0 0 0 0 0 3 92 869 1092 1325 901 0 0 0 0 0 0 0 0 0 0 0 0 99 315 547 156 5 0 16 0 0 0 0 0 0 0 0 0 0 0 0 0 0 0 0 24 398 681 871 413 0 0 0 0 0 0 0 0 0 0 0 0 0 74 74 72 22 32 0 0 0 0 0 0 0 0 0 0 0 0 0 0 0 0 0 0 267 450 593 0 0 0 0 0 0 0 0 0 0 0 0 0 0 1 77 55 40 0 0 0 0 0 0 0 0 0 0 0 0 0 0 0 0 0 0 0 81 459 283 0 0 0 0 0 0 0 0 0 0 0 0 0 0 0 0 73 68 0 0 0 0 0 0 0 0 0 0 0 0 0 0 0 0 0 0 0 74 158 0 0 0 0 0 0 0 0 0 0 0 0 0 0 0 0 105 56 8 0 0 0 0 0 0 0 0 0 0 0 0 0 0 0 0 0 0 0 36 22 0 0 0 0 0 0 0 0 0 0 0 0 0 0 0 0 0 4 0 0 0 0 0 0 0 0 0 0 0 0 0 0 0 0 0 0 30 32 30 0 0 0 0 0 0 0 0 0 0 0 0 0 0 0 0 0 0 0 0 58 148 24 0 0 0 0 0 0 0 0 0 0 0 0 0 167 361 178 0 0 0 0 0 0 0 0 0 0 0 0 0 0 0 0 0 0 0 0 0 220 1009 728 14 0 0 0 0 0 0 0 0 0 0 0 164 1199 1141 481 0 0 0 0 0 0 0 0 0 0 0 0 0 0 0 0 0 0 0 0 0 586 1616 2024 736 0 0 0 0 0 0 0 0 0 0 0 970 1442 1661 733 0 0 0 0 0 0 0 0 0 0 0 0 0 0 0 0 0 0 0 0 0 578 1903 1896 2008 372 0 0 0 0 0 0 0 0 0 26 1723 1773 1390 1017 0 0 0 0 0 0 0 0 0 0 0 0 0 0 0 0 0 0 0 0 0 479 1933 2614 2370 1165 0 0 0 0 0 0 0 0 0 0 1640 1592 1447 1065 0 0 0 0 0 0 0 0 0 0 0 0 0 0 0 0 0 0 0 0 0 164 1827 2608 2343 1294 0 0 0 0 0 0 0 0 0 0 584 1324 1223 309 0 0 0 0 0 0 0 0 0 0 0 0 0 0 0 0 0 0 0 0 0 0 622 1968 1794 46 0 0 0 0 0 0 0 0 0 0 0 170 138 0 0 0 0 0 0 0 0 0 0 0 0 0 0 0 0 0 0 0 0 0 0 0 0 0 48 0 0 0 0 0 0 0 0 0 0 0 0 0 0 0 0 0 0 0 0 0 0 0 0 0 0 0 0 0 0 0 0 0 0 0 0 0 0 0 0 0 0 0 0 0 0 0 0 0 0 0 0 0 0 0 0 0 0 0 0 0 0 0 0 0 0 0 0 0 0 0 0 0 0 0 0 0 0 0 0 0 0 0 0 0 0 0 0 0 0 0 0 0 0 0 0 0 0 0 0 0 0 0 0 0 0 0 0 0 0 0 0 0 0 0 0 0 0 0 0 0 0 0 0 0 0 0 0 0 0 0 0 0 0 0 0 0 0 0 0 0 0 0 0 0 0 0 0 0 0 0 0 0 0 0 0 0 0 0 0 0 0 0 0 0 0 0 0 0 0 0 0 0 0 0 0 0 0 0 0 0 0 0 0 0 0 0 0 0 0 0 0 0 0 0 0 0 0 0 0 0 0 0 0 0 0 0 0 0 0 0 0 0 0 0 0 0 0 0 0 0 0 0 0 0 0 0 0 0 0 0 0 0 0 0 0 0 0 0 0 0 0 0 0 0 0 0 0 0 0 0 0 0 0 0 0 0 0 0 0 0 0 0 0 0 0 0 0 0 0 0 0 0 0 0 0 0 0 0 0 0 0 0 0 0 0 0 0 0 0 0 0 0 0 0 0 0 0 0 0 0 0 0 0 
[12:55:37:953] 0 0 0 0 0 0 0 0 0 0 0 0 0 0 0 0 0 0 0 0 0 0 0 0 0 0 0 0 0 0 0 0 0 0 0 0 0 0 0 0 0 0 0 0 0 0 0 0 0 0 0 0 0 0 0 0 0 0 0 0 0 0 0 0 0 0 0 0 0 0 0 0 0 0 0 0 0 0 0 0 0 0 0 0 0 0 0 0 0 0 0 0 0 0 0 0 0 0 0 0 0 0 0 0 0 0 0 0 0 0 0 0 0 0 0 0 0 0 0 0 0 0 0 0 0 0 0 0 0 0 0 0 0 0 0 0 0 0 0 0 0 0 0 0 0 0 0 0 0 0 0 0 0 0 0 0 0 0 0 0 0 0 0 0 0 0 0 0 0 0 0 0 0 0 0 0 0 0 0 0 0 0 0 0 0 0 0 0 0 0 0 0 0 0 0 0 0 0 0 0 0 0 0 0 0 0 0 0 0 0 0 0 0 0 0 0 0 0 0 0 0 0 0 0 0 0 0 0 0 0 0 0 0 0 0 0 0 0 0 0 0 0 0 0 0 0 0 0 0 0 0 0 0 0 0 0 0 0 0 0 0 0 0 0 0 0 0 0 0 0 0 0 0 0 0 0 0 0 0 0 0 0 0 0 0 0 0 0 0 0 0 0 0 0 0 0 0 0 0 0 0 0 0 0 0 0 0 0 0 0 0 0 0 0 0 0 0 0 0 0 0 0 0 0 0 0 0 0 0 0 0 0 0 0 0 0 0 0 0 0 0 0 0 0 0 0 0 0 0 0 0 0 0 0 0 0 0 0 0 0 0 0 0 0 0 0 0 0 0 0 0 0 0 0 0 0 0 0 0 0 0 0 0 0 0 0 0 0 0 70 0 0 0 0 0 0 0 0 0 0 0 0 0 0 0 0 0 0 32 2 664 1067 0 0 0 0 0 0 0 0 0 0 0 0 0 0 0 0 515 939 248 238 25 0 0 0 0 0 0 0 0 0 0 0 0 0 0 60 260 0 606 1633 406 0 0 0 0 0 0 0 0 0 0 0 0 0 0 0 995 1209 198 507 212 0 0 0 0 0 0 0 0 0 0 0 0 0 0 118 52 21 97 355 186 0 0 0 0 0 0 0 0 0 0 0 0 0 0 0 116 238 41 16 291 47 19 0 0 0 0 0 0 0 0 0 0 0 0 18 32 384 338 624 698 0 0 0 0 0 0 0 0 0 0 0 0 0 0 0 687 1211 821 623 327 179 279 0 0 0 0 0 0 0 0 0 0 0 0 62 312 1381 1339 1319 1294 438 0 0 0 0 0 0 0 0 0 0 0 0 0 71 1219 965 1566 1197 1104 65 19 0 0 0 0 0 0 0 0 0 0 0 0 290 1002 1416 1680 1330 1494 910 0 0 0 0 0 0 0 0 0 0 0 0 0 32 1377 1540 1332 1459 1288 697 1 0 0 0 0 0 0 0 0 0 0 0 0 404 953 1684 1485 1276 1302 785 0 0 0 0 0 0 0 0 0 0 0 0 0 57 527 983 1388 1495 1407 1559 205 0 0 0 0 0 0 0 0 0 0 0 0 631 1058 1368 1129 893 722 48 0 0 0 0 0 0 0 0 0 0 0 0 0 0 3 479 558 833 1316 1247 869 0 0 0 0 0 0 0 0 0 0 0 0 622 991 762 545 59 28 0 0 0 0 0 0 0 0 0 0 0 0 0 0 0 0 3 92 869 1092 1325 901 0 0 0 0 0 0 0 0 0 0 0 0 99 315 547 156 5 0 16 0 0 0 0 0 0 0 0 0 0 0 0 0 0 0 0 24 398 681 871 413 0 0 0 0 0 0 0 0 0 0 0 0 0 74 74 72 22 32 0 0 0 0 0 0 0 0 0 0 0 0 0 0 0 0 0 0 267 450 593 0 0 0 0 0 0 0 0 0 0 0 0 0 0 1 77 55 40 0 0 0 0 0 0 0 0 0 0 0 0 0 0 0 0 0 0 0 81 459 283 0 0 0 0 0 0 0 0 0 0 0 0 0 0 0 0 73 68 0 0 0 0 0 0 0 0 0 0 0 0 0 0 0 0 0 0 0 74 158 0 0 0 0 0 0 0 0 0 0 0 0 0 0 0 0 105 56 8 0 0 0 0 0 0 0 0 0 0 0 0 0 0 0 0 0 0 0 36 22 0 0 0 0 0 0 0 0 0 0 0 0 0 0 0 0 0 4 0 0 0 0 0 0 0 0 0 0 0 0 0 0 0 0 0 0 30 32 30 0 0 0 0 0 0 0 0 0 0 0 0 0 0 0 0 0 0 0 0 58 148 24 0 0 0 0 0 0 0 0 0 0 0 0 0 167 361 178 0 0 0 0 0 0 0 0 0 0 0 0 0 0 0 0 0 0 0 0 0 220 1009 728 14 0 0 0 0 0 0 0 0 0 0 0 164 1199 1141 481 0 0 0 0 0 0 0 0 0 0 0 0 0 0 0 0 0 0 0 0 0 586 1616 2024 736 0 0 0 0 0 0 0 0 0 0 0 970 1442 1661 733 0 0 0 0 0 0 0 0 0 0 0 0 0 0 0 0 0 0 0 0 0 578 1903 1896 2008 372 0 0 0 0 0 0 0 0 0 26 1723 1773 1390 1017 0 0 0 0 0 0 0 0 0 0 0 0 0 0 0 0 0 0 0 0 0 479 1933 2614 2370 1165 0 0 0 0 0 0 0 0 0 0 1640 1592 1447 1065 0 0 0 0 0 0 0 0 0 0 0 0 0 0 0 0 0 0 0 0 0 164 1827 2608 2343 1294 0 0 0 0 0 0 0 0 0 0 584 1324 1223 309 0 0 0 0 0 0 0 0 0 0 0 0 0 0 0 0 0 0 0 0 0 0 622 1968 1794 46 0 0 0 0 0 0 0 0 0 0 0 170 138 0 0 0 0 0 0 0 0 0 0 0 0 0 0 0 0 0 0 0 0 0 0 0 0 0 48 0 0 0 0 0 0 0 0 0 0 0 0 0 0 0 0 0 0 0 0 0 0 0 0 0 0 0 0 0 0 0 0 0 0 0 0 0 0 0 0 0 0 0 0 0 0 0 0 0 0 0 0 0 0 0 0 0 0 0 0 0 0 0 0 0 0 0 0 0 0 0 0 0 0 0 0 0 0 0 0 0 0 0 0 0 0 0 0 0 0 0 0 0 0 0 0 0 0 0 0 0 0 0 0 0 0 0 0 0 0 0 0 0 0 0 0 0 0 0 0 0 0 0 0 0 0 0 0 0 0 0 0 0 0 0 0 0 0 0 0 0 0 0 0 0 0 0 0 0 0 0 0 0 0 0 0 0 0 0 0 0 0 0 0 0 0 0 0 0 0 0 0 0 0 0 0 0 0 0 0 0 0 0 0 0 0 0 0 0 0 0 0 0 0 0 0 0 0 0 0 0 0 0 0 0 0 0 0 0 0 0 0 0 0 0 0 0 0 0 0 0 0 0 0 0 0 0 0 0 0 0 0 0 0 0 0 0 0 0 0 0 0 0 0 0 0 0 0 0 0 0 0 0 0 0 0 0 0 0 0 0 0 0 0 0 0 0 0 0 0 0 0 0 0 0 0 0 0 0 0 0 0 0 0 0 0 0 0 0 0 0 0 0 0 0 0 0 0 0 0 0 0 0 0 
[12:55:38:079] 0 0 0 0 0 0 0 0 0 0 0 0 0 0 0 0 0 0 0 0 0 0 0 0 0 0 0 0 0 0 0 0 0 0 0 0 0 0 0 0 0 0 0 0 0 0 0 0 0 0 0 0 0 0 0 0 0 0 0 0 0 0 0 0 0 0 0 0 0 0 0 0 0 0 0 0 0 0 0 0 0 0 0 0 0 0 0 0 0 0 0 0 0 0 0 0 0 0 0 0 0 0 0 0 0 0 0 0 0 0 0 0 0 0 0 0 0 0 0 0 0 0 0 0 0 0 0 0 0 0 0 0 0 0 0 0 0 0 0 0 0 0 0 0 0 0 0 0 0 0 0 0 0 0 0 0 0 0 0 0 0 0 0 0 0 0 0 0 0 0 0 0 0 0 0 0 0 0 0 0 0 0 0 0 0 0 0 0 0 0 0 0 0 0 0 0 0 0 0 0 0 0 0 0 0 0 0 0 0 0 0 0 0 0 0 0 0 0 0 0 0 0 0 0 0 0 0 0 0 0 0 0 0 0 0 0 0 0 0 0 0 0 0 0 0 0 0 0 0 0 0 0 0 0 0 0 0 0 0 0 0 0 0 0 0 0 0 0 0 0 0 0 0 0 0 0 0 0 0 0 0 0 0 0 0 0 0 0 0 0 0 0 0 0 0 0 0 0 0 0 0 0 0 0 0 0 0 0 0 0 0 0 0 0 0 0 0 0 0 0 0 0 0 0 0 0 0 0 0 0 0 0 0 0 0 0 0 0 0 0 0 0 0 0 0 0 0 0 0 0 0 0 0 0 0 0 0 0 0 0 0 0 0 0 0 0 0 0 0 0 0 0 0 0 0 0 0 0 0 0 0 0 0 0 0 0 0 0 0 70 0 0 0 0 0 0 0 0 0 0 0 0 0 0 0 0 0 0 32 2 664 1067 0 0 0 0 0 0 0 0 0 0 0 0 0 0 0 0 515 939 248 238 25 0 0 0 0 0 0 0 0 0 0 0 0 0 0 60 260 0 606 1633 406 0 0 0 0 0 0 0 0 0 0 0 0 0 0 0 995 1209 198 507 212 0 0 0 0 0 0 0 0 0 0 0 0 0 0 118 52 21 97 355 186 0 0 0 0 0 0 0 0 0 0 0 0 0 0 0 116 238 41 16 291 47 19 0 0 0 0 0 0 0 0 0 0 0 0 18 32 384 338 624 698 0 0 0 0 0 0 0 0 0 0 0 0 0 0 0 687 1211 821 623 327 179 279 0 0 0 0 0 0 0 0 0 0 0 0 62 312 1381 1339 1319 1294 438 0 0 0 0 0 0 0 0 0 0 0 0 0 71 1219 965 1566 1197 1104 65 19 0 0 0 0 0 0 0 0 0 0 0 0 290 1002 1416 1680 1330 1494 910 0 0 0 0 0 0 0 0 0 0 0 0 0 32 1377 1540 1332 1459 1288 697 1 0 0 0 0 0 0 0 0 0 0 0 0 404 953 1684 1485 1276 1302 785 0 0 0 0 0 0 0 0 0 0 0 0 0 57 527 983 1388 1495 1407 1559 205 0 0 0 0 0 0 0 0 0 0 0 0 631 1058 1368 1129 893 722 48 0 0 0 0 0 0 0 0 0 0 0 0 0 0 3 479 558 833 1316 1247 869 0 0 0 0 0 0 0 0 0 0 0 0 622 991 762 545 59 28 0 0 0 0 0 0 0 0 0 0 0 0 0 0 0 0 3 92 869 1092 1325 901 0 0 0 0 0 0 0 0 0 0 0 0 99 315 547 156 5 0 16 0 0 0 0 0 0 0 0 0 0 0 0 0 0 0 0 24 398 681 871 413 0 0 0 0 0 0 0 0 0 0 0 0 0 74 74 72 22 32 0 0 0 0 0 0 0 0 0 0 0 0 0 0 0 0 0 0 267 450 593 0 0 0 0 0 0 0 0 0 0 0 0 0 0 1 77 55 40 0 0 0 0 0 0 0 0 0 0 0 0 0 0 0 0 0 0 0 81 459 283 0 0 0 0 0 0 0 0 0 0 0 0 0 0 0 0 73 68 0 0 0 0 0 0 0 0 0 0 0 0 0 0 0 0 0 0 0 74 158 0 0 0 0 0 0 0 0 0 0 0 0 0 0 0 0 105 56 8 0 0 0 0 0 0 0 0 0 0 0 0 0 0 0 0 0 0 0 36 22 0 0 0 0 0 0 0 0 0 0 0 0 0 0 0 0 0 4 0 0 0 0 0 0 0 0 0 0 0 0 0 0 0 0 0 0 30 32 30 0 0 0 0 0 0 0 0 0 0 0 0 0 0 0 0 0 0 0 0 58 148 24 0 0 0 0 0 0 0 0 0 0 0 0 0 167 361 178 0 0 0 0 0 0 0 0 0 0 0 0 0 0 0 0 0 0 0 0 0 220 1009 728 14 0 0 0 0 0 0 0 0 0 0 0 164 1199 1141 481 0 0 0 0 0 0 0 0 0 0 0 0 0 0 0 0 0 0 0 0 0 586 1616 2024 736 0 0 0 0 0 0 0 0 0 0 0 970 1442 1661 733 0 0 0 0 0 0 0 0 0 0 0 0 0 0 0 0 0 0 0 0 0 578 1903 1896 2008 372 0 0 0 0 0 0 0 0 0 26 1723 1773 1390 1017 0 0 0 0 0 0 0 0 0 0 0 0 0 0 0 0 0 0 0 0 0 479 1933 2614 2370 1165 0 0 0 0 0 0 0 0 0 0 1640 1592 1447 1065 0 0 0 0 0 0 0 0 0 0 0 0 0 0 0 0 0 0 0 0 0 164 1827 2608 2343 1294 0 0 0 0 0 0 0 0 0 0 584 1324 1223 309 0 0 0 0 0 0 0 0 0 0 0 0 0 0 0 0 0 0 0 0 0 0 622 1968 1794 46 0 0 0 0 0 0 0 0 0 0 0 170 138 0 0 0 0 0 0 0 0 0 0 0 0 0 0 0 0 0 0 0 0 0 0 0 0 0 48 0 0 0 0 0 0 0 0 0 0 0 0 0 0 0 0 0 0 0 0 0 0 0 0 0 0 0 0 0 0 0 0 0 0 0 0 0 0 0 0 0 0 0 0 0 0 0 0 0 0 0 0 0 0 0 0 0 0 0 0 0 0 0 0 0 0 0 0 0 0 0 0 0 0 0 0 0 0 0 0 0 0 0 0 0 0 0 0 0 0 0 0 0 0 0 0 0 0 0 0 0 0 0 0 0 0 0 0 0 0 0 0 0 0 0 0 0 0 0 0 0 0 0 0 0 0 0 0 0 0 0 0 0 0 0 0 0 0 0 0 0 0 0 0 0 0 0 0 0 0 0 0 0 0 0 0 0 0 0 0 0 0 0 0 0 0 0 0 0 0 0 0 0 0 0 0 0 0 0 0 0 0 0 0 0 0 0 0 0 0 0 0 0 0 0 0 0 0 0 0 0 0 0 0 0 0 0 0 0 0 0 0 0 0 0 0 0 0 0 0 0 0 0 0 0 0 0 0 0 0 0 0 0 0 0 0 0 0 0 0 0 0 0 0 0 0 0 0 0 0 0 0 0 0 0 0 0 0 0 0 0 0 0 0 0 0 0 0 0 0 0 0 0 0 0 0 0 0 0 0 0 0 0 0 0 0 0 0 0 0 0 0 0 0 0 0 0 0 0 0 0 0 0 0 
[12:55:38:205] 0 0 0 0 0 0 0 0 0 0 0 0 0 0 0 0 0 0 0 0 0 0 0 0 0 0 0 0 0 0 0 0 0 0 0 0 0 0 0 0 0 0 0 0 0 0 0 0 0 0 0 0 0 0 0 0 0 0 0 0 0 0 0 0 0 0 0 0 0 0 0 0 0 0 0 0 0 0 0 0 0 0 0 0 0 0 0 0 0 0 0 0 0 0 0 0 0 0 0 0 0 0 0 0 0 0 0 0 0 0 0 0 0 0 0 0 0 0 0 0 0 0 0 0 0 0 0 0 0 0 0 0 0 0 0 0 0 0 0 0 0 0 0 0 0 0 0 0 0 0 0 0 0 0 0 0 0 0 0 0 0 0 0 0 0 0 0 0 0 0 0 0 0 0 0 0 0 0 0 0 0 0 0 0 0 0 0 0 0 0 0 0 0 0 0 0 0 0 0 0 0 0 0 0 0 0 0 0 0 0 0 0 0 0 0 0 0 0 0 0 0 0 0 0 0 0 0 0 0 0 0 0 0 0 0 0 0 0 0 0 0 0 0 0 0 0 0 0 0 0 0 0 0 0 0 0 0 0 0 0 0 0 0 0 0 0 0 0 0 0 0 0 0 0 0 0 0 0 0 0 0 0 0 0 0 0 0 0 0 0 0 0 0 0 0 0 0 0 0 0 0 0 0 0 0 0 0 0 0 0 0 0 0 0 0 0 0 0 0 0 0 0 0 0 0 0 0 0 0 0 0 0 0 0 0 0 0 0 0 0 0 0 0 0 0 0 0 0 0 0 0 0 0 0 0 0 0 0 0 0 0 0 0 0 0 0 0 0 0 0 0 0 0 0 0 0 0 0 0 0 0 0 0 0 0 0 0 0 0 70 0 0 0 0 0 0 0 0 0 0 0 0 0 0 0 0 0 0 32 2 664 1067 0 0 0 0 0 0 0 0 0 0 0 0 0 0 0 0 515 939 248 238 25 0 0 0 0 0 0 0 0 0 0 0 0 0 0 60 260 0 606 1633 406 0 0 0 0 0 0 0 0 0 0 0 0 0 0 0 995 1209 198 507 212 0 0 0 0 0 0 0 0 0 0 0 0 0 0 118 52 21 97 355 186 0 0 0 0 0 0 0 0 0 0 0 0 0 0 0 116 238 41 16 291 47 19 0 0 0 0 0 0 0 0 0 0 0 0 18 32 384 338 624 698 0 0 0 0 0 0 0 0 0 0 0 0 0 0 0 687 1211 821 623 327 179 279 0 0 0 0 0 0 0 0 0 0 0 0 62 312 1381 1339 1319 1294 438 0 0 0 0 0 0 0 0 0 0 0 0 0 71 1219 965 1566 1197 1104 65 19 0 0 0 0 0 0 0 0 0 0 0 0 290 1002 1416 1680 1330 1494 910 0 0 0 0 0 0 0 0 0 0 0 0 0 32 1377 1540 1332 1459 1288 697 1 0 0 0 0 0 0 0 0 0 0 0 0 404 953 1684 1485 1276 1302 785 0 0 0 0 0 0 0 0 0 0 0 0 0 57 527 983 1388 1495 1407 1559 205 0 0 0 0 0 0 0 0 0 0 0 0 631 1058 1368 1129 893 722 48 0 0 0 0 0 0 0 0 0 0 0 0 0 0 3 479 558 833 1316 1247 869 0 0 0 0 0 0 0 0 0 0 0 0 622 991 762 545 59 28 0 0 0 0 0 0 0 0 0 0 0 0 0 0 0 0 3 92 869 1092 1325 901 0 0 0 0 0 0 0 0 0 0 0 0 99 315 547 156 5 0 16 0 0 0 0 0 0 0 0 0 0 0 0 0 0 0 0 24 398 681 871 413 0 0 0 0 0 0 0 0 0 0 0 0 0 74 74 72 22 32 0 0 0 0 0 0 0 0 0 0 0 0 0 0 0 0 0 0 267 450 593 0 0 0 0 0 0 0 0 0 0 0 0 0 0 1 77 55 40 0 0 0 0 0 0 0 0 0 0 0 0 0 0 0 0 0 0 0 81 459 283 0 0 0 0 0 0 0 0 0 0 0 0 0 0 0 0 73 68 0 0 0 0 0 0 0 0 0 0 0 0 0 0 0 0 0 0 0 74 158 0 0 0 0 0 0 0 0 0 0 0 0 0 0 0 0 105 56 8 0 0 0 0 0 0 0 0 0 0 0 0 0 0 0 0 0 0 0 36 22 0 0 0 0 0 0 0 0 0 0 0 0 0 0 0 0 0 4 0 0 0 0 0 0 0 0 0 0 0 0 0 0 0 0 0 0 30 32 30 0 0 0 0 0 0 0 0 0 0 0 0 0 0 0 0 0 0 0 0 58 148 24 0 0 0 0 0 0 0 0 0 0 0 0 0 167 361 178 0 0 0 0 0 0 0 0 0 0 0 0 0 0 0 0 0 0 0 0 0 220 1009 728 14 0 0 0 0 0 0 0 0 0 0 0 164 1199 1141 481 0 0 0 0 0 0 0 0 0 0 0 0 0 0 0 0 0 0 0 0 0 586 1616 2024 736 0 0 0 0 0 0 0 0 0 0 0 970 1442 1661 733 0 0 0 0 0 0 0 0 0 0 0 0 0 0 0 0 0 0 0 0 0 578 1903 1896 2008 372 0 0 0 0 0 0 0 0 0 26 1723 1773 1390 1017 0 0 0 0 0 0 0 0 0 0 0 0 0 0 0 0 0 0 0 0 0 479 1933 2614 2370 1165 0 0 0 0 0 0 0 0 0 0 1640 1592 1447 1065 0 0 0 0 0 0 0 0 0 0 0 0 0 0 0 0 0 0 0 0 0 164 1827 2608 2343 1294 0 0 0 0 0 0 0 0 0 0 584 1324 1223 309 0 0 0 0 0 0 0 0 0 0 0 0 0 0 0 0 0 0 0 0 0 0 622 1968 1794 46 0 0 0 0 0 0 0 0 0 0 0 170 138 0 0 0 0 0 0 0 0 0 0 0 0 0 0 0 0 0 0 0 0 0 0 0 0 0 48 0 0 0 0 0 0 0 0 0 0 0 0 0 0 0 0 0 0 0 0 0 0 0 0 0 0 0 0 0 0 0 0 0 0 0 0 0 0 0 0 0 0 0 0 0 0 0 0 0 0 0 0 0 0 0 0 0 0 0 0 0 0 0 0 0 0 0 0 0 0 0 0 0 0 0 0 0 0 0 0 0 0 0 0 0 0 0 0 0 0 0 0 0 0 0 0 0 0 0 0 0 0 0 0 0 0 0 0 0 0 0 0 0 0 0 0 0 0 0 0 0 0 0 0 0 0 0 0 0 0 0 0 0 0 0 0 0 0 0 0 0 0 0 0 0 0 0 0 0 0 0 0 0 0 0 0 0 0 0 0 0 0 0 0 0 0 0 0 0 0 0 0 0 0 0 0 0 0 0 0 0 0 0 0 0 0 0 0 0 0 0 0 0 0 0 0 0 0 0 0 0 0 0 0 0 0 0 0 0 0 0 0 0 0 0 0 0 0 0 0 0 0 0 0 0 0 0 0 0 0 0 0 0 0 0 0 0 0 0 0 0 0 0 0 0 0 0 0 0 0 0 0 0 0 0 0 0 0 0 0 0 0 0 0 0 0 0 0 0 0 0 0 0 0 0 0 0 0 0 0 0 0 0 0 0 0 0 0 0 0 0 0 0 0 0 0 0 0 0 0 0 0 0 0 
[12:55:38:325] 0 0 0 0 0 0 0 0 0 0 0 0 0 0 0 0 0 0 0 0 0 0 0 0 0 0 0 0 0 0 0 0 0 0 0 0 0 0 0 0 0 0 0 0 0 0 0 0 0 0 0 0 0 0 0 0 0 0 0 0 0 0 0 0 0 0 0 0 0 0 0 0 0 0 0 0 0 0 0 0 0 0 0 0 0 0 0 0 0 0 0 0 0 0 0 0 0 0 0 0 0 0 0 0 0 0 0 0 0 0 0 0 0 0 0 0 0 0 0 0 0 0 0 0 0 0 0 0 0 0 0 0 0 0 0 0 0 0 0 0 0 0 0 0 0 0 0 0 0 0 0 0 0 0 0 0 0 0 0 0 0 0 0 0 0 0 0 0 0 0 0 0 0 0 0 0 0 0 0 0 0 0 0 0 0 0 0 0 0 0 0 0 0 0 0 0 0 0 0 0 0 0 0 0 0 0 0 0 0 0 0 0 0 0 0 0 0 0 0 0 0 0 0 0 0 0 0 0 0 0 0 0 0 0 0 0 0 0 0 0 0 0 0 0 0 0 0 0 0 0 0 0 0 0 0 0 0 0 0 0 0 0 0 0 0 0 0 0 0 0 0 0 0 0 0 0 0 0 0 0 0 0 0 0 0 0 0 0 0 0 0 0 0 0 0 0 0 0 0 0 0 0 0 0 0 0 0 0 0 0 0 0 0 0 0 0 0 0 0 0 0 0 0 0 0 0 0 0 0 0 0 0 0 0 0 0 0 0 0 0 0 0 0 0 0 0 0 0 0 0 0 0 0 0 0 0 0 0 0 0 0 0 0 0 0 0 0 0 0 0 0 0 0 0 0 0 0 0 0 0 0 0 0 0 0 0 0 0 0 70 0 0 0 0 0 0 0 0 0 0 0 0 0 0 0 0 0 0 32 2 664 1067 0 0 0 0 0 0 0 0 0 0 0 0 0 0 0 0 515 939 248 238 25 0 0 0 0 0 0 0 0 0 0 0 0 0 0 60 260 0 606 1633 406 0 0 0 0 0 0 0 0 0 0 0 0 0 0 0 995 1209 198 507 212 0 0 0 0 0 0 0 0 0 0 0 0 0 0 118 52 21 97 355 186 0 0 0 0 0 0 0 0 0 0 0 0 0 0 0 116 238 41 16 291 47 19 0 0 0 0 0 0 0 0 0 0 0 0 18 32 384 338 624 698 0 0 0 0 0 0 0 0 0 0 0 0 0 0 0 687 1211 821 623 327 179 279 0 0 0 0 0 0 0 0 0 0 0 0 62 312 1381 1339 1319 1294 438 0 0 0 0 0 0 0 0 0 0 0 0 0 71 1219 965 1566 1197 1104 65 19 0 0 0 0 0 0 0 0 0 0 0 0 290 1002 1416 1680 1330 1494 910 0 0 0 0 0 0 0 0 0 0 0 0 0 32 1377 1540 1332 1459 1288 697 1 0 0 0 0 0 0 0 0 0 0 0 0 404 953 1684 1485 1276 1302 785 0 0 0 0 0 0 0 0 0 0 0 0 0 57 527 983 1388 1495 1407 1559 205 0 0 0 0 0 0 0 0 0 0 0 0 631 1058 1368 1129 893 722 48 0 0 0 0 0 0 0 0 0 0 0 0 0 0 3 479 558 833 1316 1247 869 0 0 0 0 0 0 0 0 0 0 0 0 622 991 762 545 59 28 0 0 0 0 0 0 0 0 0 0 0 0 0 0 0 0 3 92 869 1092 1325 901 0 0 0 0 0 0 0 0 0 0 0 0 99 315 547 156 5 0 16 0 0 0 0 0 0 0 0 0 0 0 0 0 0 0 0 24 398 681 871 413 0 0 0 0 0 0 0 0 0 0 0 0 0 74 74 72 22 32 0 0 0 0 0 0 0 0 0 0 0 0 0 0 0 0 0 0 267 450 593 0 0 0 0 0 0 0 0 0 0 0 0 0 0 1 77 55 40 0 0 0 0 0 0 0 0 0 0 0 0 0 0 0 0 0 0 0 81 459 283 0 0 0 0 0 0 0 0 0 0 0 0 0 0 0 0 73 68 0 0 0 0 0 0 0 0 0 0 0 0 0 0 0 0 0 0 0 74 158 0 0 0 0 0 0 0 0 0 0 0 0 0 0 0 0 105 56 8 0 0 0 0 0 0 0 0 0 0 0 0 0 0 0 0 0 0 0 36 22 0 0 0 0 0 0 0 0 0 0 0 0 0 0 0 0 0 4 0 0 0 0 0 0 0 0 0 0 0 0 0 0 0 0 0 0 30 32 30 0 0 0 0 0 0 0 0 0 0 0 0 0 0 0 0 0 0 0 0 58 148 24 0 0 0 0 0 0 0 0 0 0 0 0 0 167 361 178 0 0 0 0 0 0 0 0 0 0 0 0 0 0 0 0 0 0 0 0 0 220 1009 728 14 0 0 0 0 0 0 0 0 0 0 0 164 1199 1141 481 0 0 0 0 0 0 0 0 0 0 0 0 0 0 0 0 0 0 0 0 0 586 1616 2024 736 0 0 0 0 0 0 0 0 0 0 0 970 1442 1661 733 0 0 0 0 0 0 0 0 0 0 0 0 0 0 0 0 0 0 0 0 0 578 1903 1896 2008 372 0 0 0 0 0 0 0 0 0 26 1723 1773 1390 1017 0 0 0 0 0 0 0 0 0 0 0 0 0 0 0 0 0 0 0 0 0 479 1933 2614 2370 1165 0 0 0 0 0 0 0 0 0 0 1640 1592 1447 1065 0 0 0 0 0 0 0 0 0 0 0 0 0 0 0 0 0 0 0 0 0 164 1827 2608 2343 1294 0 0 0 0 0 0 0 0 0 0 584 1324 1223 309 0 0 0 0 0 0 0 0 0 0 0 0 0 0 0 0 0 0 0 0 0 0 622 1968 1794 46 0 0 0 0 0 0 0 0 0 0 0 170 138 0 0 0 0 0 0 0 0 0 0 0 0 0 0 0 0 0 0 0 0 0 0 0 0 0 48 0 0 0 0 0 0 0 0 0 0 0 0 0 0 0 0 0 0 0 0 0 0 0 0 0 0 0 0 0 0 0 0 0 0 0 0 0 0 0 0 0 0 0 0 0 0 0 0 0 0 0 0 0 0 0 0 0 0 0 0 0 0 0 0 0 0 0 0 0 0 0 0 0 0 0 0 0 0 0 0 0 0 0 0 0 0 0 0 0 0 0 0 0 0 0 0 0 0 0 0 0 0 0 0 0 0 0 0 0 0 0 0 0 0 0 0 0 0 0 0 0 0 0 0 0 0 0 0 0 0 0 0 0 0 0 0 0 0 0 0 0 0 0 0 0 0 0 0 0 0 0 0 0 0 0 0 0 0 0 0 0 0 0 0 0 0 0 0 0 0 0 0 0 0 0 0 0 0 0 0 0 0 0 0 0 0 0 0 0 0 0 0 0 0 0 0 0 0 0 0 0 0 0 0 0 0 0 0 0 0 0 0 0 0 0 0 0 0 0 0 0 0 0 0 0 0 0 0 0 0 0 0 0 0 0 0 0 0 0 0 0 0 0 0 0 0 0 0 0 0 0 0 0 0 0 0 0 0 0 0 0 0 0 0 0 0 0 0 0 0 0 0 0 0 0 0 0 0 0 0 0 0 0 0 0 0 0 0 0 0 0 0 0 0 0 0 0 0 0 0 0 0 0 0 
[12:55:38:451] 0 0 0 0 0 0 0 0 0 0 0 0 0 0 0 0 0 0 0 0 0 0 0 0 0 0 0 0 0 0 0 0 0 0 0 0 0 0 0 0 0 0 0 0 0 0 0 0 0 0 0 0 0 0 0 0 0 0 0 0 0 0 0 0 0 0 0 0 0 0 0 0 0 0 0 0 0 0 0 0 0 0 0 0 0 0 0 0 0 0 0 0 0 0 0 0 0 0 0 0 0 0 0 0 0 0 0 0 0 0 0 0 0 0 0 0 0 0 0 0 0 0 0 0 0 0 0 0 0 0 0 0 0 0 0 0 0 0 0 0 0 0 0 0 0 0 0 0 0 0 0 0 0 0 0 0 0 0 0 0 0 0 0 0 0 0 0 0 0 0 0 0 0 0 0 0 0 0 0 0 0 0 0 0 0 0 0 0 0 0 0 0 0 0 0 0 0 0 0 0 0 0 0 0 0 0 0 0 0 0 0 0 0 0 0 0 0 0 0 0 0 0 0 0 0 0 0 0 0 0 0 0 0 0 0 0 0 0 0 0 0 0 0 0 0 0 0 0 0 0 0 0 0 0 0 0 0 0 0 0 0 0 0 0 0 0 0 0 0 0 0 0 0 0 0 0 0 0 0 0 0 0 0 0 0 0 0 0 0 0 0 0 0 0 0 0 0 0 0 0 0 0 0 0 0 0 0 0 0 0 0 0 0 0 0 0 0 0 0 0 0 0 0 0 0 0 0 0 0 0 0 0 0 0 0 0 0 0 0 0 0 0 0 0 0 0 0 0 0 0 0 0 0 0 0 0 0 0 0 0 0 0 0 0 0 0 0 0 0 0 0 0 0 0 0 0 0 0 0 0 0 0 0 0 0 0 0 0 0 70 0 0 0 0 0 0 0 0 0 0 0 0 0 0 0 0 0 0 32 2 664 1067 0 0 0 0 0 0 0 0 0 0 0 0 0 0 0 0 515 939 248 238 25 0 0 0 0 0 0 0 0 0 0 0 0 0 0 60 260 0 606 1633 406 0 0 0 0 0 0 0 0 0 0 0 0 0 0 0 995 1209 198 507 212 0 0 0 0 0 0 0 0 0 0 0 0 0 0 118 52 21 97 355 186 0 0 0 0 0 0 0 0 0 0 0 0 0 0 0 116 238 41 16 291 47 19 0 0 0 0 0 0 0 0 0 0 0 0 18 32 384 338 624 698 0 0 0 0 0 0 0 0 0 0 0 0 0 0 0 687 1211 821 623 327 179 279 0 0 0 0 0 0 0 0 0 0 0 0 62 312 1381 1339 1319 1294 438 0 0 0 0 0 0 0 0 0 0 0 0 0 71 1219 965 1566 1197 1104 65 19 0 0 0 0 0 0 0 0 0 0 0 0 290 1002 1416 1680 1330 1494 910 0 0 0 0 0 0 0 0 0 0 0 0 0 32 1377 1540 1332 1459 1288 697 1 0 0 0 0 0 0 0 0 0 0 0 0 404 953 1684 1485 1276 1302 785 0 0 0 0 0 0 0 0 0 0 0 0 0 57 527 983 1388 1495 1407 1559 205 0 0 0 0 0 0 0 0 0 0 0 0 631 1058 1368 1129 893 722 48 0 0 0 0 0 0 0 0 0 0 0 0 0 0 3 479 558 833 1316 1247 869 0 0 0 0 0 0 0 0 0 0 0 0 622 991 762 545 59 28 0 0 0 0 0 0 0 0 0 0 0 0 0 0 0 0 3 92 869 1092 1325 901 0 0 0 0 0 0 0 0 0 0 0 0 99 315 547 156 5 0 16 0 0 0 0 0 0 0 0 0 0 0 0 0 0 0 0 24 398 681 871 413 0 0 0 0 0 0 0 0 0 0 0 0 0 74 74 72 22 32 0 0 0 0 0 0 0 0 0 0 0 0 0 0 0 0 0 0 267 450 593 0 0 0 0 0 0 0 0 0 0 0 0 0 0 1 77 55 40 0 0 0 0 0 0 0 0 0 0 0 0 0 0 0 0 0 0 0 81 459 283 0 0 0 0 0 0 0 0 0 0 0 0 0 0 0 0 73 68 0 0 0 0 0 0 0 0 0 0 0 0 0 0 0 0 0 0 0 74 158 0 0 0 0 0 0 0 0 0 0 0 0 0 0 0 0 105 56 8 0 0 0 0 0 0 0 0 0 0 0 0 0 0 0 0 0 0 0 36 22 0 0 0 0 0 0 0 0 0 0 0 0 0 0 0 0 0 4 0 0 0 0 0 0 0 0 0 0 0 0 0 0 0 0 0 0 30 32 30 0 0 0 0 0 0 0 0 0 0 0 0 0 0 0 0 0 0 0 0 58 148 24 0 0 0 0 0 0 0 0 0 0 0 0 0 167 361 178 0 0 0 0 0 0 0 0 0 0 0 0 0 0 0 0 0 0 0 0 0 220 1009 728 14 0 0 0 0 0 0 0 0 0 0 0 164 1199 1141 481 0 0 0 0 0 0 0 0 0 0 0 0 0 0 0 0 0 0 0 0 0 586 1616 2024 736 0 0 0 0 0 0 0 0 0 0 0 970 1442 1661 733 0 0 0 0 0 0 0 0 0 0 0 0 0 0 0 0 0 0 0 0 0 578 1903 1896 2008 372 0 0 0 0 0 0 0 0 0 26 1723 1773 1390 1017 0 0 0 0 0 0 0 0 0 0 0 0 0 0 0 0 0 0 0 0 0 479 1933 2614 2370 1165 0 0 0 0 0 0 0 0 0 0 1640 1592 1447 1065 0 0 0 0 0 0 0 0 0 0 0 0 0 0 0 0 0 0 0 0 0 164 1827 2608 2343 1294 0 0 0 0 0 0 0 0 0 0 584 1324 1223 309 0 0 0 0 0 0 0 0 0 0 0 0 0 0 0 0 0 0 0 0 0 0 622 1968 1794 46 0 0 0 0 0 0 0 0 0 0 0 170 138 0 0 0 0 0 0 0 0 0 0 0 0 0 0 0 0 0 0 0 0 0 0 0 0 0 48 0 0 0 0 0 0 0 0 0 0 0 0 0 0 0 0 0 0 0 0 0 0 0 0 0 0 0 0 0 0 0 0 0 0 0 0 0 0 0 0 0 0 0 0 0 0 0 0 0 0 0 0 0 0 0 0 0 0 0 0 0 0 0 0 0 0 0 0 0 0 0 0 0 0 0 0 0 0 0 0 0 0 0 0 0 0 0 0 0 0 0 0 0 0 0 0 0 0 0 0 0 0 0 0 0 0 0 0 0 0 0 0 0 0 0 0 0 0 0 0 0 0 0 0 0 0 0 0 0 0 0 0 0 0 0 0 0 0 0 0 0 0 0 0 0 0 0 0 0 0 0 0 0 0 0 0 0 0 0 0 0 0 0 0 0 0 0 0 0 0 0 0 0 0 0 0 0 0 0 0 0 0 0 0 0 0 0 0 0 0 0 0 0 0 0 0 0 0 0 0 0 0 0 0 0 0 0 0 0 0 0 0 0 0 0 0 0 0 0 0 0 0 0 0 0 0 0 0 0 0 0 0 0 0 0 0 0 0 0 0 0 0 0 0 0 0 0 0 0 0 0 0 0 0 0 0 0 0 0 0 0 0 0 0 0 0 0 0 0 0 0 0 0 0 0 0 0 0 0 0 0 0 0 0 0 0 0 0 0 0 0 0 0 0 0 0 0 0 0 0 0 0 0 0 
[12:55:38:577] 0 0 0 0 0 0 0 0 0 0 0 0 0 0 0 0 0 0 0 0 0 0 0 0 0 0 0 0 0 0 0 0 0 0 0 0 0 0 0 0 0 0 0 0 0 0 0 0 0 0 0 0 0 0 0 0 0 0 0 0 0 0 0 0 0 0 0 0 0 0 0 0 0 0 0 0 0 0 0 0 0 0 0 0 0 0 0 0 0 0 0 0 0 0 0 0 0 0 0 0 0 0 0 0 0 0 0 0 0 0 0 0 0 0 0 0 0 0 0 0 0 0 0 0 0 0 0 0 0 0 0 0 0 0 0 0 0 0 0 0 0 0 0 0 0 0 0 0 0 0 0 0 0 0 0 0 0 0 0 0 0 0 0 0 0 0 0 0 0 0 0 0 0 0 0 0 0 0 0 0 0 0 0 0 0 0 0 0 0 0 0 0 0 0 0 0 0 0 0 0 0 0 0 0 0 0 0 0 0 0 0 0 0 0 0 0 0 0 0 0 0 0 0 0 0 0 0 0 0 0 0 0 0 0 0 0 0 0 0 0 0 0 0 0 0 0 0 0 0 0 0 0 0 0 0 0 0 0 0 0 0 0 0 0 0 0 0 0 0 0 0 0 0 0 0 0 0 0 0 0 0 0 0 0 0 0 0 0 0 0 0 0 0 0 0 0 0 0 0 0 0 0 0 0 0 0 0 0 0 0 0 0 0 0 0 0 0 0 0 0 0 0 0 0 0 0 0 0 0 0 0 0 0 0 0 0 0 0 0 0 0 0 0 0 0 0 0 0 0 0 0 0 0 0 0 0 0 0 0 0 0 0 0 0 0 0 0 0 0 0 0 0 0 0 0 0 0 0 0 0 0 0 0 0 0 0 0 0 0 70 0 0 0 0 0 0 0 0 0 0 0 0 0 0 0 0 0 0 32 2 664 1067 0 0 0 0 0 0 0 0 0 0 0 0 0 0 0 0 515 939 248 238 25 0 0 0 0 0 0 0 0 0 0 0 0 0 0 60 260 0 606 1633 406 0 0 0 0 0 0 0 0 0 0 0 0 0 0 0 995 1209 198 507 212 0 0 0 0 0 0 0 0 0 0 0 0 0 0 118 52 21 97 355 186 0 0 0 0 0 0 0 0 0 0 0 0 0 0 0 116 238 41 16 291 47 19 0 0 0 0 0 0 0 0 0 0 0 0 18 32 384 338 624 698 0 0 0 0 0 0 0 0 0 0 0 0 0 0 0 687 1211 821 623 327 179 279 0 0 0 0 0 0 0 0 0 0 0 0 62 312 1381 1339 1319 1294 438 0 0 0 0 0 0 0 0 0 0 0 0 0 71 1219 965 1566 1197 1104 65 19 0 0 0 0 0 0 0 0 0 0 0 0 290 1002 1416 1680 1330 1494 910 0 0 0 0 0 0 0 0 0 0 0 0 0 32 1377 1540 1332 1459 1288 697 1 0 0 0 0 0 0 0 0 0 0 0 0 404 953 1684 1485 1276 1302 785 0 0 0 0 0 0 0 0 0 0 0 0 0 57 527 983 1388 1495 1407 1559 205 0 0 0 0 0 0 0 0 0 0 0 0 631 1058 1368 1129 893 722 48 0 0 0 0 0 0 0 0 0 0 0 0 0 0 3 479 558 833 1316 1247 869 0 0 0 0 0 0 0 0 0 0 0 0 622 991 762 545 59 28 0 0 0 0 0 0 0 0 0 0 0 0 0 0 0 0 3 92 869 1092 1325 901 0 0 0 0 0 0 0 0 0 0 0 0 99 315 547 156 5 0 16 0 0 0 0 0 0 0 0 0 0 0 0 0 0 0 0 24 398 681 871 413 0 0 0 0 0 0 0 0 0 0 0 0 0 74 74 72 22 32 0 0 0 0 0 0 0 0 0 0 0 0 0 0 0 0 0 0 267 450 593 0 0 0 0 0 0 0 0 0 0 0 0 0 0 1 77 55 40 0 0 0 0 0 0 0 0 0 0 0 0 0 0 0 0 0 0 0 81 459 283 0 0 0 0 0 0 0 0 0 0 0 0 0 0 0 0 73 68 0 0 0 0 0 0 0 0 0 0 0 0 0 0 0 0 0 0 0 74 158 0 0 0 0 0 0 0 0 0 0 0 0 0 0 0 0 105 56 8 0 0 0 0 0 0 0 0 0 0 0 0 0 0 0 0 0 0 0 36 22 0 0 0 0 0 0 0 0 0 0 0 0 0 0 0 0 0 4 0 0 0 0 0 0 0 0 0 0 0 0 0 0 0 0 0 0 30 32 30 0 0 0 0 0 0 0 0 0 0 0 0 0 0 0 0 0 0 0 0 58 148 24 0 0 0 0 0 0 0 0 0 0 0 0 0 167 361 178 0 0 0 0 0 0 0 0 0 0 0 0 0 0 0 0 0 0 0 0 0 220 1009 728 14 0 0 0 0 0 0 0 0 0 0 0 164 1199 1141 481 0 0 0 0 0 0 0 0 0 0 0 0 0 0 0 0 0 0 0 0 0 586 1616 2024 736 0 0 0 0 0 0 0 0 0 0 0 970 1442 1661 733 0 0 0 0 0 0 0 0 0 0 0 0 0 0 0 0 0 0 0 0 0 578 1903 1896 2008 372 0 0 0 0 0 0 0 0 0 26 1723 1773 1390 1017 0 0 0 0 0 0 0 0 0 0 0 0 0 0 0 0 0 0 0 0 0 479 1933 2614 2370 1165 0 0 0 0 0 0 0 0 0 0 1640 1592 1447 1065 0 0 0 0 0 0 0 0 0 0 0 0 0 0 0 0 0 0 0 0 0 164 1827 2608 2343 1294 0 0 0 0 0 0 0 0 0 0 584 1324 1223 309 0 0 0 0 0 0 0 0 0 0 0 0 0 0 0 0 0 0 0 0 0 0 622 1968 1794 46 0 0 0 0 0 0 0 0 0 0 0 170 138 0 0 0 0 0 0 0 0 0 0 0 0 0 0 0 0 0 0 0 0 0 0 0 0 0 48 0 0 0 0 0 0 0 0 0 0 0 0 0 0 0 0 0 0 0 0 0 0 0 0 0 0 0 0 0 0 0 0 0 0 0 0 0 0 0 0 0 0 0 0 0 0 0 0 0 0 0 0 0 0 0 0 0 0 0 0 0 0 0 0 0 0 0 0 0 0 0 0 0 0 0 0 0 0 0 0 0 0 0 0 0 0 0 0 0 0 0 0 0 0 0 0 0 0 0 0 0 0 0 0 0 0 0 0 0 0 0 0 0 0 0 0 0 0 0 0 0 0 0 0 0 0 0 0 0 0 0 0 0 0 0 0 0 0 0 0 0 0 0 0 0 0 0 0 0 0 0 0 0 0 0 0 0 0 0 0 0 0 0 0 0 0 0 0 0 0 0 0 0 0 0 0 0 0 0 0 0 0 0 0 0 0 0 0 0 0 0 0 0 0 0 0 0 0 0 0 0 0 0 0 0 0 0 0 0 0 0 0 0 0 0 0 0 0 0 0 0 0 0 0 0 0 0 0 0 0 0 0 0 0 0 0 0 0 0 0 0 0 0 0 0 0 0 0 0 0 0 0 0 0 0 0 0 0 0 0 0 0 0 0 0 0 0 0 0 0 0 0 0 0 0 0 0 0 0 0 0 0 0 0 0 0 0 0 0 0 0 0 0 0 0 0 0 0 0 0 0 0 0 0 
[12:55:38:705] 0 0 0 0 0 0 0 0 0 0 0 0 0 0 0 0 0 0 0 0 0 0 0 0 0 0 0 0 0 0 0 0 0 0 0 0 0 0 0 0 0 0 0 0 0 0 0 0 0 0 0 0 0 0 0 0 0 0 0 0 0 0 0 0 0 0 0 0 0 0 0 0 0 0 0 0 0 0 0 0 0 0 0 0 0 0 0 0 0 0 0 0 0 0 0 0 0 0 0 0 0 0 0 0 0 0 0 0 0 0 0 0 0 0 0 0 0 0 0 0 0 0 0 0 0 0 0 0 0 0 0 0 0 0 0 0 0 0 0 0 0 0 0 0 0 0 0 0 0 0 0 0 0 0 0 0 0 0 0 0 0 0 0 0 0 0 0 0 0 0 0 0 0 0 0 0 0 0 0 0 0 0 0 0 0 0 0 0 0 0 0 0 0 0 0 0 0 0 0 0 0 0 0 0 0 0 0 0 0 0 0 0 0 0 0 0 0 0 0 0 0 0 0 0 0 0 0 0 0 0 0 0 0 0 0 0 0 0 0 0 0 0 0 0 0 0 0 0 0 0 0 0 0 0 0 0 0 0 0 0 0 0 0 0 0 0 0 0 0 0 0 0 0 0 0 0 0 0 0 0 0 0 0 0 0 0 0 0 0 0 0 0 0 0 0 0 0 0 0 0 0 0 0 0 0 0 0 0 0 0 0 0 0 0 0 0 0 0 0 0 0 0 0 0 0 0 0 0 0 0 0 0 0 0 0 0 0 0 0 0 0 0 0 0 0 0 0 0 0 0 0 0 0 0 0 0 0 0 0 0 0 0 0 0 0 0 0 0 0 0 0 0 0 0 0 0 0 0 0 0 0 0 0 0 0 0 0 0 0 70 0 0 0 0 0 0 0 0 0 0 0 0 0 0 0 0 0 0 32 2 664 1067 0 0 0 0 0 0 0 0 0 0 0 0 0 0 0 0 515 939 248 238 25 0 0 0 0 0 0 0 0 0 0 0 0 0 0 60 260 0 606 1633 406 0 0 0 0 0 0 0 0 0 0 0 0 0 0 0 995 1209 198 507 212 0 0 0 0 0 0 0 0 0 0 0 0 0 0 118 52 21 97 355 186 0 0 0 0 0 0 0 0 0 0 0 0 0 0 0 116 238 41 16 291 47 19 0 0 0 0 0 0 0 0 0 0 0 0 18 32 384 338 624 698 0 0 0 0 0 0 0 0 0 0 0 0 0 0 0 687 1211 821 623 327 179 279 0 0 0 0 0 0 0 0 0 0 0 0 62 312 1381 1339 1319 1294 438 0 0 0 0 0 0 0 0 0 0 0 0 0 71 1219 965 1566 1197 1104 65 19 0 0 0 0 0 0 0 0 0 0 0 0 290 1002 1416 1680 1330 1494 910 0 0 0 0 0 0 0 0 0 0 0 0 0 32 1377 1540 1332 1459 1288 697 1 0 0 0 0 0 0 0 0 0 0 0 0 404 953 1684 1485 1276 1302 785 0 0 0 0 0 0 0 0 0 0 0 0 0 57 527 983 1388 1495 1407 1559 205 0 0 0 0 0 0 0 0 0 0 0 0 631 1058 1368 1129 893 722 48 0 0 0 0 0 0 0 0 0 0 0 0 0 0 3 479 558 833 1316 1247 869 0 0 0 0 0 0 0 0 0 0 0 0 622 991 762 545 59 28 0 0 0 0 0 0 0 0 0 0 0 0 0 0 0 0 3 92 869 1092 1325 901 0 0 0 0 0 0 0 0 0 0 0 0 99 315 547 156 5 0 16 0 0 0 0 0 0 0 0 0 0 0 0 0 0 0 0 24 398 681 871 413 0 0 0 0 0 0 0 0 0 0 0 0 0 74 74 72 22 32 0 0 0 0 0 0 0 0 0 0 0 0 0 0 0 0 0 0 267 450 593 0 0 0 0 0 0 0 0 0 0 0 0 0 0 1 77 55 40 0 0 0 0 0 0 0 0 0 0 0 0 0 0 0 0 0 0 0 81 459 283 0 0 0 0 0 0 0 0 0 0 0 0 0 0 0 0 73 68 0 0 0 0 0 0 0 0 0 0 0 0 0 0 0 0 0 0 0 74 158 0 0 0 0 0 0 0 0 0 0 0 0 0 0 0 0 105 56 8 0 0 0 0 0 0 0 0 0 0 0 0 0 0 0 0 0 0 0 36 22 0 0 0 0 0 0 0 0 0 0 0 0 0 0 0 0 0 4 0 0 0 0 0 0 0 0 0 0 0 0 0 0 0 0 0 0 30 32 30 0 0 0 0 0 0 0 0 0 0 0 0 0 0 0 0 0 0 0 0 58 148 24 0 0 0 0 0 0 0 0 0 0 0 0 0 167 361 178 0 0 0 0 0 0 0 0 0 0 0 0 0 0 0 0 0 0 0 0 0 220 1009 728 14 0 0 0 0 0 0 0 0 0 0 0 164 1199 1141 481 0 0 0 0 0 0 0 0 0 0 0 0 0 0 0 0 0 0 0 0 0 586 1616 2024 736 0 0 0 0 0 0 0 0 0 0 0 970 1442 1661 733 0 0 0 0 0 0 0 0 0 0 0 0 0 0 0 0 0 0 0 0 0 578 1903 1896 2008 372 0 0 0 0 0 0 0 0 0 26 1723 1773 1390 1017 0 0 0 0 0 0 0 0 0 0 0 0 0 0 0 0 0 0 0 0 0 479 1933 2614 2370 1165 0 0 0 0 0 0 0 0 0 0 1640 1592 1447 1065 0 0 0 0 0 0 0 0 0 0 0 0 0 0 0 0 0 0 0 0 0 164 1827 2608 2343 1294 0 0 0 0 0 0 0 0 0 0 584 1324 1223 309 0 0 0 0 0 0 0 0 0 0 0 0 0 0 0 0 0 0 0 0 0 0 622 1968 1794 46 0 0 0 0 0 0 0 0 0 0 0 170 138 0 0 0 0 0 0 0 0 0 0 0 0 0 0 0 0 0 0 0 0 0 0 0 0 0 48 0 0 0 0 0 0 0 0 0 0 0 0 0 0 0 0 0 0 0 0 0 0 0 0 0 0 0 0 0 0 0 0 0 0 0 0 0 0 0 0 0 0 0 0 0 0 0 0 0 0 0 0 0 0 0 0 0 0 0 0 0 0 0 0 0 0 0 0 0 0 0 0 0 0 0 0 0 0 0 0 0 0 0 0 0 0 0 0 0 0 0 0 0 0 0 0 0 0 0 0 0 0 0 0 0 0 0 0 0 0 0 0 0 0 0 0 0 0 0 0 0 0 0 0 0 0 0 0 0 0 0 0 0 0 0 0 0 0 0 0 0 0 0 0 0 0 0 0 0 0 0 0 0 0 0 0 0 0 0 0 0 0 0 0 0 0 0 0 0 0 0 0 0 0 0 0 0 0 0 0 0 0 0 0 0 0 0 0 0 0 0 0 0 0 0 0 0 0 0 0 0 0 0 0 0 0 0 0 0 0 0 0 0 0 0 0 0 0 0 0 0 0 0 0 0 0 0 0 0 0 0 0 0 0 0 0 0 0 0 0 0 0 0 0 0 0 0 0 0 0 0 0 0 0 0 0 0 0 0 0 0 0 0 0 0 0 0 0 0 0 0 0 0 0 0 0 0 0 0 0 0 0 0 0 0 0 0 0 0 0 0 0 0 0 0 0 0 0 0 0 0 0 0 0 
[12:55:38:826] 0 0 0 0 0 0 0 0 0 0 0 0 0 0 0 0 0 0 0 0 0 0 0 0 0 0 0 0 0 0 0 0 0 0 0 0 0 0 0 0 0 0 0 0 0 0 0 0 0 0 0 0 0 0 0 0 0 0 0 0 0 0 0 0 0 0 0 0 0 0 0 0 0 0 0 0 0 0 0 0 0 0 0 0 0 0 0 0 0 0 0 0 0 0 0 0 0 0 0 0 0 0 0 0 0 0 0 0 0 0 0 0 0 0 0 0 0 0 0 0 0 0 0 0 0 0 0 0 0 0 0 0 0 0 0 0 0 0 0 0 0 0 0 0 0 0 0 0 0 0 0 0 0 0 0 0 0 0 0 0 0 0 0 0 0 0 0 0 0 0 0 0 0 0 0 0 0 0 0 0 0 0 0 0 0 0 0 0 0 0 0 0 0 0 0 0 0 0 0 0 0 0 0 0 0 0 0 0 0 0 0 0 0 0 0 0 0 0 0 0 0 0 0 0 0 0 0 0 0 0 0 0 0 0 0 0 0 0 0 0 0 0 0 0 0 0 0 0 0 0 0 0 0 0 0 0 0 0 0 0 0 0 0 0 0 0 0 0 0 0 0 0 0 0 0 0 0 0 0 0 0 0 0 0 0 0 0 0 0 0 0 0 0 0 0 0 0 0 0 0 0 0 0 0 0 0 0 0 0 0 0 0 0 0 0 0 0 0 0 0 0 0 0 0 0 0 0 0 0 0 0 0 0 0 0 0 0 0 0 0 0 0 0 0 0 0 0 0 0 0 0 0 0 0 0 0 0 0 0 0 0 0 0 0 0 0 0 0 0 0 0 0 0 0 0 0 0 0 0 0 0 0 0 0 0 0 0 0 0 70 0 0 0 0 0 0 0 0 0 0 0 0 0 0 0 0 0 0 32 2 664 1067 0 0 0 0 0 0 0 0 0 0 0 0 0 0 0 0 515 939 248 238 25 0 0 0 0 0 0 0 0 0 0 0 0 0 0 60 260 0 606 1633 406 0 0 0 0 0 0 0 0 0 0 0 0 0 0 0 995 1209 198 507 212 0 0 0 0 0 0 0 0 0 0 0 0 0 0 118 52 21 97 355 186 0 0 0 0 0 0 0 0 0 0 0 0 0 0 0 116 238 41 16 291 47 19 0 0 0 0 0 0 0 0 0 0 0 0 18 32 384 338 624 698 0 0 0 0 0 0 0 0 0 0 0 0 0 0 0 687 1211 821 623 327 179 279 0 0 0 0 0 0 0 0 0 0 0 0 62 312 1381 1339 1319 1294 438 0 0 0 0 0 0 0 0 0 0 0 0 0 71 1219 965 1566 1197 1104 65 19 0 0 0 0 0 0 0 0 0 0 0 0 290 1002 1416 1680 1330 1494 910 0 0 0 0 0 0 0 0 0 0 0 0 0 32 1377 1540 1332 1459 1288 697 1 0 0 0 0 0 0 0 0 0 0 0 0 404 953 1684 1485 1276 1302 785 0 0 0 0 0 0 0 0 0 0 0 0 0 57 527 983 1388 1495 1407 1559 205 0 0 0 0 0 0 0 0 0 0 0 0 631 1058 1368 1129 893 722 48 0 0 0 0 0 0 0 0 0 0 0 0 0 0 3 479 558 833 1316 1247 869 0 0 0 0 0 0 0 0 0 0 0 0 622 991 762 545 59 28 0 0 0 0 0 0 0 0 0 0 0 0 0 0 0 0 3 92 869 1092 1325 901 0 0 0 0 0 0 0 0 0 0 0 0 99 315 547 156 5 0 16 0 0 0 0 0 0 0 0 0 0 0 0 0 0 0 0 24 398 681 871 413 0 0 0 0 0 0 0 0 0 0 0 0 0 74 74 72 22 32 0 0 0 0 0 0 0 0 0 0 0 0 0 0 0 0 0 0 267 450 593 0 0 0 0 0 0 0 0 0 0 0 0 0 0 1 77 55 40 0 0 0 0 0 0 0 0 0 0 0 0 0 0 0 0 0 0 0 81 459 283 0 0 0 0 0 0 0 0 0 0 0 0 0 0 0 0 73 68 0 0 0 0 0 0 0 0 0 0 0 0 0 0 0 0 0 0 0 74 158 0 0 0 0 0 0 0 0 0 0 0 0 0 0 0 0 105 56 8 0 0 0 0 0 0 0 0 0 0 0 0 0 0 0 0 0 0 0 36 22 0 0 0 0 0 0 0 0 0 0 0 0 0 0 0 0 0 4 0 0 0 0 0 0 0 0 0 0 0 0 0 0 0 0 0 0 30 32 30 0 0 0 0 0 0 0 0 0 0 0 0 0 0 0 0 0 0 0 0 58 148 24 0 0 0 0 0 0 0 0 0 0 0 0 0 167 361 178 0 0 0 0 0 0 0 0 0 0 0 0 0 0 0 0 0 0 0 0 0 220 1009 728 14 0 0 0 0 0 0 0 0 0 0 0 164 1199 1141 481 0 0 0 0 0 0 0 0 0 0 0 0 0 0 0 0 0 0 0 0 0 586 1616 2024 736 0 0 0 0 0 0 0 0 0 0 0 970 1442 1661 733 0 0 0 0 0 0 0 0 0 0 0 0 0 0 0 0 0 0 0 0 0 578 1903 1896 2008 372 0 0 0 0 0 0 0 0 0 26 1723 1773 1390 1017 0 0 0 0 0 0 0 0 0 0 0 0 0 0 0 0 0 0 0 0 0 479 1933 2614 2370 1165 0 0 0 0 0 0 0 0 0 0 1640 1592 1447 1065 0 0 0 0 0 0 0 0 0 0 0 0 0 0 0 0 0 0 0 0 0 164 1827 2608 2343 1294 0 0 0 0 0 0 0 0 0 0 584 1324 1223 309 0 0 0 0 0 0 0 0 0 0 0 0 0 0 0 0 0 0 0 0 0 0 622 1968 1794 46 0 0 0 0 0 0 0 0 0 0 0 170 138 0 0 0 0 0 0 0 0 0 0 0 0 0 0 0 0 0 0 0 0 0 0 0 0 0 48 0 0 0 0 0 0 0 0 0 0 0 0 0 0 0 0 0 0 0 0 0 0 0 0 0 0 0 0 0 0 0 0 0 0 0 0 0 0 0 0 0 0 0 0 0 0 0 0 0 0 0 0 0 0 0 0 0 0 0 0 0 0 0 0 0 0 0 0 0 0 0 0 0 0 0 0 0 0 0 0 0 0 0 0 0 0 0 0 0 0 0 0 0 0 0 0 0 0 0 0 0 0 0 0 0 0 0 0 0 0 0 0 0 0 0 0 0 0 0 0 0 0 0 0 0 0 0 0 0 0 0 0 0 0 0 0 0 0 0 0 0 0 0 0 0 0 0 0 0 0 0 0 0 0 0 0 0 0 0 0 0 0 0 0 0 0 0 0 0 0 0 0 0 0 0 0 0 0 0 0 0 0 0 0 0 0 0 0 0 0 0 0 0 0 0 0 0 0 0 0 0 0 0 0 0 0 0 0 0 0 0 0 0 0 0 0 0 0 0 0 0 0 0 0 0 0 0 0 0 0 0 0 0 0 0 0 0 0 0 0 0 0 0 0 0 0 0 0 0 0 0 0 0 0 0 0 0 0 0 0 0 0 0 0 0 0 0 0 0 0 0 0 0 0 0 0 0 0 0 0 0 0 0 0 0 0 0 0 0 0 0 0 0 0 0 0 0 0 0 0 0 0 0 0 
[12:55:38:952] 0 0 0 0 0 0 0 0 0 0 0 0 0 0 0 0 0 0 0 0 0 0 0 0 0 0 0 0 0 0 0 0 0 0 0 0 0 0 0 0 0 0 0 0 0 0 0 0 0 0 0 0 0 0 0 0 0 0 0 0 0 0 0 0 0 0 0 0 0 0 0 0 0 0 0 0 0 0 0 0 0 0 0 0 0 0 0 0 0 0 0 0 0 0 0 0 0 0 0 0 0 0 0 0 0 0 0 0 0 0 0 0 0 0 0 0 0 0 0 0 0 0 0 0 0 0 0 0 0 0 0 0 0 0 0 0 0 0 0 0 0 0 0 0 0 0 0 0 0 0 0 0 0 0 0 0 0 0 0 0 0 0 0 0 0 0 0 0 0 0 0 0 0 0 0 0 0 0 0 0 0 0 0 0 0 0 0 0 0 0 0 0 0 0 0 0 0 0 0 0 0 0 0 0 0 0 0 0 0 0 0 0 0 0 0 0 0 0 0 0 0 0 0 0 0 0 0 0 0 0 0 0 0 0 0 0 0 0 0 0 0 0 0 0 0 0 0 0 0 0 0 0 0 0 0 0 0 0 0 0 0 0 0 0 0 0 0 0 0 0 0 0 0 0 0 0 0 0 0 0 0 0 0 0 0 0 0 0 0 0 0 0 0 0 0 0 0 0 0 0 0 0 0 0 0 0 0 0 0 0 0 0 0 0 0 0 0 0 0 0 0 0 0 0 0 0 0 0 0 0 0 0 0 0 0 0 0 0 0 0 0 0 0 0 0 0 0 0 0 0 0 0 0 0 0 0 0 0 0 0 0 0 0 0 0 0 0 0 0 0 0 0 0 0 0 0 0 0 0 0 0 0 0 0 0 0 0 0 0 70 0 0 0 0 0 0 0 0 0 0 0 0 0 0 0 0 0 0 32 2 664 1067 0 0 0 0 0 0 0 0 0 0 0 0 0 0 0 0 515 939 248 238 25 0 0 0 0 0 0 0 0 0 0 0 0 0 0 60 260 0 606 1633 406 0 0 0 0 0 0 0 0 0 0 0 0 0 0 0 995 1209 198 507 212 0 0 0 0 0 0 0 0 0 0 0 0 0 0 118 52 21 97 355 186 0 0 0 0 0 0 0 0 0 0 0 0 0 0 0 116 238 41 16 291 47 19 0 0 0 0 0 0 0 0 0 0 0 0 18 32 384 338 624 698 0 0 0 0 0 0 0 0 0 0 0 0 0 0 0 687 1211 821 623 327 179 279 0 0 0 0 0 0 0 0 0 0 0 0 62 312 1381 1339 1319 1294 438 0 0 0 0 0 0 0 0 0 0 0 0 0 71 1219 965 1566 1197 1104 65 19 0 0 0 0 0 0 0 0 0 0 0 0 290 1002 1416 1680 1330 1494 910 0 0 0 0 0 0 0 0 0 0 0 0 0 32 1377 1540 1332 1459 1288 697 1 0 0 0 0 0 0 0 0 0 0 0 0 404 953 1684 1485 1276 1302 785 0 0 0 0 0 0 0 0 0 0 0 0 0 57 527 983 1388 1495 1407 1559 205 0 0 0 0 0 0 0 0 0 0 0 0 631 1058 1368 1129 893 722 48 0 0 0 0 0 0 0 0 0 0 0 0 0 0 3 479 558 833 1316 1247 869 0 0 0 0 0 0 0 0 0 0 0 0 622 991 762 545 59 28 0 0 0 0 0 0 0 0 0 0 0 0 0 0 0 0 3 92 869 1092 1325 901 0 0 0 0 0 0 0 0 0 0 0 0 99 315 547 156 5 0 16 0 0 0 0 0 0 0 0 0 0 0 0 0 0 0 0 24 398 681 871 413 0 0 0 0 0 0 0 0 0 0 0 0 0 74 74 72 22 32 0 0 0 0 0 0 0 0 0 0 0 0 0 0 0 0 0 0 267 450 593 0 0 0 0 0 0 0 0 0 0 0 0 0 0 1 77 55 40 0 0 0 0 0 0 0 0 0 0 0 0 0 0 0 0 0 0 0 81 459 283 0 0 0 0 0 0 0 0 0 0 0 0 0 0 0 0 73 68 0 0 0 0 0 0 0 0 0 0 0 0 0 0 0 0 0 0 0 74 158 0 0 0 0 0 0 0 0 0 0 0 0 0 0 0 0 105 56 8 0 0 0 0 0 0 0 0 0 0 0 0 0 0 0 0 0 0 0 36 22 0 0 0 0 0 0 0 0 0 0 0 0 0 0 0 0 0 4 0 0 0 0 0 0 0 0 0 0 0 0 0 0 0 0 0 0 30 32 30 0 0 0 0 0 0 0 0 0 0 0 0 0 0 0 0 0 0 0 0 58 148 24 0 0 0 0 0 0 0 0 0 0 0 0 0 167 361 178 0 0 0 0 0 0 0 0 0 0 0 0 0 0 0 0 0 0 0 0 0 220 1009 728 14 0 0 0 0 0 0 0 0 0 0 0 164 1199 1141 481 0 0 0 0 0 0 0 0 0 0 0 0 0 0 0 0 0 0 0 0 0 586 1616 2024 736 0 0 0 0 0 0 0 0 0 0 0 970 1442 1661 733 0 0 0 0 0 0 0 0 0 0 0 0 0 0 0 0 0 0 0 0 0 578 1903 1896 2008 372 0 0 0 0 0 0 0 0 0 26 1723 1773 1390 1017 0 0 0 0 0 0 0 0 0 0 0 0 0 0 0 0 0 0 0 0 0 479 1933 2614 2370 1165 0 0 0 0 0 0 0 0 0 0 1640 1592 1447 1065 0 0 0 0 0 0 0 0 0 0 0 0 0 0 0 0 0 0 0 0 0 164 1827 2608 2343 1294 0 0 0 0 0 0 0 0 0 0 584 1324 1223 309 0 0 0 0 0 0 0 0 0 0 0 0 0 0 0 0 0 0 0 0 0 0 622 1968 1794 46 0 0 0 0 0 0 0 0 0 0 0 170 138 0 0 0 0 0 0 0 0 0 0 0 0 0 0 0 0 0 0 0 0 0 0 0 0 0 48 0 0 0 0 0 0 0 0 0 0 0 0 0 0 0 0 0 0 0 0 0 0 0 0 0 0 0 0 0 0 0 0 0 0 0 0 0 0 0 0 0 0 0 0 0 0 0 0 0 0 0 0 0 0 0 0 0 0 0 0 0 0 0 0 0 0 0 0 0 0 0 0 0 0 0 0 0 0 0 0 0 0 0 0 0 0 0 0 0 0 0 0 0 0 0 0 0 0 0 0 0 0 0 0 0 0 0 0 0 0 0 0 0 0 0 0 0 0 0 0 0 0 0 0 0 0 0 0 0 0 0 0 0 0 0 0 0 0 0 0 0 0 0 0 0 0 0 0 0 0 0 0 0 0 0 0 0 0 0 0 0 0 0 0 0 0 0 0 0 0 0 0 0 0 0 0 0 0 0 0 0 0 0 0 0 0 0 0 0 0 0 0 0 0 0 0 0 0 0 0 0 0 0 0 0 0 0 0 0 0 0 0 0 0 0 0 0 0 0 0 0 0 0 0 0 0 0 0 0 0 0 0 0 0 0 0 0 0 0 0 0 0 0 0 0 0 0 0 0 0 0 0 0 0 0 0 0 0 0 0 0 0 0 0 0 0 0 0 0 0 0 0 0 0 0 0 0 0 0 0 0 0 0 0 0 0 0 0 0 0 0 0 0 0 0 0 0 0 0 0 0 0 0 0 
